provider,date,service,region,usageType,cost,currency,accountId
aws,2026-02-01,Redshift,us-east-1,NodeUsage:ra3.xlplus,1353.15,USD,554433221100
aws,2026-02-01,S3,us-east-1,Requests-Tier1,0.46,USD,887766554433
aws,2026-02-01,OpenSearch,eu-central-1,DomainUsage:or1.medium,236.02,USD,998877665544
aws,2026-02-01,S3,eu-west-1,DeepArchiveStorage,55.04,USD,554433221100
aws,2026-02-01,EKS,eu-west-1,EKS-Cluster-Hours,256.12,USD,998877665544
aws,2026-02-01,S3,us-west-2,DeepArchiveStorage,64.88,USD,887766554433
aws,2026-02-01,EKS,eu-west-1,Fargate-vCPU-Hours,766.9,USD,887766554433
aws,2026-02-01,S3,eu-west-1,TimedStorage-ByteHrs,138.36,USD,887766554433
aws,2026-02-01,ECS,us-east-1,Fargate-vCPU-Hours,56.28,USD,998877665544
aws,2026-02-01,EKS,eu-central-1,EKS-Cluster-Hours,516.7,USD,554433221100
aws,2026-02-02,EC2,us-east-1,BoxUsage:r6g.xlarge,659.44,USD,998877665544
aws,2026-02-02,Lambda,us-west-2,Lambda-GB-Second,105.3,USD,554433221100
aws,2026-02-02,S3,eu-west-1,Requests-Tier1,11.55,USD,554433221100
aws,2026-02-02,ElastiCache,ap-south-1,NodeUsage:cache.r6g.large,775.77,USD,554433221100
aws,2026-02-02,Kinesis,us-west-2,PUT-Payload-Units,110.48,USD,887766554433
aws,2026-02-02,DynamoDB,ap-southeast-1,TimedStorage-ByteHrs,86.7,USD,887766554433
aws,2026-02-02,Lambda,us-east-1,ProvisionedConcurrency,89.41,USD,554433221100
aws,2026-02-02,ECS,eu-west-1,Fargate-vCPU-Hours,31.67,USD,887766554433
aws,2026-02-02,S3,us-east-1,TimedStorage-ByteHrs,55.99,USD,887766554433
aws,2026-02-02,S3,ap-southeast-1,DeepArchiveStorage,50.91,USD,887766554433
aws,2026-02-03,EC2,eu-west-1,BoxUsage:c6i.2xlarge,361.72,USD,998877665544
aws,2026-02-03,RDS,us-east-1,RDS:PIOPS-Storage,309.73,USD,554433221100
aws,2026-02-03,Redshift,us-east-1,Storage-ByteHrs,753.11,USD,887766554433
aws,2026-02-03,DynamoDB,us-west-2,ReadCapacityUnits,40.74,USD,887766554433
aws,2026-02-03,EC2,eu-west-1,DataTransfer-Out-Bytes,751.16,USD,887766554433
aws,2026-02-03,OpenSearch,us-west-2,Storage-GP3-ByteHrs,1418.22,USD,554433221100
aws,2026-02-03,Lambda,ap-south-1,RequestCount,69.46,USD,887766554433
aws,2026-02-03,Lambda,us-east-1,ProvisionedConcurrency,5.16,USD,887766554433
aws,2026-02-03,S3,ap-south-1,DataTransfer-Out-Bytes,53.04,USD,554433221100
aws,2026-02-03,CloudFront,us-east-1,Requests-HTTPS-Proxy,6.66,USD,554433221100
aws,2026-02-03,EC2,ap-southeast-1,BoxUsage:c6i.2xlarge,79.43,USD,998877665544
aws,2026-02-03,Redshift,ap-southeast-1,NodeUsage:ra3.xlplus,1154.45,USD,887766554433
aws,2026-02-04,ECS,eu-central-1,Fargate-vCPU-Hours,94.55,USD,554433221100
aws,2026-02-04,CloudFront,eu-west-1,DataTransfer-Out-Bytes,118.06,USD,554433221100
aws,2026-02-04,RDS,us-east-1,InstanceUsage:db.m6g.xlarge,1177.15,USD,998877665544
aws,2026-02-04,S3,ap-southeast-1,Requests-Tier1,47.31,USD,998877665544
aws,2026-02-04,DynamoDB,us-west-2,ReadCapacityUnits,109.15,USD,998877665544
aws,2026-02-04,EKS,us-east-1,EKS-Cluster-Hours,760.24,USD,887766554433
aws,2026-02-04,DynamoDB,us-east-1,TimedStorage-ByteHrs,105.81,USD,554433221100
aws,2026-02-04,S3,us-west-2,DeepArchiveStorage,4.99,USD,998877665544
aws,2026-02-04,RDS,eu-central-1,InstanceUsage:db.m6g.xlarge,193.57,USD,554433221100
aws,2026-02-04,ElastiCache,eu-central-1,NodeUsage:cache.m6g.large,371.77,USD,998877665544
aws,2026-02-04,DynamoDB,ap-south-1,ReadCapacityUnits,80.57,USD,998877665544
aws,2026-02-04,S3,us-east-1,DataTransfer-Out-Bytes,35.1,USD,554433221100
aws,2026-02-04,S3,sa-east-1,Requests-Tier1,23.39,USD,554433221100
aws,2026-02-04,CloudFront,eu-central-1,Invalidations,53.03,USD,998877665544
aws,2026-02-04,EKS,eu-west-1,EKS-Cluster-Hours,670.24,USD,998877665544
aws,2026-02-05,CloudFront,eu-west-1,DataTransfer-Out-Bytes,63.28,USD,998877665544
aws,2026-02-05,DynamoDB,eu-central-1,WriteCapacityUnits,96.11,USD,998877665544
aws,2026-02-05,Lambda,us-west-2,Lambda-GB-Second,77.09,USD,998877665544
aws,2026-02-05,CloudFront,us-east-1,Invalidations,59.04,USD,998877665544
aws,2026-02-05,ECS,eu-west-1,Fargate-GB-Hours,136.11,USD,887766554433
aws,2026-02-05,ElastiCache,sa-east-1,NodeUsage:cache.m6g.large,201.98,USD,887766554433
aws,2026-02-05,OpenSearch,us-east-1,DomainUsage:or1.medium,432.09,USD,998877665544
aws,2026-02-05,Kinesis,us-west-2,ShardHour,118.72,USD,887766554433
aws,2026-02-06,S3,ap-south-1,DeepArchiveStorage,125.27,USD,998877665544
aws,2026-02-06,EKS,eu-west-1,EKS-Cluster-Hours,51.34,USD,998877665544
aws,2026-02-06,EKS,ap-south-1,Fargate-vCPU-Hours,324.26,USD,998877665544
aws,2026-02-06,S3,eu-west-1,DeepArchiveStorage,14.9,USD,887766554433
aws,2026-02-06,ElastiCache,ap-southeast-1,NodeUsage:cache.m6g.large,302.24,USD,887766554433
aws,2026-02-06,ECS,ap-southeast-1,Fargate-GB-Hours,58.13,USD,887766554433
aws,2026-02-06,DynamoDB,us-east-1,TimedStorage-ByteHrs,85.77,USD,554433221100
aws,2026-02-06,DynamoDB,eu-central-1,WriteCapacityUnits,17.5,USD,554433221100
aws,2026-02-06,Redshift,eu-central-1,NodeUsage:ra3.xlplus,1152.03,USD,998877665544
aws,2026-02-06,Lambda,us-west-2,Lambda-GB-Second,100.01,USD,554433221100
aws,2026-02-06,ElastiCache,sa-east-1,NodeUsage:cache.r6g.large,418.09,USD,887766554433
aws,2026-02-06,EC2,eu-central-1,EBS:VolumeUsage.gp3,719.41,USD,554433221100
aws,2026-02-06,DynamoDB,us-west-2,TimedStorage-ByteHrs,97.68,USD,887766554433
aws,2026-02-07,EC2,ap-southeast-1,DataTransfer-Out-Bytes,535.12,USD,554433221100
aws,2026-02-07,OpenSearch,eu-west-1,DomainUsage:or1.medium,294.28,USD,554433221100
aws,2026-02-07,CloudFront,eu-central-1,Invalidations,114.76,USD,887766554433
aws,2026-02-07,Redshift,ap-southeast-1,Storage-ByteHrs,1113.92,USD,554433221100
aws,2026-02-07,Lambda,us-east-1,RequestCount,72.1,USD,554433221100
aws,2026-02-07,OpenSearch,ap-southeast-1,DomainUsage:or1.medium,1585.3,USD,998877665544
aws,2026-02-07,S3,ap-south-1,DeepArchiveStorage,110.36,USD,998877665544
aws,2026-02-07,EC2,us-east-1,EBS:VolumeUsage.gp3,158.02,USD,554433221100
aws,2026-02-07,EKS,us-west-2,EKS-Cluster-Hours,472.78,USD,554433221100
aws,2026-02-07,EKS,us-east-1,Fargate-vCPU-Hours,679.54,USD,998877665544
aws,2026-02-07,ElastiCache,ap-southeast-1,NodeUsage:cache.r6g.large,459.88,USD,887766554433
aws,2026-02-07,ECS,eu-central-1,Fargate-vCPU-Hours,87.25,USD,998877665544
aws,2026-02-07,EC2,us-west-2,BoxUsage:t4g.xlarge,613.66,USD,887766554433
aws,2026-02-07,EKS,eu-central-1,EKS-Cluster-Hours,719.36,USD,887766554433
aws,2026-02-08,S3,sa-east-1,DeepArchiveStorage,119.9,USD,887766554433
aws,2026-02-08,EKS,ap-south-1,EKS-Cluster-Hours,402.9,USD,554433221100
aws,2026-02-08,ElastiCache,eu-central-1,NodeUsage:cache.r6g.large,81.85,USD,998877665544
aws,2026-02-08,ElastiCache,ap-southeast-1,NodeUsage:cache.m6g.large,351.92,USD,887766554433
aws,2026-02-08,Kinesis,us-west-2,PUT-Payload-Units,13.99,USD,998877665544
aws,2026-02-08,ECS,us-west-2,Fargate-vCPU-Hours,122.34,USD,998877665544
aws,2026-02-08,OpenSearch,ap-south-1,Storage-GP3-ByteHrs,626.0,USD,887766554433
aws,2026-02-09,RDS,us-west-2,RDS:Multi-AZ-Storage,114.65,USD,887766554433
aws,2026-02-09,Redshift,ap-south-1,Storage-ByteHrs,959.31,USD,554433221100
aws,2026-02-09,OpenSearch,eu-central-1,Storage-GP3-ByteHrs,36.2,USD,554433221100
aws,2026-02-09,EKS,ap-southeast-1,EKS-Cluster-Hours,190.09,USD,887766554433
aws,2026-02-09,CloudFront,us-east-1,DataTransfer-Out-Bytes,85.6,USD,998877665544
aws,2026-02-09,CloudFront,eu-west-1,Requests-HTTPS-Proxy,82.83,USD,998877665544
aws,2026-02-09,S3,us-west-2,DeepArchiveStorage,3.65,USD,887766554433
aws,2026-02-09,ECS,us-east-1,Fargate-vCPU-Hours,8.06,USD,887766554433
aws,2026-02-09,DynamoDB,ap-south-1,TimedStorage-ByteHrs,120.11,USD,554433221100
aws,2026-02-09,ECS,sa-east-1,Fargate-vCPU-Hours,131.75,USD,887766554433
aws,2026-02-09,Kinesis,ap-south-1,ShardHour,74.25,USD,554433221100
aws,2026-02-09,OpenSearch,us-west-2,Storage-GP3-ByteHrs,840.17,USD,554433221100
aws,2026-02-09,CloudFront,us-east-1,Invalidations,66.78,USD,998877665544
aws,2026-02-10,Kinesis,eu-central-1,ShardHour,67.4,USD,887766554433
aws,2026-02-10,Lambda,ap-south-1,ProvisionedConcurrency,78.82,USD,998877665544
aws,2026-02-10,CloudFront,eu-central-1,DataTransfer-Out-Bytes,5.26,USD,887766554433
aws,2026-02-10,OpenSearch,ap-south-1,Storage-GP3-ByteHrs,73.08,USD,887766554433
aws,2026-02-10,ElastiCache,eu-west-1,NodeUsage:cache.r6g.large,125.78,USD,887766554433
aws,2026-02-10,CloudFront,us-west-2,Requests-HTTPS-Proxy,67.66,USD,887766554433
aws,2026-02-10,RDS,eu-central-1,RDS:Multi-AZ-Storage,622.75,USD,887766554433
aws,2026-02-10,OpenSearch,us-west-2,DomainUsage:or1.medium,597.08,USD,554433221100
aws,2026-02-10,ElastiCache,us-east-1,NodeUsage:cache.r6g.large,55.82,USD,998877665544
aws,2026-02-10,EC2,us-east-1,BoxUsage:r6g.xlarge,603.84,USD,998877665544
aws,2026-02-10,S3,sa-east-1,DeepArchiveStorage,72.42,USD,887766554433
aws,2026-02-11,OpenSearch,ap-southeast-1,DomainUsage:or1.medium,1486.24,USD,887766554433
aws,2026-02-11,Kinesis,eu-west-1,ShardHour,3.14,USD,887766554433
aws,2026-02-11,EKS,ap-south-1,EKS-Cluster-Hours,607.15,USD,887766554433
aws,2026-02-11,EC2,us-west-2,BoxUsage:c6i.2xlarge,427.73,USD,887766554433
aws,2026-02-11,Lambda,ap-south-1,Lambda-GB-Second,24.94,USD,887766554433
aws,2026-02-11,Lambda,us-west-2,Lambda-GB-Second,79.44,USD,887766554433
aws,2026-02-11,Lambda,ap-south-1,RequestCount,73.91,USD,554433221100
aws,2026-02-11,DynamoDB,eu-central-1,OnDemandIO-Read,88.15,USD,998877665544
aws,2026-02-11,EC2,ap-south-1,BoxUsage:r6g.xlarge,325.82,USD,554433221100
aws,2026-02-11,S3,us-west-2,TimedStorage-ByteHrs,64.44,USD,998877665544
aws,2026-02-11,Lambda,eu-west-1,ProvisionedConcurrency,122.15,USD,554433221100
aws,2026-02-11,Redshift,eu-west-1,Storage-ByteHrs,1323.51,USD,887766554433
aws,2026-02-11,ElastiCache,ap-south-1,NodeUsage:cache.m6g.large,37.53,USD,554433221100
aws,2026-02-11,S3,ap-south-1,TimedStorage-ByteHrs,11.1,USD,554433221100
aws,2026-02-11,DynamoDB,ap-south-1,OnDemandIO-Read,75.47,USD,887766554433
aws,2026-02-11,Lambda,sa-east-1,Lambda-GB-Second,23.69,USD,887766554433
aws,2026-02-12,EKS,eu-west-1,Fargate-vCPU-Hours,11.96,USD,887766554433
aws,2026-02-12,DynamoDB,sa-east-1,OnDemandIO-Read,97.41,USD,554433221100
aws,2026-02-12,Kinesis,us-west-2,PUT-Payload-Units,112.87,USD,887766554433
aws,2026-02-12,ElastiCache,us-east-1,NodeUsage:cache.r6g.large,766.29,USD,998877665544
aws,2026-02-12,DynamoDB,us-east-1,OnDemandIO-Read,134.9,USD,887766554433
aws,2026-02-12,DynamoDB,sa-east-1,ReadCapacityUnits,57.19,USD,887766554433
aws,2026-02-12,ECS,ap-south-1,Fargate-vCPU-Hours,97.82,USD,998877665544
aws,2026-02-12,ElastiCache,sa-east-1,NodeUsage:cache.m6g.large,613.07,USD,554433221100
aws,2026-02-12,OpenSearch,ap-south-1,Storage-GP3-ByteHrs,1264.14,USD,998877665544
aws,2026-02-12,Redshift,us-west-2,NodeUsage:ra3.xlplus,310.4,USD,554433221100
aws,2026-02-12,ECS,ap-south-1,Fargate-vCPU-Hours,109.16,USD,998877665544
aws,2026-02-12,OpenSearch,us-east-1,Storage-GP3-ByteHrs,1193.34,USD,887766554433
aws,2026-02-13,ElastiCache,sa-east-1,NodeUsage:cache.r6g.large,556.85,USD,554433221100
aws,2026-02-13,DynamoDB,us-east-1,WriteCapacityUnits,132.98,USD,887766554433
aws,2026-02-13,RDS,eu-west-1,RDS:PIOPS-Storage,752.43,USD,554433221100
aws,2026-02-13,DynamoDB,ap-southeast-1,OnDemandIO-Read,67.24,USD,887766554433
aws,2026-02-13,S3,us-west-2,Requests-Tier1,107.97,USD,887766554433
aws,2026-02-13,CloudFront,sa-east-1,DataTransfer-Out-Bytes,15.72,USD,998877665544
aws,2026-02-13,S3,eu-central-1,DeepArchiveStorage,123.49,USD,998877665544
aws,2026-02-13,Redshift,eu-central-1,Storage-ByteHrs,1286.88,USD,554433221100
aws,2026-02-13,Lambda,ap-south-1,Lambda-GB-Second,26.84,USD,998877665544
aws,2026-02-13,OpenSearch,sa-east-1,DomainUsage:or1.medium,1533.26,USD,887766554433
aws,2026-02-13,DynamoDB,us-west-2,OnDemandIO-Read,5.6,USD,887766554433
aws,2026-02-13,OpenSearch,ap-south-1,Storage-GP3-ByteHrs,980.21,USD,998877665544
aws,2026-02-14,EC2,ap-southeast-1,BoxUsage:t4g.xlarge,600.76,USD,554433221100
aws,2026-02-14,CloudFront,us-east-1,Requests-HTTPS-Proxy,106.37,USD,998877665544
aws,2026-02-14,DynamoDB,ap-southeast-1,TimedStorage-ByteHrs,116.85,USD,887766554433
aws,2026-02-14,DynamoDB,us-west-2,TimedStorage-ByteHrs,54.42,USD,554433221100
aws,2026-02-14,Lambda,us-west-2,Lambda-GB-Second,109.21,USD,998877665544
aws,2026-02-14,EC2,us-west-2,BoxUsage:r6g.xlarge,175.93,USD,998877665544
aws,2026-02-14,ElastiCache,us-east-1,NodeUsage:cache.m6g.large,423.55,USD,554433221100
aws,2026-02-14,ECS,eu-west-1,Fargate-vCPU-Hours,72.35,USD,998877665544
aws,2026-02-14,Lambda,ap-south-1,Lambda-GB-Second,93.11,USD,887766554433
aws,2026-02-14,Redshift,eu-west-1,NodeUsage:ra3.xlplus,1109.58,USD,998877665544
aws,2026-02-14,ECS,ap-south-1,Fargate-GB-Hours,45.62,USD,998877665544
aws,2026-02-15,ElastiCache,eu-west-1,NodeUsage:cache.r6g.large,305.44,USD,554433221100
aws,2026-02-15,S3,sa-east-1,TimedStorage-ByteHrs,128.43,USD,998877665544
aws,2026-02-15,Kinesis,ap-southeast-1,PUT-Payload-Units,37.96,USD,998877665544
aws,2026-02-15,ECS,sa-east-1,Fargate-vCPU-Hours,127.12,USD,887766554433
aws,2026-02-15,S3,ap-southeast-1,Requests-Tier1,101.35,USD,887766554433
aws,2026-02-15,Redshift,eu-central-1,Storage-ByteHrs,1348.99,USD,887766554433
aws,2026-02-15,ECS,ap-southeast-1,Fargate-GB-Hours,108.72,USD,887766554433
aws,2026-02-16,Lambda,eu-west-1,Lambda-GB-Second,54.58,USD,887766554433
aws,2026-02-16,ECS,ap-southeast-1,Fargate-GB-Hours,66.45,USD,887766554433
aws,2026-02-16,Lambda,sa-east-1,Lambda-GB-Second,4.78,USD,554433221100
aws,2026-02-16,ElastiCache,eu-central-1,NodeUsage:cache.m6g.large,695.35,USD,887766554433
aws,2026-02-16,OpenSearch,eu-central-1,DomainUsage:or1.medium,1143.88,USD,554433221100
aws,2026-02-16,CloudFront,ap-southeast-1,DataTransfer-Out-Bytes,109.61,USD,998877665544
aws,2026-02-17,CloudFront,eu-central-1,DataTransfer-Out-Bytes,107.21,USD,554433221100
aws,2026-02-17,S3,eu-central-1,Requests-Tier1,18.99,USD,998877665544
aws,2026-02-17,RDS,eu-west-1,RDS:Multi-AZ-Storage,1038.22,USD,554433221100
aws,2026-02-17,EC2,sa-east-1,BoxUsage:t4g.xlarge,93.11,USD,998877665544
aws,2026-02-17,Lambda,eu-central-1,Lambda-GB-Second,84.99,USD,554433221100
aws,2026-02-17,ElastiCache,eu-central-1,NodeUsage:cache.m6g.large,17.55,USD,998877665544
aws,2026-02-17,EC2,ap-southeast-1,BoxUsage:t4g.xlarge,627.13,USD,998877665544
aws,2026-02-17,ElastiCache,us-east-1,NodeUsage:cache.r6g.large,471.76,USD,998877665544
aws,2026-02-17,Redshift,us-east-1,NodeUsage:ra3.xlplus,662.67,USD,887766554433
aws,2026-02-17,Kinesis,eu-central-1,ShardHour,96.18,USD,998877665544
aws,2026-02-17,DynamoDB,eu-west-1,WriteCapacityUnits,49.58,USD,887766554433
aws,2026-02-17,EC2,ap-south-1,EBS:VolumeUsage.gp3,160.17,USD,887766554433
aws,2026-02-17,RDS,us-west-2,RDS:Multi-AZ-Storage,1373.77,USD,998877665544
aws,2026-02-17,CloudFront,sa-east-1,DataTransfer-Out-Bytes,2.69,USD,554433221100
aws,2026-02-18,ECS,ap-southeast-1,Fargate-GB-Hours,44.16,USD,998877665544
aws,2026-02-18,Lambda,ap-south-1,ProvisionedConcurrency,6.61,USD,554433221100
aws,2026-02-18,ECS,eu-west-1,Fargate-GB-Hours,109.47,USD,998877665544
aws,2026-02-18,Kinesis,us-west-2,ShardHour,5.06,USD,998877665544
aws,2026-02-18,Kinesis,us-east-1,ShardHour,50.78,USD,887766554433
aws,2026-02-18,DynamoDB,ap-southeast-1,OnDemandIO-Read,9.59,USD,554433221100
aws,2026-02-18,ECS,sa-east-1,Fargate-vCPU-Hours,86.45,USD,998877665544
aws,2026-02-19,EC2,sa-east-1,BoxUsage:r6g.xlarge,280.83,USD,998877665544
aws,2026-02-19,ECS,eu-west-1,Fargate-GB-Hours,16.63,USD,998877665544
aws,2026-02-19,Redshift,ap-southeast-1,NodeUsage:ra3.xlplus,1591.49,USD,998877665544
aws,2026-02-19,Redshift,sa-east-1,Storage-ByteHrs,251.82,USD,887766554433
aws,2026-02-19,OpenSearch,ap-south-1,Storage-GP3-ByteHrs,1583.81,USD,887766554433
aws,2026-02-19,S3,ap-south-1,DataTransfer-Out-Bytes,55.58,USD,998877665544
aws,2026-02-19,RDS,eu-west-1,RDS:Multi-AZ-Storage,1570.06,USD,998877665544
aws,2026-02-19,Redshift,eu-west-1,Storage-ByteHrs,1518.84,USD,887766554433
aws,2026-02-19,OpenSearch,sa-east-1,Storage-GP3-ByteHrs,1006.79,USD,554433221100
aws,2026-02-19,Kinesis,sa-east-1,ShardHour,131.01,USD,998877665544
aws,2026-02-19,Redshift,sa-east-1,Storage-ByteHrs,463.3,USD,998877665544
aws,2026-02-19,ElastiCache,us-west-2,NodeUsage:cache.r6g.large,337.32,USD,887766554433
aws,2026-02-19,EKS,eu-west-1,Fargate-vCPU-Hours,501.85,USD,998877665544
aws,2026-02-19,Kinesis,us-west-2,ShardHour,137.8,USD,554433221100
aws,2026-02-19,EC2,sa-east-1,BoxUsage:t4g.xlarge,179.29,USD,998877665544
aws,2026-02-19,ECS,us-west-2,Fargate-vCPU-Hours,29.63,USD,554433221100
aws,2026-02-19,CloudFront,eu-west-1,Requests-HTTPS-Proxy,79.32,USD,998877665544
aws,2026-02-20,ECS,ap-south-1,Fargate-vCPU-Hours,107.61,USD,998877665544
aws,2026-02-20,Lambda,us-west-2,Lambda-GB-Second,51.52,USD,998877665544
aws,2026-02-20,CloudFront,eu-central-1,DataTransfer-Out-Bytes,51.51,USD,887766554433
aws,2026-02-20,Lambda,eu-west-1,Lambda-GB-Second,138.28,USD,998877665544
aws,2026-02-20,OpenSearch,us-east-1,DomainUsage:or1.medium,204.83,USD,554433221100
aws,2026-02-20,Lambda,eu-west-1,Lambda-GB-Second,69.85,USD,887766554433
aws,2026-02-20,ElastiCache,us-east-1,NodeUsage:cache.m6g.large,141.81,USD,554433221100
aws,2026-02-20,EKS,sa-east-1,EKS-Cluster-Hours,649.82,USD,554433221100
aws,2026-02-20,Redshift,us-west-2,Storage-ByteHrs,723.28,USD,554433221100
aws,2026-02-20,ElastiCache,eu-west-1,NodeUsage:cache.r6g.large,61.96,USD,554433221100
aws,2026-02-21,EKS,ap-south-1,EKS-Cluster-Hours,601.62,USD,998877665544
aws,2026-02-21,Redshift,us-east-1,NodeUsage:ra3.xlplus,1524.55,USD,998877665544
aws,2026-02-21,Kinesis,ap-south-1,ShardHour,65.31,USD,554433221100
aws,2026-02-21,ElastiCache,us-west-2,NodeUsage:cache.r6g.large,605.33,USD,998877665544
aws,2026-02-21,DynamoDB,us-west-2,ReadCapacityUnits,38.48,USD,554433221100
aws,2026-02-21,Redshift,eu-central-1,Storage-ByteHrs,764.17,USD,554433221100
aws,2026-02-21,EC2,us-west-2,BoxUsage:r6g.xlarge,271.28,USD,554433221100
aws,2026-02-21,Redshift,sa-east-1,Storage-ByteHrs,1023.16,USD,998877665544
aws,2026-02-21,S3,eu-west-1,Requests-Tier1,112.18,USD,554433221100
aws,2026-02-21,EC2,us-east-1,BoxUsage:r6g.xlarge,316.34,USD,998877665544
aws,2026-02-21,EC2,us-east-1,BoxUsage:c6i.2xlarge,584.36,USD,998877665544
aws,2026-02-22,RDS,us-east-1,InstanceUsage:db.r6g.2xlarge,229.46,USD,554433221100
aws,2026-02-22,S3,us-east-1,DeepArchiveStorage,54.67,USD,554433221100
aws,2026-02-22,Kinesis,us-west-2,PUT-Payload-Units,51.1,USD,887766554433
aws,2026-02-22,CloudFront,eu-west-1,DataTransfer-Out-Bytes,90.22,USD,998877665544
aws,2026-02-22,EC2,eu-west-1,EBS:VolumeUsage.gp3,610.29,USD,998877665544
aws,2026-02-22,RDS,eu-central-1,RDS:Multi-AZ-Storage,1356.98,USD,998877665544
aws,2026-02-22,Redshift,us-east-1,Storage-ByteHrs,824.58,USD,887766554433
aws,2026-02-22,ElastiCache,us-west-2,NodeUsage:cache.r6g.large,299.11,USD,554433221100
aws,2026-02-22,Lambda,sa-east-1,RequestCount,65.17,USD,887766554433
aws,2026-02-22,DynamoDB,sa-east-1,TimedStorage-ByteHrs,29.97,USD,887766554433
aws,2026-02-22,S3,us-east-1,DeepArchiveStorage,63.15,USD,998877665544
aws,2026-02-22,Kinesis,ap-southeast-1,PUT-Payload-Units,18.59,USD,887766554433
aws,2026-02-22,Lambda,eu-central-1,Lambda-GB-Second,41.7,USD,887766554433
aws,2026-02-22,Lambda,us-east-1,RequestCount,95.36,USD,998877665544
aws,2026-02-23,ElastiCache,sa-east-1,NodeUsage:cache.m6g.large,589.54,USD,554433221100
aws,2026-02-23,EKS,ap-southeast-1,Fargate-vCPU-Hours,610.15,USD,998877665544
aws,2026-02-23,ElastiCache,eu-west-1,NodeUsage:cache.m6g.large,734.03,USD,887766554433
aws,2026-02-23,Kinesis,eu-central-1,PUT-Payload-Units,60.23,USD,998877665544
aws,2026-02-23,EC2,eu-west-1,BoxUsage:r6g.xlarge,251.8,USD,554433221100
aws,2026-02-23,CloudFront,ap-southeast-1,Invalidations,71.47,USD,998877665544
aws,2026-02-23,CloudFront,eu-west-1,Invalidations,2.69,USD,887766554433
aws,2026-02-23,Redshift,eu-central-1,NodeUsage:ra3.xlplus,818.13,USD,887766554433
aws,2026-02-23,S3,ap-south-1,DataTransfer-Out-Bytes,81.01,USD,998877665544
aws,2026-02-24,ECS,ap-southeast-1,Fargate-GB-Hours,59.68,USD,887766554433
aws,2026-02-24,ECS,ap-south-1,Fargate-GB-Hours,116.67,USD,887766554433
aws,2026-02-24,S3,ap-southeast-1,Requests-Tier1,136.07,USD,887766554433
aws,2026-02-24,DynamoDB,ap-southeast-1,ReadCapacityUnits,10.43,USD,998877665544
aws,2026-02-24,RDS,ap-south-1,RDS:Multi-AZ-Storage,1173.24,USD,887766554433
aws,2026-02-24,S3,eu-west-1,TimedStorage-ByteHrs,125.2,USD,554433221100
aws,2026-02-24,EKS,sa-east-1,EKS-Cluster-Hours,86.16,USD,998877665544
aws,2026-02-24,EKS,ap-south-1,Fargate-vCPU-Hours,618.18,USD,887766554433
aws,2026-02-24,OpenSearch,sa-east-1,Storage-GP3-ByteHrs,369.56,USD,998877665544
aws,2026-02-24,CloudFront,ap-south-1,DataTransfer-Out-Bytes,96.51,USD,998877665544
aws,2026-02-24,Kinesis,ap-south-1,ShardHour,61.77,USD,998877665544
aws,2026-02-25,ECS,us-west-2,Fargate-vCPU-Hours,8.65,USD,998877665544
aws,2026-02-25,Kinesis,sa-east-1,PUT-Payload-Units,118.66,USD,998877665544
aws,2026-02-25,S3,eu-west-1,DeepArchiveStorage,29.05,USD,554433221100
aws,2026-02-25,Lambda,ap-south-1,RequestCount,85.1,USD,887766554433
aws,2026-02-25,ECS,ap-south-1,Fargate-GB-Hours,125.76,USD,887766554433
aws,2026-02-25,ECS,eu-central-1,Fargate-GB-Hours,20.69,USD,998877665544
aws,2026-02-25,OpenSearch,sa-east-1,Storage-GP3-ByteHrs,206.9,USD,998877665544
aws,2026-02-25,Lambda,ap-southeast-1,RequestCount,8.71,USD,554433221100
aws,2026-02-25,EC2,ap-southeast-1,DataTransfer-Out-Bytes,748.77,USD,554433221100
aws,2026-02-25,RDS,us-west-2,InstanceUsage:db.m6g.xlarge,1392.54,USD,554433221100
aws,2026-02-25,RDS,sa-east-1,RDS:Multi-AZ-Storage,1106.81,USD,554433221100
aws,2026-02-25,CloudFront,sa-east-1,Invalidations,43.2,USD,554433221100
aws,2026-02-25,RDS,us-east-1,RDS:PIOPS-Storage,1156.71,USD,998877665544
aws,2026-02-25,ECS,eu-west-1,Fargate-vCPU-Hours,84.0,USD,998877665544
aws,2026-02-25,EKS,us-west-2,Fargate-vCPU-Hours,468.92,USD,887766554433
aws,2026-02-26,ElastiCache,ap-south-1,NodeUsage:cache.m6g.large,719.76,USD,554433221100
aws,2026-02-26,EC2,ap-southeast-1,BoxUsage:c6i.2xlarge,457.6,USD,998877665544
aws,2026-02-26,EKS,sa-east-1,Fargate-vCPU-Hours,78.38,USD,887766554433
aws,2026-02-26,OpenSearch,eu-central-1,DomainUsage:or1.medium,1508.33,USD,887766554433
aws,2026-02-26,ECS,sa-east-1,Fargate-vCPU-Hours,119.75,USD,887766554433
aws,2026-02-26,EC2,us-east-1,DataTransfer-Out-Bytes,701.49,USD,887766554433
aws,2026-02-26,EKS,us-east-1,Fargate-vCPU-Hours,351.96,USD,554433221100
aws,2026-02-26,S3,ap-south-1,DataTransfer-Out-Bytes,103.16,USD,998877665544
aws,2026-02-26,Lambda,us-east-1,ProvisionedConcurrency,110.12,USD,998877665544
aws,2026-02-26,EC2,eu-central-1,BoxUsage:r6g.xlarge,497.93,USD,998877665544
aws,2026-02-26,DynamoDB,sa-east-1,OnDemandIO-Read,102.07,USD,554433221100
aws,2026-02-26,S3,ap-southeast-1,TimedStorage-ByteHrs,53.01,USD,887766554433
aws,2026-02-26,Kinesis,sa-east-1,ShardHour,73.43,USD,554433221100
aws,2026-02-27,Lambda,ap-southeast-1,ProvisionedConcurrency,59.0,USD,998877665544
aws,2026-02-27,Redshift,ap-southeast-1,NodeUsage:ra3.xlplus,375.59,USD,887766554433
aws,2026-02-27,CloudFront,eu-west-1,DataTransfer-Out-Bytes,54.29,USD,887766554433
aws,2026-02-27,DynamoDB,us-west-2,TimedStorage-ByteHrs,102.27,USD,554433221100
aws,2026-02-27,CloudFront,us-west-2,DataTransfer-Out-Bytes,138.81,USD,554433221100
aws,2026-02-27,ECS,ap-south-1,Fargate-GB-Hours,65.49,USD,887766554433
aws,2026-02-27,Redshift,sa-east-1,Storage-ByteHrs,262.77,USD,554433221100
aws,2026-02-27,EC2,us-east-1,BoxUsage:r6g.xlarge,122.32,USD,998877665544
aws,2026-02-27,CloudFront,ap-southeast-1,Requests-HTTPS-Proxy,57.35,USD,998877665544
aws,2026-02-27,Lambda,sa-east-1,ProvisionedConcurrency,37.31,USD,554433221100
aws,2026-02-27,OpenSearch,ap-southeast-1,Storage-GP3-ByteHrs,394.44,USD,998877665544
aws,2026-02-27,Redshift,eu-central-1,NodeUsage:ra3.xlplus,155.71,USD,554433221100
aws,2026-02-27,RDS,ap-southeast-1,RDS:Multi-AZ-Storage,1195.11,USD,554433221100
aws,2026-02-27,ECS,ap-southeast-1,Fargate-GB-Hours,13.0,USD,554433221100
aws,2026-02-27,Redshift,us-west-2,Storage-ByteHrs,1372.69,USD,887766554433
aws,2026-02-28,CloudFront,sa-east-1,Requests-HTTPS-Proxy,63.51,USD,998877665544
aws,2026-02-28,ECS,sa-east-1,Fargate-vCPU-Hours,119.23,USD,887766554433
aws,2026-02-28,ECS,sa-east-1,Fargate-vCPU-Hours,124.88,USD,554433221100
aws,2026-02-28,DynamoDB,us-east-1,WriteCapacityUnits,21.93,USD,887766554433
aws,2026-02-28,ElastiCache,ap-southeast-1,NodeUsage:cache.m6g.large,505.43,USD,554433221100
aws,2026-02-28,Kinesis,ap-southeast-1,PUT-Payload-Units,132.49,USD,887766554433
aws,2026-02-28,Kinesis,sa-east-1,PUT-Payload-Units,103.33,USD,554433221100
aws,2026-02-28,S3,us-west-2,DeepArchiveStorage,122.13,USD,998877665544
aws,2026-02-28,S3,us-west-2,DataTransfer-Out-Bytes,114.09,USD,554433221100
aws,2026-02-28,ECS,us-east-1,Fargate-vCPU-Hours,42.01,USD,554433221100
aws,2026-02-28,DynamoDB,eu-central-1,TimedStorage-ByteHrs,94.78,USD,998877665544
aws,2026-02-28,Redshift,us-west-2,NodeUsage:ra3.xlplus,181.39,USD,554433221100
aws,2026-02-28,ElastiCache,us-east-1,NodeUsage:cache.r6g.large,230.64,USD,554433221100
aws,2026-02-28,DynamoDB,us-west-2,OnDemandIO-Read,137.11,USD,998877665544
aws,2026-03-01,S3,ap-southeast-1,TimedStorage-ByteHrs,5.42,USD,887766554433
aws,2026-03-01,EKS,us-east-1,Fargate-vCPU-Hours,303.13,USD,554433221100
aws,2026-03-01,OpenSearch,ap-southeast-1,DomainUsage:or1.medium,793.25,USD,554433221100
aws,2026-03-01,Kinesis,sa-east-1,ShardHour,88.77,USD,887766554433
aws,2026-03-01,OpenSearch,eu-west-1,DomainUsage:or1.medium,1285.59,USD,554433221100
aws,2026-03-01,ElastiCache,ap-southeast-1,NodeUsage:cache.m6g.large,357.91,USD,554433221100
aws,2026-03-01,Redshift,ap-southeast-1,NodeUsage:ra3.xlplus,1436.27,USD,998877665544
aws,2026-03-01,Kinesis,us-west-2,ShardHour,31.77,USD,554433221100
aws,2026-03-01,DynamoDB,us-east-1,ReadCapacityUnits,48.19,USD,887766554433
aws,2026-03-01,ECS,eu-central-1,Fargate-GB-Hours,71.11,USD,998877665544
aws,2026-03-01,EKS,eu-central-1,EKS-Cluster-Hours,207.73,USD,998877665544
aws,2026-03-01,RDS,eu-west-1,RDS:PIOPS-Storage,1205.77,USD,998877665544
aws,2026-03-02,RDS,eu-west-1,InstanceUsage:db.r6g.2xlarge,308.84,USD,887766554433
aws,2026-03-02,EKS,us-west-2,Fargate-vCPU-Hours,446.03,USD,887766554433
aws,2026-03-02,OpenSearch,us-west-2,DomainUsage:or1.medium,1555.36,USD,887766554433
aws,2026-03-02,S3,eu-west-1,DeepArchiveStorage,112.97,USD,998877665544
aws,2026-03-02,Kinesis,eu-central-1,ShardHour,77.4,USD,554433221100
aws,2026-03-02,S3,sa-east-1,TimedStorage-ByteHrs,45.77,USD,998877665544
aws,2026-03-02,CloudFront,ap-south-1,DataTransfer-Out-Bytes,84.76,USD,554433221100
aws,2026-03-02,Redshift,us-east-1,NodeUsage:ra3.xlplus,1454.9,USD,998877665544
aws,2026-03-02,Lambda,us-east-1,RequestCount,106.25,USD,887766554433
aws,2026-03-02,RDS,ap-southeast-1,RDS:PIOPS-Storage,1076.76,USD,998877665544
aws,2026-03-02,RDS,eu-central-1,InstanceUsage:db.r6g.2xlarge,1411.76,USD,998877665544
aws,2026-03-02,ECS,ap-southeast-1,Fargate-vCPU-Hours,123.63,USD,998877665544
aws,2026-03-03,CloudFront,ap-southeast-1,Invalidations,120.43,USD,998877665544
aws,2026-03-03,CloudFront,eu-west-1,Requests-HTTPS-Proxy,20.52,USD,554433221100
aws,2026-03-03,RDS,eu-west-1,InstanceUsage:db.r6g.2xlarge,1085.79,USD,998877665544
aws,2026-03-03,ElastiCache,ap-south-1,NodeUsage:cache.m6g.large,341.5,USD,998877665544
aws,2026-03-03,ElastiCache,us-west-2,NodeUsage:cache.m6g.large,340.19,USD,998877665544
aws,2026-03-03,OpenSearch,ap-south-1,Storage-GP3-ByteHrs,1532.85,USD,887766554433
aws,2026-03-03,CloudFront,eu-central-1,Requests-HTTPS-Proxy,35.18,USD,887766554433
aws,2026-03-03,Kinesis,eu-west-1,PUT-Payload-Units,120.54,USD,998877665544
aws,2026-03-03,OpenSearch,us-west-2,DomainUsage:or1.medium,1002.27,USD,998877665544
aws,2026-03-03,ECS,ap-south-1,Fargate-vCPU-Hours,20.37,USD,554433221100
aws,2026-03-03,S3,us-west-2,DeepArchiveStorage,89.32,USD,554433221100
aws,2026-03-03,OpenSearch,ap-south-1,DomainUsage:or1.medium,1313.37,USD,998877665544
aws,2026-03-03,CloudFront,ap-southeast-1,Requests-HTTPS-Proxy,77.13,USD,887766554433
aws,2026-03-03,DynamoDB,us-west-2,OnDemandIO-Read,72.19,USD,554433221100
aws,2026-03-04,Kinesis,ap-south-1,PUT-Payload-Units,65.82,USD,998877665544
aws,2026-03-04,DynamoDB,sa-east-1,OnDemandIO-Read,82.07,USD,554433221100
aws,2026-03-04,DynamoDB,eu-west-1,OnDemandIO-Read,56.29,USD,998877665544
aws,2026-03-04,RDS,eu-west-1,InstanceUsage:db.r6g.2xlarge,748.24,USD,887766554433
aws,2026-03-04,S3,sa-east-1,Requests-Tier1,33.12,USD,887766554433
aws,2026-03-04,DynamoDB,us-west-2,ReadCapacityUnits,44.56,USD,887766554433
aws,2026-03-04,ElastiCache,us-west-2,NodeUsage:cache.r6g.large,575.4,USD,554433221100
aws,2026-03-04,DynamoDB,ap-south-1,WriteCapacityUnits,34.26,USD,998877665544
aws,2026-03-04,ECS,sa-east-1,Fargate-vCPU-Hours,28.57,USD,554433221100
aws,2026-03-04,ElastiCache,us-east-1,NodeUsage:cache.m6g.large,769.31,USD,554433221100
aws,2026-03-04,DynamoDB,sa-east-1,TimedStorage-ByteHrs,88.86,USD,887766554433
aws,2026-03-04,ElastiCache,us-east-1,NodeUsage:cache.m6g.large,680.85,USD,998877665544
aws,2026-03-04,DynamoDB,us-west-2,TimedStorage-ByteHrs,133.12,USD,554433221100
aws,2026-03-04,Redshift,eu-central-1,Storage-ByteHrs,326.36,USD,554433221100
aws,2026-03-04,CloudFront,sa-east-1,Requests-HTTPS-Proxy,0.32,USD,887766554433
aws,2026-03-04,DynamoDB,ap-south-1,ReadCapacityUnits,123.72,USD,887766554433
aws,2026-03-04,RDS,ap-southeast-1,InstanceUsage:db.r6g.2xlarge,1086.7,USD,887766554433
aws,2026-03-04,EKS,sa-east-1,Fargate-vCPU-Hours,475.31,USD,998877665544
aws,2026-03-04,RDS,sa-east-1,InstanceUsage:db.m6g.xlarge,1175.38,USD,554433221100
aws,2026-03-04,RDS,ap-south-1,InstanceUsage:db.m6g.xlarge,371.78,USD,998877665544
aws,2026-03-05,RDS,eu-west-1,RDS:PIOPS-Storage,1445.84,USD,887766554433
aws,2026-03-05,ElastiCache,eu-central-1,NodeUsage:cache.m6g.large,53.68,USD,998877665544
aws,2026-03-05,ElastiCache,ap-south-1,NodeUsage:cache.r6g.large,331.86,USD,998877665544
aws,2026-03-05,ElastiCache,eu-west-1,NodeUsage:cache.m6g.large,671.77,USD,554433221100
aws,2026-03-05,ECS,eu-central-1,Fargate-vCPU-Hours,47.6,USD,554433221100
aws,2026-03-05,RDS,ap-south-1,InstanceUsage:db.m6g.xlarge,1355.32,USD,554433221100
aws,2026-03-05,OpenSearch,sa-east-1,Storage-GP3-ByteHrs,554.43,USD,554433221100
aws,2026-03-05,Redshift,sa-east-1,Storage-ByteHrs,1588.35,USD,998877665544
aws,2026-03-05,EKS,ap-southeast-1,Fargate-vCPU-Hours,52.45,USD,887766554433
aws,2026-03-05,EKS,eu-central-1,EKS-Cluster-Hours,284.5,USD,887766554433
aws,2026-03-05,RDS,us-east-1,InstanceUsage:db.m6g.xlarge,370.15,USD,554433221100
aws,2026-03-05,RDS,us-west-2,RDS:PIOPS-Storage,94.4,USD,554433221100
aws,2026-03-05,Redshift,eu-central-1,NodeUsage:ra3.xlplus,572.94,USD,554433221100
aws,2026-03-05,RDS,eu-west-1,RDS:PIOPS-Storage,291.71,USD,998877665544
aws,2026-03-05,Redshift,eu-central-1,Storage-ByteHrs,336.73,USD,887766554433
aws,2026-03-05,DynamoDB,sa-east-1,ReadCapacityUnits,79.12,USD,554433221100
aws,2026-03-05,S3,eu-central-1,Requests-Tier1,20.81,USD,887766554433
aws,2026-03-06,EC2,ap-south-1,EBS:VolumeUsage.gp3,87.19,USD,998877665544
aws,2026-03-06,OpenSearch,sa-east-1,DomainUsage:or1.medium,501.56,USD,887766554433
aws,2026-03-06,CloudFront,sa-east-1,DataTransfer-Out-Bytes,94.19,USD,554433221100
aws,2026-03-06,DynamoDB,us-east-1,TimedStorage-ByteHrs,60.28,USD,554433221100
aws,2026-03-06,S3,ap-southeast-1,DataTransfer-Out-Bytes,93.59,USD,554433221100
aws,2026-03-06,Lambda,us-west-2,RequestCount,6.84,USD,554433221100
aws,2026-03-07,EKS,us-west-2,Fargate-vCPU-Hours,109.3,USD,998877665544
aws,2026-03-07,Redshift,eu-west-1,Storage-ByteHrs,1338.95,USD,554433221100
aws,2026-03-07,OpenSearch,ap-south-1,Storage-GP3-ByteHrs,1052.77,USD,887766554433
aws,2026-03-07,ECS,ap-south-1,Fargate-vCPU-Hours,79.45,USD,554433221100
aws,2026-03-07,EC2,ap-southeast-1,BoxUsage:c6i.2xlarge,340.3,USD,887766554433
aws,2026-03-07,Lambda,eu-central-1,RequestCount,46.42,USD,998877665544
aws,2026-03-07,RDS,ap-southeast-1,RDS:PIOPS-Storage,1074.87,USD,998877665544
aws,2026-03-07,EKS,ap-southeast-1,EKS-Cluster-Hours,620.3,USD,554433221100
aws,2026-03-07,Lambda,eu-central-1,Lambda-GB-Second,34.32,USD,554433221100
aws,2026-03-07,EKS,sa-east-1,Fargate-vCPU-Hours,592.42,USD,554433221100
aws,2026-03-08,S3,ap-south-1,DeepArchiveStorage,38.34,USD,554433221100
aws,2026-03-08,ElastiCache,eu-central-1,NodeUsage:cache.r6g.large,402.77,USD,998877665544
aws,2026-03-08,ElastiCache,eu-central-1,NodeUsage:cache.m6g.large,498.28,USD,887766554433
aws,2026-03-08,EKS,eu-west-1,EKS-Cluster-Hours,753.24,USD,887766554433
aws,2026-03-08,ECS,sa-east-1,Fargate-GB-Hours,88.62,USD,998877665544
aws,2026-03-08,Kinesis,ap-south-1,ShardHour,88.34,USD,554433221100
aws,2026-03-08,Redshift,ap-southeast-1,NodeUsage:ra3.xlplus,169.31,USD,554433221100
aws,2026-03-08,DynamoDB,ap-southeast-1,ReadCapacityUnits,9.39,USD,887766554433
aws,2026-03-08,Lambda,ap-southeast-1,RequestCount,55.79,USD,887766554433
aws,2026-03-08,Lambda,us-east-1,Lambda-GB-Second,15.02,USD,554433221100
aws,2026-03-09,OpenSearch,eu-central-1,Storage-GP3-ByteHrs,453.54,USD,998877665544
aws,2026-03-09,Redshift,ap-southeast-1,Storage-ByteHrs,1287.16,USD,554433221100
aws,2026-03-09,RDS,eu-central-1,InstanceUsage:db.r6g.2xlarge,467.65,USD,887766554433
aws,2026-03-09,Redshift,eu-west-1,NodeUsage:ra3.xlplus,1144.81,USD,887766554433
aws,2026-03-09,CloudFront,us-east-1,DataTransfer-Out-Bytes,104.3,USD,554433221100
aws,2026-03-09,CloudFront,eu-central-1,Requests-HTTPS-Proxy,2.4,USD,554433221100
aws,2026-03-09,ECS,eu-west-1,Fargate-GB-Hours,93.57,USD,887766554433
aws,2026-03-09,DynamoDB,us-east-1,TimedStorage-ByteHrs,71.62,USD,554433221100
aws,2026-03-09,EC2,ap-south-1,DataTransfer-Out-Bytes,761.34,USD,554433221100
aws,2026-03-09,CloudFront,eu-central-1,Requests-HTTPS-Proxy,93.29,USD,887766554433
aws,2026-03-09,ElastiCache,eu-central-1,NodeUsage:cache.m6g.large,528.99,USD,554433221100
aws,2026-03-09,Kinesis,us-east-1,PUT-Payload-Units,85.74,USD,887766554433
aws,2026-03-10,ElastiCache,us-east-1,NodeUsage:cache.r6g.large,356.35,USD,887766554433
aws,2026-03-10,Kinesis,ap-south-1,PUT-Payload-Units,103.53,USD,554433221100
aws,2026-03-10,EC2,eu-west-1,BoxUsage:t4g.xlarge,339.77,USD,887766554433
aws,2026-03-10,ECS,eu-west-1,Fargate-vCPU-Hours,61.69,USD,998877665544
aws,2026-03-10,ElastiCache,ap-south-1,NodeUsage:cache.m6g.large,144.09,USD,998877665544
aws,2026-03-10,S3,us-west-2,Requests-Tier1,77.6,USD,998877665544
aws,2026-03-10,OpenSearch,eu-central-1,DomainUsage:or1.medium,1014.62,USD,998877665544
aws,2026-03-10,ECS,ap-southeast-1,Fargate-vCPU-Hours,125.54,USD,887766554433
aws,2026-03-10,S3,ap-southeast-1,TimedStorage-ByteHrs,93.51,USD,554433221100
aws,2026-03-10,EKS,ap-southeast-1,Fargate-vCPU-Hours,451.73,USD,998877665544
aws,2026-03-10,DynamoDB,eu-west-1,TimedStorage-ByteHrs,24.93,USD,554433221100
aws,2026-03-10,S3,ap-southeast-1,DataTransfer-Out-Bytes,132.99,USD,554433221100
aws,2026-03-10,ECS,ap-south-1,Fargate-GB-Hours,22.82,USD,554433221100
aws,2026-03-10,CloudFront,eu-central-1,Requests-HTTPS-Proxy,74.31,USD,554433221100
aws,2026-03-10,DynamoDB,us-west-2,ReadCapacityUnits,125.39,USD,998877665544
aws,2026-03-10,EC2,eu-central-1,DataTransfer-Out-Bytes,481.31,USD,887766554433
aws,2026-03-11,EC2,sa-east-1,BoxUsage:r6g.xlarge,118.19,USD,998877665544
aws,2026-03-11,CloudFront,us-west-2,DataTransfer-Out-Bytes,59.44,USD,998877665544
aws,2026-03-11,DynamoDB,ap-southeast-1,WriteCapacityUnits,133.2,USD,554433221100
aws,2026-03-11,CloudFront,eu-west-1,DataTransfer-Out-Bytes,13.67,USD,554433221100
aws,2026-03-11,RDS,eu-west-1,InstanceUsage:db.m6g.xlarge,1461.41,USD,554433221100
aws,2026-03-11,ECS,eu-central-1,Fargate-GB-Hours,3.41,USD,998877665544
aws,2026-03-11,Lambda,ap-south-1,ProvisionedConcurrency,44.36,USD,554433221100
aws,2026-03-12,CloudFront,us-west-2,Invalidations,5.83,USD,998877665544
aws,2026-03-12,DynamoDB,sa-east-1,TimedStorage-ByteHrs,8.97,USD,887766554433
aws,2026-03-12,EC2,us-west-2,BoxUsage:r6g.xlarge,587.02,USD,887766554433
aws,2026-03-12,ECS,ap-south-1,Fargate-vCPU-Hours,139.85,USD,887766554433
aws,2026-03-12,Redshift,ap-southeast-1,NodeUsage:ra3.xlplus,1198.67,USD,998877665544
aws,2026-03-12,OpenSearch,eu-central-1,DomainUsage:or1.medium,1342.85,USD,554433221100
aws,2026-03-12,ECS,ap-south-1,Fargate-vCPU-Hours,9.34,USD,554433221100
aws,2026-03-12,EC2,eu-central-1,BoxUsage:c6i.2xlarge,166.38,USD,554433221100
aws,2026-03-12,Lambda,us-west-2,Lambda-GB-Second,5.1,USD,887766554433
aws,2026-03-13,EKS,sa-east-1,Fargate-vCPU-Hours,334.69,USD,998877665544
aws,2026-03-13,ECS,ap-southeast-1,Fargate-vCPU-Hours,4.54,USD,554433221100
aws,2026-03-13,Redshift,sa-east-1,Storage-ByteHrs,443.28,USD,554433221100
aws,2026-03-13,ECS,eu-west-1,Fargate-GB-Hours,103.23,USD,887766554433
aws,2026-03-13,CloudFront,ap-southeast-1,DataTransfer-Out-Bytes,77.09,USD,554433221100
aws,2026-03-13,Kinesis,us-east-1,ShardHour,112.78,USD,554433221100
aws,2026-03-13,ElastiCache,us-west-2,NodeUsage:cache.r6g.large,534.92,USD,887766554433
aws,2026-03-13,RDS,ap-south-1,RDS:PIOPS-Storage,285.66,USD,998877665544
aws,2026-03-14,S3,eu-west-1,Requests-Tier1,89.92,USD,998877665544
aws,2026-03-14,ECS,sa-east-1,Fargate-GB-Hours,135.77,USD,554433221100
aws,2026-03-14,Lambda,us-west-2,ProvisionedConcurrency,44.14,USD,554433221100
aws,2026-03-14,EKS,us-west-2,Fargate-vCPU-Hours,239.79,USD,554433221100
aws,2026-03-14,Kinesis,sa-east-1,PUT-Payload-Units,100.03,USD,554433221100
aws,2026-03-14,Redshift,ap-south-1,Storage-ByteHrs,183.16,USD,887766554433
aws,2026-03-14,EC2,ap-south-1,BoxUsage:t4g.xlarge,339.14,USD,998877665544
aws,2026-03-14,OpenSearch,us-west-2,DomainUsage:or1.medium,679.57,USD,554433221100
aws,2026-03-14,CloudFront,ap-southeast-1,Requests-HTTPS-Proxy,78.18,USD,554433221100
aws,2026-03-14,S3,us-west-2,DeepArchiveStorage,42.91,USD,554433221100
aws,2026-03-14,DynamoDB,eu-central-1,WriteCapacityUnits,105.16,USD,887766554433
aws,2026-03-14,RDS,sa-east-1,RDS:PIOPS-Storage,816.82,USD,554433221100
aws,2026-03-15,Kinesis,us-west-2,ShardHour,126.42,USD,554433221100
aws,2026-03-15,RDS,sa-east-1,InstanceUsage:db.m6g.xlarge,840.54,USD,887766554433
aws,2026-03-15,RDS,eu-west-1,RDS:PIOPS-Storage,588.95,USD,554433221100
aws,2026-03-15,Kinesis,us-west-2,PUT-Payload-Units,1873.2,USD,554433221100
aws,2026-03-15,RDS,ap-south-1,InstanceUsage:db.r6g.2xlarge,405.32,USD,998877665544
aws,2026-03-15,ElastiCache,us-west-2,NodeUsage:cache.m6g.large,3717.03,USD,998877665544
aws,2026-03-15,Redshift,sa-east-1,Storage-ByteHrs,1064.04,USD,998877665544
aws,2026-03-15,Kinesis,eu-west-1,PUT-Payload-Units,97.86,USD,998877665544
aws,2026-03-15,EKS,ap-south-1,EKS-Cluster-Hours,3408.96,USD,554433221100
aws,2026-03-15,CloudFront,eu-central-1,DataTransfer-Out-Bytes,125.83,USD,998877665544
aws,2026-03-15,ECS,sa-east-1,Fargate-vCPU-Hours,4354.88,USD,887766554433
aws,2026-03-16,S3,ap-southeast-1,DeepArchiveStorage,87.34,USD,554433221100
aws,2026-03-16,Lambda,us-west-2,ProvisionedConcurrency,29.94,USD,554433221100
aws,2026-03-16,EKS,eu-west-1,Fargate-vCPU-Hours,205.13,USD,887766554433
aws,2026-03-16,Redshift,eu-west-1,Storage-ByteHrs,774.88,USD,554433221100
aws,2026-03-16,CloudFront,eu-west-1,Invalidations,5.65,USD,998877665544
aws,2026-03-16,Kinesis,eu-central-1,ShardHour,51.01,USD,887766554433
aws,2026-03-16,S3,eu-central-1,Requests-Tier1,85.93,USD,554433221100
aws,2026-03-16,Redshift,eu-west-1,NodeUsage:ra3.xlplus,517.9,USD,554433221100
aws,2026-03-16,ElastiCache,eu-central-1,NodeUsage:cache.r6g.large,458.42,USD,887766554433
aws,2026-03-16,EC2,eu-west-1,BoxUsage:c6i.2xlarge,268.61,USD,554433221100
aws,2026-03-16,CloudFront,ap-south-1,Requests-HTTPS-Proxy,115.77,USD,887766554433
aws,2026-03-16,OpenSearch,us-west-2,DomainUsage:or1.medium,590.98,USD,887766554433
aws,2026-03-16,Redshift,eu-central-1,NodeUsage:ra3.xlplus,1491.35,USD,998877665544
aws,2026-03-16,DynamoDB,ap-south-1,OnDemandIO-Read,57.55,USD,554433221100
aws,2026-03-16,EC2,us-west-2,BoxUsage:t4g.xlarge,472.37,USD,887766554433
aws,2026-03-16,ECS,us-east-1,Fargate-GB-Hours,79.59,USD,887766554433
aws,2026-03-16,EC2,us-west-2,BoxUsage:t4g.xlarge,688.42,USD,887766554433
aws,2026-03-16,EC2,ap-southeast-1,BoxUsage:t4g.xlarge,391.33,USD,554433221100
aws,2026-03-17,DynamoDB,sa-east-1,OnDemandIO-Read,15.07,USD,998877665544
aws,2026-03-17,ElastiCache,ap-southeast-1,NodeUsage:cache.r6g.large,9.16,USD,887766554433
aws,2026-03-17,ElastiCache,ap-southeast-1,NodeUsage:cache.m6g.large,778.07,USD,554433221100
aws,2026-03-17,Redshift,ap-south-1,NodeUsage:ra3.xlplus,993.33,USD,887766554433
aws,2026-03-17,RDS,ap-southeast-1,InstanceUsage:db.m6g.xlarge,380.66,USD,887766554433
aws,2026-03-17,ElastiCache,us-east-1,NodeUsage:cache.r6g.large,134.61,USD,554433221100
aws,2026-03-17,Redshift,sa-east-1,NodeUsage:ra3.xlplus,965.34,USD,887766554433
aws,2026-03-17,ElastiCache,us-east-1,NodeUsage:cache.r6g.large,387.0,USD,887766554433
aws,2026-03-17,EC2,us-east-1,BoxUsage:r6g.xlarge,753.05,USD,998877665544
aws,2026-03-17,EC2,eu-west-1,BoxUsage:r6g.xlarge,206.69,USD,887766554433
aws,2026-03-17,ECS,eu-west-1,Fargate-GB-Hours,38.02,USD,887766554433
aws,2026-03-17,ECS,us-west-2,Fargate-vCPU-Hours,63.04,USD,998877665544
aws,2026-03-17,Lambda,us-east-1,Lambda-GB-Second,69.89,USD,998877665544
aws,2026-03-17,ElastiCache,eu-west-1,NodeUsage:cache.m6g.large,360.91,USD,887766554433
aws,2026-03-18,EKS,us-east-1,Fargate-vCPU-Hours,496.68,USD,554433221100
aws,2026-03-18,S3,eu-west-1,Requests-Tier1,64.13,USD,887766554433
aws,2026-03-18,S3,us-west-2,DeepArchiveStorage,28.07,USD,998877665544
aws,2026-03-18,DynamoDB,sa-east-1,OnDemandIO-Read,59.28,USD,554433221100
aws,2026-03-18,Kinesis,eu-central-1,PUT-Payload-Units,48.73,USD,998877665544
aws,2026-03-18,ElastiCache,eu-central-1,NodeUsage:cache.m6g.large,625.08,USD,998877665544
aws,2026-03-18,ECS,ap-south-1,Fargate-GB-Hours,86.24,USD,998877665544
aws,2026-03-18,S3,sa-east-1,Requests-Tier1,98.91,USD,887766554433
aws,2026-03-18,CloudFront,us-west-2,Invalidations,35.12,USD,554433221100
aws,2026-03-18,OpenSearch,us-east-1,DomainUsage:or1.medium,276.28,USD,998877665544
aws,2026-03-18,Redshift,us-west-2,Storage-ByteHrs,435.6,USD,887766554433
aws,2026-03-18,OpenSearch,sa-east-1,Storage-GP3-ByteHrs,323.38,USD,554433221100
aws,2026-03-19,ECS,sa-east-1,Fargate-GB-Hours,90.87,USD,887766554433
aws,2026-03-19,S3,sa-east-1,DataTransfer-Out-Bytes,38.4,USD,998877665544
aws,2026-03-19,Redshift,sa-east-1,Storage-ByteHrs,658.74,USD,998877665544
aws,2026-03-19,S3,us-east-1,Requests-Tier1,50.39,USD,998877665544
aws,2026-03-19,Kinesis,us-east-1,PUT-Payload-Units,20.75,USD,554433221100
aws,2026-03-19,EC2,us-west-2,BoxUsage:t4g.xlarge,286.72,USD,998877665544
aws,2026-03-19,DynamoDB,ap-south-1,OnDemandIO-Read,96.85,USD,554433221100
aws,2026-03-19,DynamoDB,us-east-1,TimedStorage-ByteHrs,46.01,USD,887766554433
aws,2026-03-20,OpenSearch,us-east-1,DomainUsage:or1.medium,279.32,USD,998877665544
aws,2026-03-20,EC2,us-west-2,EBS:VolumeUsage.gp3,739.52,USD,887766554433
aws,2026-03-20,DynamoDB,sa-east-1,TimedStorage-ByteHrs,63.86,USD,998877665544
aws,2026-03-20,CloudFront,eu-central-1,Requests-HTTPS-Proxy,33.27,USD,998877665544
aws,2026-03-20,ElastiCache,ap-south-1,NodeUsage:cache.r6g.large,278.06,USD,554433221100
aws,2026-03-20,ElastiCache,ap-southeast-1,NodeUsage:cache.m6g.large,331.06,USD,887766554433
aws,2026-03-20,DynamoDB,eu-central-1,OnDemandIO-Read,28.46,USD,554433221100
aws,2026-03-20,RDS,sa-east-1,InstanceUsage:db.m6g.xlarge,1061.22,USD,554433221100
aws,2026-03-20,ElastiCache,ap-southeast-1,NodeUsage:cache.r6g.large,284.77,USD,554433221100
aws,2026-03-20,Kinesis,eu-central-1,ShardHour,27.03,USD,887766554433
aws,2026-03-20,RDS,us-west-2,InstanceUsage:db.m6g.xlarge,103.95,USD,998877665544
aws,2026-03-20,ElastiCache,sa-east-1,NodeUsage:cache.r6g.large,86.13,USD,554433221100
aws,2026-03-20,Kinesis,eu-west-1,ShardHour,101.26,USD,887766554433
aws,2026-03-20,DynamoDB,sa-east-1,OnDemandIO-Read,95.28,USD,887766554433
aws,2026-03-20,Lambda,ap-southeast-1,Lambda-GB-Second,137.57,USD,998877665544
aws,2026-03-21,OpenSearch,ap-south-1,DomainUsage:or1.medium,1079.41,USD,998877665544
aws,2026-03-21,EKS,sa-east-1,Fargate-vCPU-Hours,466.91,USD,554433221100
aws,2026-03-21,EC2,sa-east-1,BoxUsage:r6g.xlarge,312.52,USD,554433221100
aws,2026-03-21,DynamoDB,sa-east-1,ReadCapacityUnits,75.08,USD,998877665544
aws,2026-03-21,CloudFront,ap-southeast-1,DataTransfer-Out-Bytes,47.88,USD,998877665544
aws,2026-03-21,EC2,us-east-1,BoxUsage:r6g.xlarge,130.48,USD,887766554433
aws,2026-03-21,ECS,eu-west-1,Fargate-GB-Hours,25.04,USD,554433221100
aws,2026-03-21,CloudFront,eu-west-1,Requests-HTTPS-Proxy,37.12,USD,887766554433
aws,2026-03-21,DynamoDB,us-west-2,WriteCapacityUnits,11.56,USD,998877665544
aws,2026-03-21,OpenSearch,us-east-1,Storage-GP3-ByteHrs,895.34,USD,887766554433
aws,2026-03-21,EC2,us-east-1,DataTransfer-Out-Bytes,774.72,USD,887766554433
aws,2026-03-22,EKS,eu-west-1,EKS-Cluster-Hours,202.06,USD,554433221100
aws,2026-03-22,EKS,us-west-2,EKS-Cluster-Hours,468.23,USD,998877665544
aws,2026-03-22,Redshift,ap-southeast-1,Storage-ByteHrs,863.84,USD,554433221100
aws,2026-03-22,DynamoDB,us-east-1,OnDemandIO-Read,34.74,USD,887766554433
aws,2026-03-22,Kinesis,sa-east-1,ShardHour,132.74,USD,998877665544
aws,2026-03-22,EC2,eu-central-1,BoxUsage:r6g.xlarge,676.18,USD,554433221100
aws,2026-03-22,EKS,us-west-2,Fargate-vCPU-Hours,38.28,USD,887766554433
aws,2026-03-22,Kinesis,ap-southeast-1,ShardHour,27.83,USD,554433221100
aws,2026-03-22,EKS,eu-west-1,EKS-Cluster-Hours,187.46,USD,998877665544
aws,2026-03-22,S3,ap-southeast-1,DeepArchiveStorage,136.61,USD,887766554433
aws,2026-03-22,EC2,eu-central-1,BoxUsage:t4g.xlarge,531.4,USD,998877665544
aws,2026-03-23,Kinesis,us-west-2,ShardHour,76.36,USD,998877665544
aws,2026-03-23,ElastiCache,us-west-2,NodeUsage:cache.m6g.large,324.29,USD,554433221100
aws,2026-03-23,Redshift,us-west-2,Storage-ByteHrs,1602.25,USD,887766554433
aws,2026-03-23,S3,us-west-2,TimedStorage-ByteHrs,135.64,USD,887766554433
aws,2026-03-23,DynamoDB,ap-southeast-1,ReadCapacityUnits,19.98,USD,887766554433
aws,2026-03-23,ElastiCache,eu-west-1,NodeUsage:cache.m6g.large,113.05,USD,998877665544
aws,2026-03-23,Lambda,sa-east-1,RequestCount,47.71,USD,554433221100
aws,2026-03-23,RDS,ap-south-1,InstanceUsage:db.r6g.2xlarge,1198.03,USD,554433221100
aws,2026-03-23,ElastiCache,sa-east-1,NodeUsage:cache.r6g.large,651.47,USD,554433221100
aws,2026-03-23,ECS,us-west-2,Fargate-vCPU-Hours,89.11,USD,887766554433
aws,2026-03-23,S3,eu-central-1,TimedStorage-ByteHrs,138.99,USD,887766554433
aws,2026-03-24,EC2,ap-south-1,BoxUsage:r6g.xlarge,596.35,USD,554433221100
aws,2026-03-24,Redshift,eu-west-1,NodeUsage:ra3.xlplus,56.75,USD,554433221100
aws,2026-03-24,Kinesis,us-west-2,ShardHour,120.38,USD,887766554433
aws,2026-03-24,ElastiCache,eu-central-1,NodeUsage:cache.m6g.large,124.19,USD,554433221100
aws,2026-03-24,EC2,us-west-2,DataTransfer-Out-Bytes,324.06,USD,998877665544
aws,2026-03-24,Kinesis,eu-west-1,ShardHour,66.31,USD,998877665544
aws,2026-03-24,Redshift,ap-southeast-1,Storage-ByteHrs,190.2,USD,554433221100
aws,2026-03-25,RDS,eu-west-1,InstanceUsage:db.r6g.2xlarge,575.59,USD,887766554433
aws,2026-03-25,DynamoDB,ap-southeast-1,WriteCapacityUnits,130.97,USD,887766554433
aws,2026-03-25,Lambda,us-east-1,ProvisionedConcurrency,85.71,USD,554433221100
aws,2026-03-25,Kinesis,ap-south-1,ShardHour,17.18,USD,554433221100
aws,2026-03-25,RDS,eu-west-1,RDS:Multi-AZ-Storage,1626.23,USD,554433221100
aws,2026-03-25,Kinesis,us-east-1,PUT-Payload-Units,11.02,USD,554433221100
aws,2026-03-25,Kinesis,us-west-2,ShardHour,36.31,USD,998877665544
aws,2026-03-25,CloudFront,ap-southeast-1,Invalidations,19.91,USD,998877665544
aws,2026-03-25,Redshift,eu-central-1,NodeUsage:ra3.xlplus,170.17,USD,554433221100
aws,2026-03-25,DynamoDB,sa-east-1,WriteCapacityUnits,137.59,USD,998877665544
aws,2026-03-25,OpenSearch,eu-central-1,Storage-GP3-ByteHrs,700.87,USD,887766554433
aws,2026-03-25,CloudFront,us-west-2,Requests-HTTPS-Proxy,2.81,USD,887766554433
aws,2026-03-26,ElastiCache,ap-southeast-1,NodeUsage:cache.m6g.large,494.49,USD,998877665544
aws,2026-03-26,Lambda,us-east-1,RequestCount,133.24,USD,998877665544
aws,2026-03-26,DynamoDB,ap-south-1,WriteCapacityUnits,3.77,USD,887766554433
aws,2026-03-26,CloudFront,ap-south-1,DataTransfer-Out-Bytes,93.78,USD,554433221100
aws,2026-03-26,ElastiCache,us-west-2,NodeUsage:cache.r6g.large,413.77,USD,554433221100
aws,2026-03-26,DynamoDB,us-west-2,OnDemandIO-Read,105.72,USD,554433221100
aws,2026-03-26,Kinesis,ap-south-1,PUT-Payload-Units,53.63,USD,887766554433
aws,2026-03-26,RDS,us-east-1,RDS:Multi-AZ-Storage,1639.24,USD,554433221100
aws,2026-03-26,EC2,sa-east-1,BoxUsage:t4g.xlarge,234.69,USD,887766554433
aws,2026-03-26,ECS,us-east-1,Fargate-GB-Hours,25.43,USD,887766554433
aws,2026-03-26,CloudFront,ap-southeast-1,Requests-HTTPS-Proxy,66.22,USD,998877665544
aws,2026-03-27,EC2,ap-south-1,BoxUsage:c6i.2xlarge,289.26,USD,554433221100
aws,2026-03-27,Kinesis,ap-southeast-1,PUT-Payload-Units,29.8,USD,887766554433
aws,2026-03-27,DynamoDB,us-west-2,ReadCapacityUnits,77.68,USD,887766554433
aws,2026-03-27,DynamoDB,eu-central-1,OnDemandIO-Read,27.39,USD,554433221100
aws,2026-03-27,RDS,eu-central-1,RDS:PIOPS-Storage,875.59,USD,998877665544
aws,2026-03-27,OpenSearch,eu-west-1,DomainUsage:or1.medium,212.79,USD,998877665544
aws,2026-03-27,Redshift,us-west-2,NodeUsage:ra3.xlplus,1205.5,USD,998877665544
aws,2026-03-27,S3,ap-southeast-1,DeepArchiveStorage,90.49,USD,887766554433
aws,2026-03-28,Redshift,eu-central-1,Storage-ByteHrs,1453.01,USD,998877665544
aws,2026-03-28,EKS,us-east-1,Fargate-vCPU-Hours,319.95,USD,998877665544
aws,2026-03-28,OpenSearch,sa-east-1,Storage-GP3-ByteHrs,954.22,USD,998877665544
aws,2026-03-28,OpenSearch,eu-central-1,DomainUsage:or1.medium,897.05,USD,998877665544
aws,2026-03-28,Kinesis,ap-southeast-1,ShardHour,124.65,USD,554433221100
aws,2026-03-28,ElastiCache,eu-west-1,NodeUsage:cache.m6g.large,320.04,USD,554433221100
aws,2026-03-28,RDS,sa-east-1,RDS:Multi-AZ-Storage,331.14,USD,887766554433
aws,2026-03-28,Kinesis,ap-southeast-1,PUT-Payload-Units,25.82,USD,887766554433
aws,2026-03-28,EC2,us-east-1,BoxUsage:r6g.xlarge,307.96,USD,554433221100
aws,2026-03-28,ElastiCache,ap-south-1,NodeUsage:cache.m6g.large,680.77,USD,554433221100
aws,2026-03-28,Kinesis,eu-west-1,PUT-Payload-Units,29.37,USD,998877665544
aws,2026-03-28,EC2,us-east-1,BoxUsage:r6g.xlarge,330.27,USD,887766554433
aws,2026-03-28,Kinesis,ap-south-1,ShardHour,93.87,USD,998877665544
aws,2026-03-29,Kinesis,us-east-1,PUT-Payload-Units,2.69,USD,554433221100
aws,2026-03-29,EKS,us-west-2,EKS-Cluster-Hours,685.93,USD,887766554433
aws,2026-03-29,Lambda,eu-central-1,RequestCount,118.0,USD,554433221100
aws,2026-03-29,OpenSearch,ap-south-1,Storage-GP3-ByteHrs,1340.96,USD,998877665544
aws,2026-03-29,Lambda,sa-east-1,Lambda-GB-Second,117.19,USD,887766554433
aws,2026-03-29,RDS,eu-west-1,RDS:Multi-AZ-Storage,106.92,USD,554433221100
aws,2026-03-29,DynamoDB,us-west-2,OnDemandIO-Read,95.38,USD,554433221100
aws,2026-03-29,S3,us-east-1,DataTransfer-Out-Bytes,44.61,USD,554433221100
aws,2026-03-29,ECS,ap-southeast-1,Fargate-vCPU-Hours,112.77,USD,887766554433
aws,2026-03-29,DynamoDB,eu-central-1,WriteCapacityUnits,27.98,USD,998877665544
aws,2026-03-30,S3,eu-west-1,DataTransfer-Out-Bytes,78.71,USD,998877665544
aws,2026-03-30,ElastiCache,ap-southeast-1,NodeUsage:cache.m6g.large,139.86,USD,887766554433
aws,2026-03-30,DynamoDB,ap-southeast-1,TimedStorage-ByteHrs,95.2,USD,887766554433
aws,2026-03-30,ElastiCache,ap-south-1,NodeUsage:cache.r6g.large,623.55,USD,998877665544
aws,2026-03-30,S3,ap-south-1,DataTransfer-Out-Bytes,35.41,USD,554433221100
aws,2026-03-30,S3,eu-central-1,Requests-Tier1,45.94,USD,554433221100
aws,2026-03-30,Lambda,ap-south-1,ProvisionedConcurrency,80.49,USD,554433221100
aws,2026-03-30,S3,ap-south-1,DataTransfer-Out-Bytes,23.97,USD,554433221100
aws,2026-03-30,CloudFront,sa-east-1,Requests-HTTPS-Proxy,130.39,USD,998877665544
aws,2026-03-30,RDS,ap-south-1,RDS:PIOPS-Storage,78.41,USD,998877665544
aws,2026-03-30,Kinesis,sa-east-1,ShardHour,46.95,USD,887766554433
aws,2026-03-31,EC2,us-east-1,BoxUsage:r6g.xlarge,377.67,USD,998877665544
aws,2026-03-31,EKS,eu-central-1,Fargate-vCPU-Hours,195.05,USD,887766554433
aws,2026-03-31,S3,eu-central-1,DataTransfer-Out-Bytes,26.69,USD,887766554433
aws,2026-03-31,DynamoDB,us-east-1,OnDemandIO-Read,136.39,USD,887766554433
aws,2026-03-31,S3,eu-west-1,DeepArchiveStorage,123.53,USD,554433221100
aws,2026-03-31,Lambda,eu-central-1,RequestCount,17.03,USD,887766554433
aws,2026-03-31,CloudFront,sa-east-1,DataTransfer-Out-Bytes,127.66,USD,998877665544
aws,2026-03-31,Redshift,eu-west-1,NodeUsage:ra3.xlplus,619.57,USD,554433221100
aws,2026-03-31,EKS,ap-southeast-1,Fargate-vCPU-Hours,296.43,USD,554433221100
aws,2026-03-31,RDS,eu-west-1,InstanceUsage:db.m6g.xlarge,1225.32,USD,554433221100
aws,2026-04-01,EC2,us-east-1,DataTransfer-Out-Bytes,263.1,USD,998877665544
aws,2026-04-01,ElastiCache,ap-south-1,NodeUsage:cache.m6g.large,276.2,USD,554433221100
aws,2026-04-01,EKS,us-west-2,EKS-Cluster-Hours,771.41,USD,887766554433
aws,2026-04-01,Lambda,us-east-1,RequestCount,132.7,USD,554433221100
aws,2026-04-01,Lambda,us-east-1,ProvisionedConcurrency,108.7,USD,998877665544
aws,2026-04-01,Lambda,eu-central-1,Lambda-GB-Second,58.15,USD,887766554433
aws,2026-04-02,ElastiCache,sa-east-1,NodeUsage:cache.m6g.large,687.73,USD,887766554433
aws,2026-04-02,ECS,us-west-2,Fargate-vCPU-Hours,97.48,USD,998877665544
aws,2026-04-02,EKS,sa-east-1,EKS-Cluster-Hours,428.36,USD,887766554433
aws,2026-04-02,RDS,us-east-1,RDS:Multi-AZ-Storage,1083.74,USD,998877665544
aws,2026-04-02,Kinesis,us-west-2,PUT-Payload-Units,39.75,USD,998877665544
aws,2026-04-02,EKS,eu-west-1,EKS-Cluster-Hours,669.19,USD,887766554433
aws,2026-04-02,CloudFront,ap-southeast-1,Invalidations,53.14,USD,998877665544
aws,2026-04-02,EC2,eu-central-1,EBS:VolumeUsage.gp3,497.01,USD,554433221100
aws,2026-04-02,S3,ap-southeast-1,DataTransfer-Out-Bytes,101.08,USD,554433221100
aws,2026-04-02,OpenSearch,sa-east-1,DomainUsage:or1.medium,147.21,USD,998877665544
aws,2026-04-02,EC2,eu-central-1,DataTransfer-Out-Bytes,570.7,USD,998877665544
aws,2026-04-03,DynamoDB,eu-west-1,OnDemandIO-Read,43.27,USD,554433221100
aws,2026-04-03,Kinesis,ap-south-1,ShardHour,119.72,USD,998877665544
aws,2026-04-03,CloudFront,eu-west-1,DataTransfer-Out-Bytes,98.01,USD,998877665544
aws,2026-04-03,Redshift,eu-west-1,NodeUsage:ra3.xlplus,1285.91,USD,887766554433
aws,2026-04-03,Lambda,eu-west-1,ProvisionedConcurrency,16.21,USD,998877665544
aws,2026-04-03,RDS,ap-southeast-1,RDS:PIOPS-Storage,1550.01,USD,887766554433
aws,2026-04-04,ElastiCache,sa-east-1,NodeUsage:cache.r6g.large,624.75,USD,998877665544
aws,2026-04-04,DynamoDB,ap-southeast-1,WriteCapacityUnits,104.56,USD,554433221100
aws,2026-04-04,S3,eu-central-1,Requests-Tier1,43.43,USD,887766554433
aws,2026-04-04,ECS,eu-central-1,Fargate-GB-Hours,42.15,USD,554433221100
aws,2026-04-04,Kinesis,eu-west-1,ShardHour,47.61,USD,554433221100
aws,2026-04-04,ECS,ap-south-1,Fargate-vCPU-Hours,1.78,USD,554433221100
aws,2026-04-04,ECS,us-east-1,Fargate-GB-Hours,117.09,USD,887766554433
aws,2026-04-04,Redshift,us-west-2,Storage-ByteHrs,1461.75,USD,887766554433
aws,2026-04-04,Lambda,ap-southeast-1,ProvisionedConcurrency,89.08,USD,887766554433
aws,2026-04-05,ECS,us-east-1,Fargate-GB-Hours,1.73,USD,887766554433
aws,2026-04-05,OpenSearch,ap-south-1,Storage-GP3-ByteHrs,212.08,USD,887766554433
aws,2026-04-05,Redshift,ap-south-1,NodeUsage:ra3.xlplus,110.47,USD,887766554433
aws,2026-04-05,Kinesis,us-east-1,ShardHour,1.26,USD,998877665544
aws,2026-04-05,EKS,eu-west-1,EKS-Cluster-Hours,671.44,USD,887766554433
aws,2026-04-05,OpenSearch,us-east-1,DomainUsage:or1.medium,1427.77,USD,554433221100
aws,2026-04-05,DynamoDB,eu-central-1,ReadCapacityUnits,23.7,USD,554433221100
aws,2026-04-06,ECS,eu-west-1,Fargate-GB-Hours,103.01,USD,887766554433
aws,2026-04-06,Lambda,us-west-2,ProvisionedConcurrency,33.28,USD,998877665544
aws,2026-04-06,Lambda,us-west-2,ProvisionedConcurrency,71.47,USD,998877665544
aws,2026-04-06,RDS,ap-southeast-1,InstanceUsage:db.m6g.xlarge,350.59,USD,887766554433
aws,2026-04-06,Lambda,sa-east-1,Lambda-GB-Second,29.88,USD,998877665544
aws,2026-04-06,EC2,us-east-1,DataTransfer-Out-Bytes,13.19,USD,887766554433
aws,2026-04-06,Kinesis,us-east-1,PUT-Payload-Units,124.32,USD,998877665544
aws,2026-04-06,ECS,ap-southeast-1,Fargate-GB-Hours,15.51,USD,998877665544
aws,2026-04-06,S3,us-east-1,DeepArchiveStorage,36.0,USD,554433221100
aws,2026-04-06,CloudFront,ap-south-1,DataTransfer-Out-Bytes,105.2,USD,887766554433
aws,2026-04-06,ECS,eu-west-1,Fargate-vCPU-Hours,38.54,USD,887766554433
aws,2026-04-07,ECS,us-east-1,Fargate-vCPU-Hours,33.08,USD,887766554433
aws,2026-04-07,Kinesis,us-east-1,PUT-Payload-Units,7.72,USD,554433221100
aws,2026-04-07,DynamoDB,sa-east-1,WriteCapacityUnits,138.42,USD,887766554433
aws,2026-04-07,ElastiCache,eu-west-1,NodeUsage:cache.m6g.large,324.65,USD,998877665544
aws,2026-04-07,EC2,ap-south-1,EBS:VolumeUsage.gp3,432.2,USD,554433221100
aws,2026-04-08,OpenSearch,eu-central-1,Storage-GP3-ByteHrs,1272.06,USD,998877665544
aws,2026-04-08,Lambda,ap-south-1,ProvisionedConcurrency,61.96,USD,998877665544
aws,2026-04-08,EKS,us-east-1,EKS-Cluster-Hours,714.83,USD,887766554433
aws,2026-04-08,Lambda,sa-east-1,ProvisionedConcurrency,130.31,USD,887766554433
aws,2026-04-08,DynamoDB,eu-central-1,TimedStorage-ByteHrs,139.52,USD,998877665544
aws,2026-04-08,CloudFront,ap-south-1,DataTransfer-Out-Bytes,51.31,USD,554433221100
aws,2026-04-08,ElastiCache,ap-south-1,NodeUsage:cache.m6g.large,192.63,USD,887766554433
aws,2026-04-08,OpenSearch,eu-west-1,Storage-GP3-ByteHrs,789.08,USD,887766554433
aws,2026-04-08,Lambda,us-west-2,ProvisionedConcurrency,62.26,USD,554433221100
aws,2026-04-08,EC2,ap-southeast-1,BoxUsage:c6i.2xlarge,157.14,USD,998877665544
aws,2026-04-08,Kinesis,eu-west-1,PUT-Payload-Units,72.22,USD,998877665544
aws,2026-04-08,EKS,us-east-1,EKS-Cluster-Hours,765.81,USD,998877665544
aws,2026-04-08,RDS,ap-south-1,RDS:Multi-AZ-Storage,605.11,USD,554433221100
aws,2026-04-09,CloudFront,us-west-2,Invalidations,12.7,USD,998877665544
aws,2026-04-09,CloudFront,eu-central-1,Invalidations,43.65,USD,998877665544
aws,2026-04-09,OpenSearch,us-west-2,DomainUsage:or1.medium,854.33,USD,887766554433
aws,2026-04-09,EC2,us-east-1,BoxUsage:r6g.xlarge,363.94,USD,554433221100
aws,2026-04-09,ElastiCache,ap-southeast-1,NodeUsage:cache.m6g.large,624.72,USD,998877665544
aws,2026-04-09,S3,eu-west-1,TimedStorage-ByteHrs,71.99,USD,998877665544
aws,2026-04-09,OpenSearch,eu-central-1,DomainUsage:or1.medium,485.12,USD,887766554433
aws,2026-04-09,S3,ap-south-1,DataTransfer-Out-Bytes,51.42,USD,887766554433
aws,2026-04-09,Kinesis,eu-central-1,ShardHour,59.13,USD,998877665544
aws,2026-04-09,DynamoDB,us-west-2,TimedStorage-ByteHrs,13.4,USD,887766554433
aws,2026-04-09,EC2,ap-south-1,BoxUsage:t4g.xlarge,241.38,USD,887766554433
aws,2026-04-09,EC2,eu-west-1,BoxUsage:r6g.xlarge,423.07,USD,887766554433
aws,2026-04-09,EC2,eu-west-1,BoxUsage:t4g.xlarge,237.56,USD,998877665544
aws,2026-04-09,Redshift,ap-south-1,Storage-ByteHrs,1148.4,USD,887766554433
aws,2026-04-09,S3,us-west-2,Requests-Tier1,98.0,USD,998877665544
aws,2026-04-09,ElastiCache,us-west-2,NodeUsage:cache.r6g.large,28.32,USD,998877665544
aws,2026-04-10,Kinesis,ap-southeast-1,ShardHour,109.46,USD,887766554433
aws,2026-04-10,ECS,us-east-1,Fargate-vCPU-Hours,134.85,USD,554433221100
aws,2026-04-10,OpenSearch,ap-southeast-1,Storage-GP3-ByteHrs,1496.13,USD,887766554433
aws,2026-04-10,Lambda,us-east-1,RequestCount,100.55,USD,998877665544
aws,2026-04-10,ElastiCache,sa-east-1,NodeUsage:cache.m6g.large,105.6,USD,887766554433
aws,2026-04-10,EC2,ap-south-1,EBS:VolumeUsage.gp3,411.37,USD,887766554433
aws,2026-04-10,Redshift,ap-south-1,Storage-ByteHrs,608.01,USD,998877665544
aws,2026-04-10,ElastiCache,us-east-1,NodeUsage:cache.r6g.large,501.3,USD,887766554433
aws,2026-04-10,OpenSearch,eu-central-1,Storage-GP3-ByteHrs,789.76,USD,887766554433
aws,2026-04-10,DynamoDB,eu-west-1,OnDemandIO-Read,124.86,USD,998877665544
aws,2026-04-10,OpenSearch,ap-south-1,Storage-GP3-ByteHrs,205.4,USD,998877665544
aws,2026-04-10,Kinesis,sa-east-1,ShardHour,105.19,USD,554433221100
aws,2026-04-10,S3,eu-west-1,Requests-Tier1,77.06,USD,998877665544
aws,2026-04-10,Kinesis,eu-central-1,ShardHour,83.51,USD,554433221100
aws,2026-04-10,ECS,eu-west-1,Fargate-vCPU-Hours,1.66,USD,887766554433
aws,2026-04-10,EKS,eu-central-1,Fargate-vCPU-Hours,375.98,USD,887766554433
aws,2026-04-10,Lambda,eu-central-1,ProvisionedConcurrency,2.98,USD,887766554433
aws,2026-04-10,DynamoDB,ap-south-1,OnDemandIO-Read,129.01,USD,998877665544
aws,2026-04-10,DynamoDB,sa-east-1,OnDemandIO-Read,92.3,USD,998877665544
aws,2026-04-11,OpenSearch,eu-central-1,DomainUsage:or1.medium,550.62,USD,887766554433
aws,2026-04-11,OpenSearch,eu-central-1,DomainUsage:or1.medium,1106.98,USD,554433221100
aws,2026-04-11,CloudFront,sa-east-1,Requests-HTTPS-Proxy,139.19,USD,887766554433
aws,2026-04-11,CloudFront,us-west-2,Invalidations,67.12,USD,554433221100
aws,2026-04-11,EKS,ap-southeast-1,EKS-Cluster-Hours,403.34,USD,998877665544
aws,2026-04-11,Lambda,eu-west-1,Lambda-GB-Second,12.63,USD,998877665544
aws,2026-04-11,Redshift,us-east-1,NodeUsage:ra3.xlplus,557.97,USD,554433221100
aws,2026-04-11,Redshift,ap-south-1,Storage-ByteHrs,403.52,USD,998877665544
aws,2026-04-11,Lambda,ap-southeast-1,Lambda-GB-Second,15.67,USD,887766554433
aws,2026-04-11,EC2,eu-central-1,BoxUsage:c6i.2xlarge,619.99,USD,554433221100
aws,2026-04-11,Redshift,ap-south-1,NodeUsage:ra3.xlplus,957.02,USD,998877665544
aws,2026-04-11,S3,eu-central-1,TimedStorage-ByteHrs,6.46,USD,554433221100
aws,2026-04-11,DynamoDB,sa-east-1,TimedStorage-ByteHrs,22.19,USD,554433221100
aws,2026-04-11,S3,ap-southeast-1,DataTransfer-Out-Bytes,89.09,USD,554433221100
aws,2026-04-11,Lambda,us-west-2,ProvisionedConcurrency,47.42,USD,998877665544
aws,2026-04-11,S3,us-west-2,TimedStorage-ByteHrs,25.73,USD,554433221100
aws,2026-04-11,Kinesis,us-west-2,ShardHour,129.83,USD,998877665544
aws,2026-04-12,OpenSearch,sa-east-1,Storage-GP3-ByteHrs,178.68,USD,998877665544
aws,2026-04-12,Redshift,sa-east-1,Storage-ByteHrs,255.56,USD,998877665544
aws,2026-04-12,Redshift,us-east-1,NodeUsage:ra3.xlplus,201.83,USD,998877665544
aws,2026-04-12,CloudFront,us-west-2,DataTransfer-Out-Bytes,135.57,USD,887766554433
aws,2026-04-12,DynamoDB,us-east-1,TimedStorage-ByteHrs,35.58,USD,998877665544
aws,2026-04-12,CloudFront,eu-central-1,Invalidations,112.42,USD,554433221100
aws,2026-04-12,Redshift,ap-southeast-1,NodeUsage:ra3.xlplus,1091.23,USD,887766554433
aws,2026-04-13,EKS,sa-east-1,EKS-Cluster-Hours,235.51,USD,998877665544
aws,2026-04-13,Lambda,us-east-1,RequestCount,90.56,USD,998877665544
aws,2026-04-13,CloudFront,sa-east-1,DataTransfer-Out-Bytes,38.64,USD,998877665544
aws,2026-04-13,S3,ap-southeast-1,DeepArchiveStorage,135.49,USD,554433221100
aws,2026-04-13,EC2,ap-southeast-1,EBS:VolumeUsage.gp3,633.48,USD,887766554433
aws,2026-04-13,ElastiCache,eu-central-1,NodeUsage:cache.m6g.large,391.71,USD,998877665544
aws,2026-04-13,RDS,us-east-1,InstanceUsage:db.r6g.2xlarge,817.85,USD,998877665544
aws,2026-04-13,DynamoDB,sa-east-1,ReadCapacityUnits,75.76,USD,887766554433
aws,2026-04-13,EKS,ap-southeast-1,EKS-Cluster-Hours,746.88,USD,554433221100
aws,2026-04-13,EKS,us-west-2,Fargate-vCPU-Hours,332.08,USD,998877665544
aws,2026-04-13,Redshift,eu-west-1,NodeUsage:ra3.xlplus,1030.93,USD,887766554433
aws,2026-04-13,RDS,sa-east-1,InstanceUsage:db.m6g.xlarge,787.69,USD,998877665544
aws,2026-04-13,DynamoDB,us-west-2,OnDemandIO-Read,87.64,USD,998877665544
aws,2026-04-13,Kinesis,us-east-1,ShardHour,36.54,USD,887766554433
aws,2026-04-13,OpenSearch,eu-central-1,Storage-GP3-ByteHrs,1570.1,USD,998877665544
aws,2026-04-13,S3,ap-south-1,DeepArchiveStorage,38.44,USD,887766554433
aws,2026-04-13,S3,ap-southeast-1,DeepArchiveStorage,52.72,USD,554433221100
aws,2026-04-13,CloudFront,us-west-2,DataTransfer-Out-Bytes,69.88,USD,887766554433
aws,2026-04-14,CloudFront,eu-west-1,Invalidations,131.32,USD,998877665544
aws,2026-04-14,OpenSearch,ap-south-1,DomainUsage:or1.medium,67.11,USD,998877665544
aws,2026-04-14,EC2,eu-west-1,BoxUsage:r6g.xlarge,267.27,USD,554433221100
aws,2026-04-14,ECS,us-east-1,Fargate-GB-Hours,39.01,USD,554433221100
aws,2026-04-14,CloudFront,ap-south-1,Requests-HTTPS-Proxy,115.75,USD,554433221100
aws,2026-04-14,DynamoDB,eu-west-1,TimedStorage-ByteHrs,3.01,USD,998877665544
aws,2026-04-14,EKS,sa-east-1,EKS-Cluster-Hours,622.4,USD,998877665544
aws,2026-04-14,CloudFront,ap-southeast-1,DataTransfer-Out-Bytes,39.89,USD,998877665544
aws,2026-04-14,EC2,sa-east-1,EBS:VolumeUsage.gp3,109.96,USD,998877665544
aws,2026-04-14,S3,us-east-1,DataTransfer-Out-Bytes,74.97,USD,554433221100
aws,2026-04-14,CloudFront,us-east-1,Requests-HTTPS-Proxy,23.57,USD,887766554433
aws,2026-04-14,CloudFront,eu-central-1,Invalidations,96.6,USD,887766554433
aws,2026-04-14,Lambda,eu-west-1,ProvisionedConcurrency,135.78,USD,887766554433
aws,2026-04-15,ECS,us-east-1,Fargate-GB-Hours,117.47,USD,554433221100
aws,2026-04-15,S3,eu-west-1,DataTransfer-Out-Bytes,37.32,USD,554433221100
aws,2026-04-15,DynamoDB,ap-south-1,WriteCapacityUnits,103.42,USD,998877665544
aws,2026-04-15,RDS,eu-west-1,InstanceUsage:db.m6g.xlarge,541.56,USD,998877665544
aws,2026-04-15,S3,eu-central-1,TimedStorage-ByteHrs,109.92,USD,887766554433
aws,2026-04-15,CloudFront,us-east-1,DataTransfer-Out-Bytes,136.5,USD,998877665544
aws,2026-04-16,DynamoDB,eu-central-1,WriteCapacityUnits,98.62,USD,998877665544
aws,2026-04-16,Kinesis,ap-southeast-1,ShardHour,124.48,USD,998877665544
aws,2026-04-16,OpenSearch,ap-southeast-1,Storage-GP3-ByteHrs,487.57,USD,554433221100
aws,2026-04-16,RDS,sa-east-1,RDS:Multi-AZ-Storage,649.26,USD,998877665544
aws,2026-04-16,Redshift,us-east-1,Storage-ByteHrs,1326.7,USD,998877665544
aws,2026-04-16,Redshift,us-west-2,NodeUsage:ra3.xlplus,144.33,USD,998877665544
aws,2026-04-16,EC2,us-east-1,DataTransfer-Out-Bytes,68.3,USD,887766554433
aws,2026-04-16,EKS,ap-southeast-1,Fargate-vCPU-Hours,261.65,USD,887766554433
aws,2026-04-16,CloudFront,us-west-2,Requests-HTTPS-Proxy,53.41,USD,887766554433
aws,2026-04-16,EKS,us-east-1,Fargate-vCPU-Hours,490.69,USD,998877665544
aws,2026-04-16,EKS,eu-west-1,Fargate-vCPU-Hours,629.91,USD,554433221100
aws,2026-04-16,S3,sa-east-1,Requests-Tier1,59.06,USD,998877665544
aws,2026-04-16,ElastiCache,eu-west-1,NodeUsage:cache.r6g.large,628.92,USD,998877665544
aws,2026-04-17,DynamoDB,us-east-1,ReadCapacityUnits,91.86,USD,887766554433
aws,2026-04-17,EKS,eu-west-1,Fargate-vCPU-Hours,758.97,USD,887766554433
aws,2026-04-17,DynamoDB,ap-south-1,OnDemandIO-Read,68.1,USD,887766554433
aws,2026-04-17,ECS,us-west-2,Fargate-vCPU-Hours,10.21,USD,887766554433
aws,2026-04-17,DynamoDB,eu-west-1,OnDemandIO-Read,27.18,USD,554433221100
aws,2026-04-17,Lambda,eu-west-1,RequestCount,17.28,USD,554433221100
aws,2026-04-17,RDS,us-west-2,RDS:PIOPS-Storage,387.37,USD,554433221100
aws,2026-04-17,EKS,ap-south-1,EKS-Cluster-Hours,618.71,USD,998877665544
aws,2026-04-17,ECS,ap-southeast-1,Fargate-GB-Hours,67.29,USD,887766554433
aws,2026-04-17,ElastiCache,ap-southeast-1,NodeUsage:cache.r6g.large,159.73,USD,887766554433
aws,2026-04-17,ECS,us-west-2,Fargate-GB-Hours,116.51,USD,998877665544
aws,2026-04-18,CloudFront,ap-southeast-1,Invalidations,19.49,USD,554433221100
aws,2026-04-18,OpenSearch,eu-west-1,DomainUsage:or1.medium,383.62,USD,887766554433
aws,2026-04-18,OpenSearch,ap-southeast-1,Storage-GP3-ByteHrs,1536.3,USD,887766554433
aws,2026-04-18,Lambda,eu-central-1,RequestCount,87.26,USD,998877665544
aws,2026-04-18,Redshift,us-west-2,NodeUsage:ra3.xlplus,1618.13,USD,887766554433
aws,2026-04-18,RDS,eu-central-1,InstanceUsage:db.m6g.xlarge,1255.73,USD,887766554433
aws,2026-04-18,EKS,us-east-1,EKS-Cluster-Hours,500.29,USD,554433221100
aws,2026-04-18,ECS,eu-west-1,Fargate-vCPU-Hours,11.31,USD,998877665544
aws,2026-04-18,CloudFront,ap-southeast-1,Invalidations,100.97,USD,887766554433
aws,2026-04-18,Redshift,us-east-1,NodeUsage:ra3.xlplus,1363.06,USD,998877665544
aws,2026-04-19,Lambda,ap-southeast-1,Lambda-GB-Second,85.48,USD,998877665544
aws,2026-04-19,EKS,us-east-1,Fargate-vCPU-Hours,412.53,USD,998877665544
aws,2026-04-19,Lambda,ap-southeast-1,RequestCount,41.75,USD,554433221100
aws,2026-04-19,CloudFront,ap-south-1,Invalidations,94.47,USD,998877665544
aws,2026-04-19,Lambda,eu-west-1,ProvisionedConcurrency,132.09,USD,887766554433
aws,2026-04-19,ElastiCache,us-west-2,NodeUsage:cache.r6g.large,645.83,USD,998877665544
aws,2026-04-19,EKS,eu-west-1,EKS-Cluster-Hours,327.58,USD,554433221100
aws,2026-04-19,Redshift,us-west-2,Storage-ByteHrs,1521.64,USD,887766554433
aws,2026-04-19,Kinesis,ap-southeast-1,ShardHour,27.29,USD,887766554433
aws,2026-04-19,CloudFront,ap-southeast-1,DataTransfer-Out-Bytes,62.59,USD,554433221100
aws,2026-04-20,OpenSearch,us-east-1,Storage-GP3-ByteHrs,512.67,USD,998877665544
aws,2026-04-20,ECS,us-west-2,Fargate-GB-Hours,11.41,USD,887766554433
aws,2026-04-20,ECS,us-east-1,Fargate-GB-Hours,13.25,USD,554433221100
aws,2026-04-20,OpenSearch,eu-central-1,Storage-GP3-ByteHrs,1120.53,USD,998877665544
aws,2026-04-20,ElastiCache,sa-east-1,NodeUsage:cache.r6g.large,396.53,USD,887766554433
aws,2026-04-20,Kinesis,sa-east-1,ShardHour,95.22,USD,887766554433
aws,2026-04-20,Redshift,ap-south-1,NodeUsage:ra3.xlplus,429.15,USD,998877665544
aws,2026-04-20,EKS,ap-southeast-1,Fargate-vCPU-Hours,99.05,USD,887766554433
aws,2026-04-20,Kinesis,us-west-2,PUT-Payload-Units,119.57,USD,554433221100
aws,2026-04-21,RDS,us-east-1,RDS:Multi-AZ-Storage,1293.21,USD,554433221100
aws,2026-04-21,EC2,us-east-1,BoxUsage:t4g.xlarge,516.65,USD,554433221100
aws,2026-04-21,Redshift,eu-central-1,Storage-ByteHrs,99.52,USD,554433221100
aws,2026-04-21,S3,eu-central-1,DeepArchiveStorage,134.98,USD,554433221100
aws,2026-04-21,ElastiCache,us-west-2,NodeUsage:cache.m6g.large,47.96,USD,887766554433
aws,2026-04-21,DynamoDB,us-east-1,WriteCapacityUnits,1.97,USD,887766554433
aws,2026-04-21,EKS,sa-east-1,EKS-Cluster-Hours,622.14,USD,554433221100
aws,2026-04-21,EC2,sa-east-1,BoxUsage:t4g.xlarge,371.18,USD,998877665544
aws,2026-04-21,RDS,us-west-2,RDS:Multi-AZ-Storage,1217.36,USD,998877665544
aws,2026-04-21,ECS,ap-south-1,Fargate-GB-Hours,50.69,USD,554433221100
aws,2026-04-21,EC2,us-east-1,EBS:VolumeUsage.gp3,56.14,USD,998877665544
aws,2026-04-21,Redshift,ap-southeast-1,NodeUsage:ra3.xlplus,1269.64,USD,998877665544
aws,2026-04-22,S3,eu-west-1,Requests-Tier1,2.14,USD,887766554433
aws,2026-04-22,EKS,us-west-2,EKS-Cluster-Hours,692.91,USD,887766554433
aws,2026-04-22,ECS,us-east-1,Fargate-GB-Hours,83.48,USD,887766554433
aws,2026-04-22,Lambda,us-east-1,ProvisionedConcurrency,13.31,USD,554433221100
aws,2026-04-22,EC2,eu-central-1,DataTransfer-Out-Bytes,637.79,USD,887766554433
aws,2026-04-22,RDS,eu-central-1,InstanceUsage:db.m6g.xlarge,407.99,USD,887766554433
aws,2026-04-22,CloudFront,eu-west-1,DataTransfer-Out-Bytes,12.44,USD,998877665544
aws,2026-04-22,DynamoDB,ap-southeast-1,ReadCapacityUnits,57.84,USD,554433221100
aws,2026-04-22,S3,ap-south-1,DeepArchiveStorage,107.63,USD,887766554433
aws,2026-04-22,EKS,us-east-1,Fargate-vCPU-Hours,380.9,USD,554433221100
aws,2026-04-23,EC2,ap-south-1,BoxUsage:t4g.xlarge,763.12,USD,998877665544
aws,2026-04-23,Redshift,eu-central-1,NodeUsage:ra3.xlplus,919.09,USD,554433221100
aws,2026-04-23,RDS,us-east-1,RDS:Multi-AZ-Storage,367.33,USD,998877665544
aws,2026-04-23,RDS,eu-central-1,RDS:PIOPS-Storage,899.43,USD,554433221100
aws,2026-04-23,EC2,ap-south-1,DataTransfer-Out-Bytes,349.86,USD,554433221100
aws,2026-04-23,CloudFront,eu-west-1,Requests-HTTPS-Proxy,78.45,USD,554433221100
aws,2026-04-23,DynamoDB,us-west-2,OnDemandIO-Read,109.9,USD,554433221100
aws,2026-04-23,ECS,us-west-2,Fargate-GB-Hours,56.43,USD,887766554433
aws,2026-04-23,ElastiCache,ap-south-1,NodeUsage:cache.r6g.large,580.62,USD,554433221100
aws,2026-04-23,DynamoDB,ap-south-1,TimedStorage-ByteHrs,49.3,USD,998877665544
aws,2026-04-23,EC2,eu-west-1,BoxUsage:r6g.xlarge,40.32,USD,554433221100
aws,2026-04-23,ECS,us-east-1,Fargate-GB-Hours,27.47,USD,887766554433
aws,2026-04-23,Redshift,sa-east-1,NodeUsage:ra3.xlplus,1177.13,USD,554433221100
aws,2026-04-24,OpenSearch,ap-south-1,Storage-GP3-ByteHrs,538.17,USD,554433221100
aws,2026-04-24,ElastiCache,ap-southeast-1,NodeUsage:cache.r6g.large,83.28,USD,554433221100
aws,2026-04-24,OpenSearch,ap-south-1,Storage-GP3-ByteHrs,210.42,USD,554433221100
aws,2026-04-24,Lambda,eu-west-1,ProvisionedConcurrency,19.07,USD,998877665544
aws,2026-04-24,DynamoDB,eu-central-1,TimedStorage-ByteHrs,97.48,USD,887766554433
aws,2026-04-24,RDS,ap-south-1,InstanceUsage:db.m6g.xlarge,1348.11,USD,998877665544
aws,2026-04-24,OpenSearch,ap-south-1,Storage-GP3-ByteHrs,1034.39,USD,998877665544
aws,2026-04-24,Lambda,sa-east-1,Lambda-GB-Second,44.7,USD,998877665544
aws,2026-04-25,DynamoDB,ap-south-1,ReadCapacityUnits,65.7,USD,554433221100
aws,2026-04-25,ElastiCache,sa-east-1,NodeUsage:cache.r6g.large,743.92,USD,554433221100
aws,2026-04-25,Redshift,eu-central-1,Storage-ByteHrs,1262.22,USD,887766554433
aws,2026-04-25,ElastiCache,eu-west-1,NodeUsage:cache.r6g.large,417.95,USD,554433221100
aws,2026-04-25,CloudFront,eu-west-1,Requests-HTTPS-Proxy,98.34,USD,887766554433
aws,2026-04-25,RDS,ap-southeast-1,RDS:PIOPS-Storage,1349.58,USD,554433221100
aws,2026-04-25,RDS,ap-southeast-1,InstanceUsage:db.r6g.2xlarge,875.32,USD,998877665544
aws,2026-04-25,OpenSearch,us-west-2,Storage-GP3-ByteHrs,1105.43,USD,998877665544
aws,2026-04-25,Redshift,ap-south-1,Storage-ByteHrs,1129.17,USD,998877665544
aws,2026-04-25,OpenSearch,ap-southeast-1,DomainUsage:or1.medium,1404.66,USD,998877665544
aws,2026-04-26,EC2,eu-central-1,BoxUsage:c6i.2xlarge,214.17,USD,887766554433
aws,2026-04-26,EKS,us-east-1,EKS-Cluster-Hours,214.89,USD,998877665544
aws,2026-04-26,Lambda,us-east-1,RequestCount,31.1,USD,887766554433
aws,2026-04-26,ECS,us-west-2,Fargate-vCPU-Hours,15.85,USD,887766554433
aws,2026-04-26,EKS,ap-southeast-1,Fargate-vCPU-Hours,302.56,USD,998877665544
aws,2026-04-26,DynamoDB,sa-east-1,ReadCapacityUnits,98.07,USD,554433221100
aws,2026-04-26,Kinesis,ap-southeast-1,PUT-Payload-Units,10.86,USD,998877665544
aws,2026-04-26,CloudFront,eu-west-1,Invalidations,80.14,USD,554433221100
aws,2026-04-26,EC2,ap-southeast-1,EBS:VolumeUsage.gp3,335.35,USD,998877665544
aws,2026-04-26,EKS,us-west-2,Fargate-vCPU-Hours,32.35,USD,887766554433
aws,2026-04-27,OpenSearch,us-west-2,Storage-GP3-ByteHrs,422.05,USD,554433221100
aws,2026-04-27,Redshift,ap-south-1,NodeUsage:ra3.xlplus,276.05,USD,998877665544
aws,2026-04-27,Redshift,ap-south-1,NodeUsage:ra3.xlplus,1192.21,USD,998877665544
aws,2026-04-27,ElastiCache,sa-east-1,NodeUsage:cache.r6g.large,411.13,USD,998877665544
aws,2026-04-27,RDS,eu-west-1,RDS:Multi-AZ-Storage,559.31,USD,887766554433
aws,2026-04-27,DynamoDB,sa-east-1,OnDemandIO-Read,39.68,USD,887766554433
aws,2026-04-27,DynamoDB,us-east-1,ReadCapacityUnits,83.41,USD,998877665544
aws,2026-04-28,CloudFront,us-west-2,DataTransfer-Out-Bytes,120.92,USD,998877665544
aws,2026-04-28,ECS,eu-west-1,Fargate-vCPU-Hours,13.12,USD,554433221100
aws,2026-04-28,OpenSearch,eu-west-1,Storage-GP3-ByteHrs,643.73,USD,554433221100
aws,2026-04-28,ElastiCache,eu-central-1,NodeUsage:cache.m6g.large,620.62,USD,998877665544
aws,2026-04-28,EC2,eu-west-1,EBS:VolumeUsage.gp3,451.89,USD,998877665544
aws,2026-04-28,Kinesis,ap-southeast-1,ShardHour,19.29,USD,998877665544
aws,2026-04-28,OpenSearch,ap-south-1,Storage-GP3-ByteHrs,207.29,USD,887766554433
aws,2026-04-28,DynamoDB,sa-east-1,OnDemandIO-Read,129.26,USD,887766554433
aws,2026-04-28,ElastiCache,sa-east-1,NodeUsage:cache.m6g.large,533.29,USD,998877665544
aws,2026-04-28,RDS,ap-southeast-1,InstanceUsage:db.r6g.2xlarge,273.6,USD,887766554433
aws,2026-04-28,EKS,us-east-1,EKS-Cluster-Hours,233.28,USD,998877665544
aws,2026-04-28,DynamoDB,eu-west-1,WriteCapacityUnits,7.83,USD,998877665544
aws,2026-04-28,ECS,eu-central-1,Fargate-GB-Hours,26.15,USD,554433221100
aws,2026-04-28,Kinesis,us-west-2,PUT-Payload-Units,78.56,USD,887766554433
aws,2026-04-28,OpenSearch,us-east-1,DomainUsage:or1.medium,1417.01,USD,887766554433
aws,2026-04-28,S3,sa-east-1,DeepArchiveStorage,113.54,USD,998877665544
aws,2026-04-29,Lambda,eu-west-1,RequestCount,89.25,USD,554433221100
aws,2026-04-29,CloudFront,us-west-2,Invalidations,77.77,USD,554433221100
aws,2026-04-29,RDS,ap-south-1,InstanceUsage:db.m6g.xlarge,973.3,USD,554433221100
aws,2026-04-29,CloudFront,eu-west-1,Invalidations,100.1,USD,998877665544
aws,2026-04-29,EKS,eu-west-1,Fargate-vCPU-Hours,695.0,USD,554433221100
aws,2026-04-29,DynamoDB,eu-central-1,OnDemandIO-Read,102.13,USD,554433221100
aws,2026-04-29,OpenSearch,us-east-1,DomainUsage:or1.medium,323.99,USD,998877665544
aws,2026-04-29,S3,us-east-1,DeepArchiveStorage,74.4,USD,887766554433
aws,2026-04-29,CloudFront,us-west-2,Requests-HTTPS-Proxy,62.94,USD,887766554433
aws,2026-04-30,S3,eu-west-1,DataTransfer-Out-Bytes,139.89,USD,554433221100
aws,2026-04-30,RDS,ap-south-1,InstanceUsage:db.r6g.2xlarge,1427.53,USD,998877665544
aws,2026-04-30,EC2,us-east-1,DataTransfer-Out-Bytes,191.68,USD,998877665544
aws,2026-04-30,RDS,ap-south-1,InstanceUsage:db.m6g.xlarge,591.45,USD,887766554433
aws,2026-04-30,OpenSearch,us-west-2,DomainUsage:or1.medium,664.16,USD,998877665544
aws,2026-04-30,Kinesis,ap-southeast-1,ShardHour,61.36,USD,887766554433
aws,2026-04-30,OpenSearch,ap-southeast-1,DomainUsage:or1.medium,1489.82,USD,554433221100
aws,2026-04-30,Redshift,sa-east-1,NodeUsage:ra3.xlplus,1577.4,USD,887766554433
aws,2026-04-30,ECS,sa-east-1,Fargate-vCPU-Hours,109.54,USD,554433221100
aws,2026-04-30,Lambda,ap-southeast-1,Lambda-GB-Second,94.07,USD,554433221100
aws,2026-05-01,RDS,ap-southeast-1,RDS:Multi-AZ-Storage,1444.74,USD,998877665544
aws,2026-05-01,Lambda,us-west-2,Lambda-GB-Second,16.26,USD,554433221100
aws,2026-05-01,CloudFront,eu-central-1,DataTransfer-Out-Bytes,48.86,USD,998877665544
aws,2026-05-01,Kinesis,ap-south-1,ShardHour,75.61,USD,998877665544
aws,2026-05-01,RDS,ap-southeast-1,RDS:PIOPS-Storage,468.13,USD,998877665544
aws,2026-05-01,RDS,ap-south-1,InstanceUsage:db.r6g.2xlarge,72.64,USD,554433221100
aws,2026-05-01,Lambda,eu-west-1,Lambda-GB-Second,18.03,USD,887766554433
aws,2026-05-01,Kinesis,eu-central-1,PUT-Payload-Units,53.62,USD,554433221100
aws,2026-05-01,DynamoDB,eu-central-1,ReadCapacityUnits,37.55,USD,887766554433
aws,2026-05-01,OpenSearch,sa-east-1,Storage-GP3-ByteHrs,863.08,USD,998877665544
aws,2026-05-01,DynamoDB,eu-west-1,OnDemandIO-Read,130.15,USD,554433221100
aws,2026-05-01,OpenSearch,eu-central-1,Storage-GP3-ByteHrs,497.48,USD,554433221100
aws,2026-05-01,ECS,ap-south-1,Fargate-vCPU-Hours,66.53,USD,887766554433
aws,2026-05-01,CloudFront,sa-east-1,DataTransfer-Out-Bytes,16.62,USD,887766554433
aws,2026-05-01,DynamoDB,sa-east-1,WriteCapacityUnits,112.62,USD,998877665544
aws,2026-05-01,RDS,sa-east-1,RDS:Multi-AZ-Storage,286.8,USD,554433221100
aws,2026-05-01,DynamoDB,ap-southeast-1,ReadCapacityUnits,12.88,USD,887766554433
aws,2026-05-01,ElastiCache,ap-southeast-1,NodeUsage:cache.m6g.large,72.28,USD,887766554433
aws,2026-05-02,EKS,ap-south-1,EKS-Cluster-Hours,487.25,USD,887766554433
aws,2026-05-02,ElastiCache,us-west-2,NodeUsage:cache.r6g.large,440.05,USD,887766554433
aws,2026-05-02,Redshift,sa-east-1,NodeUsage:ra3.xlplus,227.91,USD,998877665544
aws,2026-05-02,ECS,ap-south-1,Fargate-vCPU-Hours,25.54,USD,554433221100
aws,2026-05-02,EC2,eu-west-1,BoxUsage:r6g.xlarge,760.37,USD,998877665544
aws,2026-05-02,EKS,ap-southeast-1,EKS-Cluster-Hours,684.16,USD,554433221100
aws,2026-05-02,Kinesis,eu-west-1,PUT-Payload-Units,59.74,USD,554433221100
aws,2026-05-03,OpenSearch,sa-east-1,DomainUsage:or1.medium,1050.74,USD,998877665544
aws,2026-05-03,ElastiCache,eu-central-1,NodeUsage:cache.r6g.large,525.26,USD,998877665544
aws,2026-05-03,OpenSearch,sa-east-1,DomainUsage:or1.medium,412.52,USD,887766554433
aws,2026-05-03,EKS,eu-west-1,Fargate-vCPU-Hours,93.17,USD,554433221100
aws,2026-05-03,RDS,eu-west-1,InstanceUsage:db.m6g.xlarge,714.73,USD,887766554433
aws,2026-05-03,CloudFront,ap-south-1,Invalidations,24.9,USD,887766554433
aws,2026-05-03,ElastiCache,eu-central-1,NodeUsage:cache.m6g.large,406.84,USD,554433221100
aws,2026-05-03,S3,us-west-2,Requests-Tier1,65.45,USD,887766554433
aws,2026-05-03,Lambda,ap-south-1,RequestCount,117.08,USD,998877665544
aws,2026-05-03,RDS,eu-central-1,RDS:Multi-AZ-Storage,837.95,USD,554433221100
aws,2026-05-03,ElastiCache,sa-east-1,NodeUsage:cache.m6g.large,471.51,USD,554433221100
aws,2026-05-03,Redshift,us-east-1,Storage-ByteHrs,1453.08,USD,998877665544
aws,2026-05-03,ECS,us-east-1,Fargate-GB-Hours,8.74,USD,887766554433
aws,2026-05-03,OpenSearch,sa-east-1,DomainUsage:or1.medium,1573.52,USD,554433221100
aws,2026-05-04,OpenSearch,us-west-2,Storage-GP3-ByteHrs,1226.22,USD,998877665544
aws,2026-05-04,ElastiCache,us-east-1,NodeUsage:cache.r6g.large,774.37,USD,998877665544
aws,2026-05-04,S3,ap-southeast-1,DataTransfer-Out-Bytes,103.81,USD,554433221100
aws,2026-05-04,S3,us-east-1,TimedStorage-ByteHrs,109.08,USD,887766554433
aws,2026-05-04,RDS,us-east-1,RDS:PIOPS-Storage,1585.03,USD,554433221100
aws,2026-05-04,EC2,ap-southeast-1,BoxUsage:c6i.2xlarge,268.18,USD,887766554433
aws,2026-05-04,DynamoDB,sa-east-1,TimedStorage-ByteHrs,34.36,USD,887766554433
aws,2026-05-04,OpenSearch,eu-west-1,Storage-GP3-ByteHrs,1154.53,USD,998877665544
aws,2026-05-04,Kinesis,ap-southeast-1,ShardHour,8.13,USD,998877665544
aws,2026-05-04,Redshift,us-west-2,NodeUsage:ra3.xlplus,973.09,USD,554433221100
aws,2026-05-04,ECS,ap-southeast-1,Fargate-GB-Hours,106.79,USD,998877665544
aws,2026-05-04,EC2,sa-east-1,DataTransfer-Out-Bytes,663.95,USD,887766554433
aws,2026-05-04,OpenSearch,ap-south-1,DomainUsage:or1.medium,311.9,USD,887766554433
aws,2026-05-04,RDS,ap-southeast-1,RDS:Multi-AZ-Storage,1391.0,USD,554433221100
aws,2026-05-04,OpenSearch,sa-east-1,Storage-GP3-ByteHrs,1441.19,USD,887766554433
aws,2026-05-05,DynamoDB,sa-east-1,OnDemandIO-Read,51.58,USD,887766554433
aws,2026-05-05,EKS,us-east-1,Fargate-vCPU-Hours,584.8,USD,998877665544
aws,2026-05-05,RDS,eu-central-1,RDS:Multi-AZ-Storage,624.8,USD,998877665544
aws,2026-05-05,ElastiCache,us-east-1,NodeUsage:cache.m6g.large,268.75,USD,887766554433
aws,2026-05-05,RDS,eu-west-1,RDS:PIOPS-Storage,1232.69,USD,554433221100
aws,2026-05-05,Kinesis,us-east-1,ShardHour,115.42,USD,887766554433
aws,2026-05-05,DynamoDB,ap-south-1,OnDemandIO-Read,89.27,USD,887766554433
aws,2026-05-05,S3,eu-central-1,DeepArchiveStorage,100.74,USD,998877665544
aws,2026-05-06,Lambda,ap-southeast-1,Lambda-GB-Second,23.97,USD,998877665544
aws,2026-05-06,Lambda,ap-southeast-1,ProvisionedConcurrency,83.63,USD,998877665544
aws,2026-05-06,EKS,sa-east-1,EKS-Cluster-Hours,635.38,USD,887766554433
aws,2026-05-06,RDS,us-east-1,RDS:PIOPS-Storage,667.6,USD,887766554433
aws,2026-05-06,DynamoDB,eu-central-1,WriteCapacityUnits,57.8,USD,998877665544
aws,2026-05-06,RDS,us-west-2,InstanceUsage:db.r6g.2xlarge,285.52,USD,998877665544
aws,2026-05-06,OpenSearch,eu-west-1,Storage-GP3-ByteHrs,1166.23,USD,554433221100
aws,2026-05-06,S3,ap-southeast-1,Requests-Tier1,42.54,USD,998877665544
aws,2026-05-06,Redshift,us-west-2,Storage-ByteHrs,1212.98,USD,887766554433
aws,2026-05-06,Kinesis,us-east-1,PUT-Payload-Units,54.05,USD,998877665544
aws,2026-05-06,RDS,eu-central-1,RDS:PIOPS-Storage,1396.48,USD,554433221100
aws,2026-05-06,RDS,ap-south-1,RDS:Multi-AZ-Storage,1143.47,USD,887766554433
aws,2026-05-06,EC2,us-east-1,DataTransfer-Out-Bytes,552.2,USD,554433221100
aws,2026-05-06,ECS,us-west-2,Fargate-vCPU-Hours,61.11,USD,998877665544
aws,2026-05-06,CloudFront,us-west-2,Requests-HTTPS-Proxy,63.26,USD,554433221100
aws,2026-05-06,ECS,us-west-2,Fargate-GB-Hours,124.54,USD,887766554433
aws,2026-05-06,Kinesis,us-west-2,PUT-Payload-Units,2.76,USD,998877665544
aws,2026-05-06,Kinesis,sa-east-1,ShardHour,131.23,USD,887766554433
aws,2026-05-07,Lambda,sa-east-1,RequestCount,62.0,USD,554433221100
aws,2026-05-07,S3,eu-west-1,DeepArchiveStorage,35.33,USD,887766554433
aws,2026-05-07,ElastiCache,ap-southeast-1,NodeUsage:cache.m6g.large,193.14,USD,998877665544
aws,2026-05-07,S3,us-west-2,TimedStorage-ByteHrs,54.1,USD,887766554433
aws,2026-05-07,ECS,ap-southeast-1,Fargate-GB-Hours,21.42,USD,887766554433
aws,2026-05-07,Kinesis,us-west-2,ShardHour,38.47,USD,554433221100
aws,2026-05-07,EKS,sa-east-1,EKS-Cluster-Hours,294.58,USD,554433221100
aws,2026-05-07,Lambda,eu-central-1,RequestCount,35.04,USD,887766554433
aws,2026-05-07,ECS,us-west-2,Fargate-GB-Hours,108.31,USD,998877665544
aws,2026-05-07,OpenSearch,eu-west-1,DomainUsage:or1.medium,1388.35,USD,554433221100
aws,2026-05-07,ECS,us-west-2,Fargate-GB-Hours,138.58,USD,887766554433
aws,2026-05-08,Redshift,ap-south-1,Storage-ByteHrs,144.07,USD,887766554433
aws,2026-05-08,Redshift,sa-east-1,NodeUsage:ra3.xlplus,114.97,USD,887766554433
aws,2026-05-08,EC2,ap-southeast-1,DataTransfer-Out-Bytes,524.8,USD,887766554433
aws,2026-05-08,CloudFront,us-east-1,Requests-HTTPS-Proxy,53.76,USD,554433221100
aws,2026-05-08,CloudFront,ap-south-1,Invalidations,58.45,USD,998877665544
aws,2026-05-08,S3,us-west-2,DataTransfer-Out-Bytes,139.2,USD,554433221100
aws,2026-05-08,EC2,sa-east-1,DataTransfer-Out-Bytes,73.72,USD,554433221100
aws,2026-05-09,ElastiCache,ap-southeast-1,NodeUsage:cache.r6g.large,737.88,USD,554433221100
aws,2026-05-09,RDS,ap-south-1,RDS:PIOPS-Storage,708.18,USD,998877665544
aws,2026-05-09,DynamoDB,us-east-1,TimedStorage-ByteHrs,42.02,USD,887766554433
aws,2026-05-09,ECS,sa-east-1,Fargate-vCPU-Hours,24.85,USD,887766554433
aws,2026-05-09,S3,sa-east-1,TimedStorage-ByteHrs,28.9,USD,887766554433
aws,2026-05-09,Lambda,eu-west-1,RequestCount,78.43,USD,998877665544
aws,2026-05-09,Lambda,eu-central-1,RequestCount,33.35,USD,554433221100
aws,2026-05-09,Redshift,eu-west-1,Storage-ByteHrs,770.05,USD,998877665544
aws,2026-05-09,Redshift,us-west-2,NodeUsage:ra3.xlplus,479.18,USD,554433221100
aws,2026-05-09,CloudFront,eu-central-1,Requests-HTTPS-Proxy,69.82,USD,887766554433
aws,2026-05-10,OpenSearch,us-east-1,Storage-GP3-ByteHrs,507.37,USD,887766554433
aws,2026-05-10,OpenSearch,eu-west-1,Storage-GP3-ByteHrs,46.23,USD,554433221100
aws,2026-05-10,Kinesis,ap-southeast-1,ShardHour,43.12,USD,998877665544
aws,2026-05-10,Redshift,ap-southeast-1,NodeUsage:ra3.xlplus,376.39,USD,998877665544
aws,2026-05-10,EC2,eu-west-1,EBS:VolumeUsage.gp3,203.59,USD,554433221100
aws,2026-05-10,DynamoDB,ap-south-1,ReadCapacityUnits,113.72,USD,887766554433
aws,2026-05-10,CloudFront,eu-central-1,DataTransfer-Out-Bytes,30.48,USD,887766554433
aws,2026-05-10,CloudFront,us-west-2,Requests-HTTPS-Proxy,49.23,USD,998877665544
aws,2026-05-10,Redshift,ap-south-1,NodeUsage:ra3.xlplus,89.04,USD,554433221100
aws,2026-05-10,ECS,ap-southeast-1,Fargate-GB-Hours,92.29,USD,554433221100
aws,2026-05-10,Kinesis,us-west-2,PUT-Payload-Units,45.6,USD,554433221100
aws,2026-05-10,RDS,sa-east-1,InstanceUsage:db.m6g.xlarge,121.43,USD,887766554433
aws,2026-05-10,EC2,us-east-1,BoxUsage:c6i.2xlarge,650.13,USD,887766554433
aws,2026-05-11,ECS,eu-west-1,Fargate-vCPU-Hours,121.36,USD,887766554433
aws,2026-05-11,EC2,us-east-1,DataTransfer-Out-Bytes,300.07,USD,998877665544
aws,2026-05-11,S3,us-east-1,Requests-Tier1,126.77,USD,887766554433
aws,2026-05-11,Lambda,eu-west-1,RequestCount,85.4,USD,554433221100
aws,2026-05-11,EKS,us-east-1,Fargate-vCPU-Hours,491.27,USD,554433221100
aws,2026-05-11,OpenSearch,eu-west-1,Storage-GP3-ByteHrs,1050.78,USD,998877665544
aws,2026-05-11,S3,eu-west-1,TimedStorage-ByteHrs,7.76,USD,887766554433
aws,2026-05-11,ElastiCache,sa-east-1,NodeUsage:cache.r6g.large,287.91,USD,887766554433
aws,2026-05-11,Redshift,eu-central-1,Storage-ByteHrs,98.59,USD,554433221100
aws,2026-05-12,EKS,ap-southeast-1,EKS-Cluster-Hours,476.43,USD,887766554433
aws,2026-05-12,OpenSearch,us-east-1,DomainUsage:or1.medium,230.14,USD,554433221100
aws,2026-05-12,S3,us-west-2,TimedStorage-ByteHrs,22.46,USD,887766554433
aws,2026-05-12,S3,ap-southeast-1,Requests-Tier1,69.38,USD,998877665544
aws,2026-05-12,CloudFront,eu-west-1,Invalidations,121.89,USD,887766554433
aws,2026-05-12,EC2,eu-west-1,BoxUsage:r6g.xlarge,190.12,USD,554433221100
aws,2026-05-13,DynamoDB,eu-west-1,TimedStorage-ByteHrs,139.95,USD,554433221100
aws,2026-05-13,EC2,eu-central-1,EBS:VolumeUsage.gp3,692.56,USD,554433221100
aws,2026-05-13,EC2,us-east-1,BoxUsage:t4g.xlarge,71.75,USD,887766554433
aws,2026-05-13,RDS,us-east-1,InstanceUsage:db.m6g.xlarge,725.82,USD,554433221100
aws,2026-05-13,EC2,us-east-1,BoxUsage:c6i.2xlarge,17.47,USD,554433221100
aws,2026-05-13,EC2,us-west-2,BoxUsage:c6i.2xlarge,502.29,USD,998877665544
aws,2026-05-13,EC2,eu-central-1,EBS:VolumeUsage.gp3,219.1,USD,554433221100
aws,2026-05-13,Lambda,ap-south-1,ProvisionedConcurrency,3.29,USD,998877665544
aws,2026-05-13,CloudFront,ap-southeast-1,Requests-HTTPS-Proxy,107.12,USD,998877665544
aws,2026-05-13,CloudFront,us-east-1,Requests-HTTPS-Proxy,18.54,USD,998877665544
aws,2026-05-13,Lambda,sa-east-1,ProvisionedConcurrency,36.73,USD,887766554433
aws,2026-05-14,OpenSearch,eu-west-1,DomainUsage:or1.medium,1373.06,USD,998877665544
aws,2026-05-14,Redshift,eu-west-1,NodeUsage:ra3.xlplus,774.51,USD,887766554433
aws,2026-05-14,RDS,us-west-2,RDS:Multi-AZ-Storage,1312.99,USD,554433221100
aws,2026-05-14,ElastiCache,us-east-1,NodeUsage:cache.m6g.large,208.06,USD,998877665544
aws,2026-05-14,CloudFront,ap-south-1,Invalidations,26.4,USD,887766554433
aws,2026-05-14,EKS,ap-southeast-1,EKS-Cluster-Hours,610.05,USD,887766554433
aws,2026-05-14,ElastiCache,sa-east-1,NodeUsage:cache.r6g.large,512.0,USD,998877665544
aws,2026-05-14,Redshift,ap-south-1,Storage-ByteHrs,655.03,USD,998877665544
aws,2026-05-14,EC2,eu-west-1,BoxUsage:t4g.xlarge,117.25,USD,554433221100
aws,2026-05-14,OpenSearch,eu-central-1,DomainUsage:or1.medium,940.41,USD,887766554433
aws,2026-05-14,EKS,sa-east-1,EKS-Cluster-Hours,614.05,USD,887766554433
aws,2026-05-15,RDS,sa-east-1,InstanceUsage:db.m6g.xlarge,679.49,USD,554433221100
aws,2026-05-15,Kinesis,eu-central-1,PUT-Payload-Units,52.81,USD,998877665544
aws,2026-05-15,EKS,sa-east-1,Fargate-vCPU-Hours,311.45,USD,998877665544
aws,2026-05-15,DynamoDB,ap-southeast-1,OnDemandIO-Read,105.88,USD,554433221100
aws,2026-05-15,Lambda,sa-east-1,RequestCount,117.17,USD,998877665544
aws,2026-05-15,CloudFront,us-west-2,Invalidations,92.07,USD,998877665544
aws,2026-05-15,Lambda,us-west-2,Lambda-GB-Second,7.67,USD,998877665544
aws,2026-05-15,Lambda,ap-southeast-1,RequestCount,50.17,USD,554433221100
aws,2026-05-15,ECS,us-east-1,Fargate-vCPU-Hours,99.01,USD,887766554433
aws,2026-05-16,ECS,sa-east-1,Fargate-vCPU-Hours,113.69,USD,998877665544
aws,2026-05-16,RDS,ap-south-1,InstanceUsage:db.r6g.2xlarge,930.29,USD,998877665544
aws,2026-05-16,EC2,eu-west-1,BoxUsage:t4g.xlarge,628.97,USD,998877665544
aws,2026-05-16,ElastiCache,eu-central-1,NodeUsage:cache.m6g.large,268.61,USD,887766554433
aws,2026-05-16,EKS,ap-south-1,EKS-Cluster-Hours,518.21,USD,554433221100
aws,2026-05-16,CloudFront,sa-east-1,DataTransfer-Out-Bytes,75.85,USD,887766554433
aws,2026-05-16,S3,eu-central-1,DataTransfer-Out-Bytes,4.83,USD,887766554433
aws,2026-05-16,ElastiCache,sa-east-1,NodeUsage:cache.r6g.large,422.1,USD,887766554433
aws,2026-05-16,Lambda,ap-southeast-1,RequestCount,71.45,USD,998877665544
aws,2026-05-16,RDS,us-east-1,InstanceUsage:db.r6g.2xlarge,329.75,USD,998877665544
aws,2026-05-17,S3,eu-central-1,TimedStorage-ByteHrs,113.96,USD,554433221100
aws,2026-05-17,RDS,ap-south-1,RDS:Multi-AZ-Storage,1028.58,USD,554433221100
aws,2026-05-17,Lambda,ap-south-1,ProvisionedConcurrency,123.48,USD,998877665544
aws,2026-05-17,ElastiCache,us-east-1,NodeUsage:cache.r6g.large,234.94,USD,998877665544
aws,2026-05-17,ECS,us-east-1,Fargate-GB-Hours,135.08,USD,554433221100
aws,2026-05-17,EKS,us-east-1,Fargate-vCPU-Hours,410.82,USD,554433221100
aws,2026-05-17,EKS,eu-central-1,EKS-Cluster-Hours,497.27,USD,998877665544
aws,2026-05-17,OpenSearch,us-west-2,Storage-GP3-ByteHrs,984.83,USD,554433221100
aws,2026-05-17,OpenSearch,eu-central-1,Storage-GP3-ByteHrs,564.56,USD,554433221100
aws,2026-05-17,DynamoDB,ap-south-1,ReadCapacityUnits,95.85,USD,887766554433
aws,2026-05-17,EKS,sa-east-1,EKS-Cluster-Hours,621.76,USD,887766554433
aws,2026-05-17,S3,sa-east-1,TimedStorage-ByteHrs,18.13,USD,998877665544
aws,2026-05-17,Lambda,us-east-1,ProvisionedConcurrency,87.65,USD,887766554433
aws,2026-05-18,DynamoDB,eu-central-1,WriteCapacityUnits,72.8,USD,554433221100
aws,2026-05-18,ElastiCache,sa-east-1,NodeUsage:cache.m6g.large,17.07,USD,554433221100
aws,2026-05-18,DynamoDB,us-west-2,TimedStorage-ByteHrs,130.31,USD,998877665544
aws,2026-05-18,Redshift,us-west-2,NodeUsage:ra3.xlplus,1383.14,USD,554433221100
aws,2026-05-18,EKS,us-west-2,EKS-Cluster-Hours,464.69,USD,554433221100
aws,2026-05-18,EKS,us-east-1,Fargate-vCPU-Hours,276.43,USD,887766554433
aws,2026-05-18,Lambda,us-east-1,ProvisionedConcurrency,32.05,USD,554433221100
aws,2026-05-18,CloudFront,us-east-1,DataTransfer-Out-Bytes,43.93,USD,998877665544
aws,2026-05-18,S3,us-west-2,Requests-Tier1,97.85,USD,998877665544
aws,2026-05-18,Kinesis,eu-central-1,PUT-Payload-Units,65.44,USD,554433221100
aws,2026-05-18,ECS,us-east-1,Fargate-GB-Hours,44.6,USD,998877665544
aws,2026-05-18,ElastiCache,sa-east-1,NodeUsage:cache.m6g.large,70.8,USD,554433221100
aws,2026-05-18,Lambda,ap-southeast-1,Lambda-GB-Second,118.47,USD,554433221100
aws,2026-05-18,Lambda,ap-south-1,Lambda-GB-Second,139.4,USD,998877665544
aws,2026-05-19,Kinesis,us-west-2,ShardHour,76.1,USD,887766554433
aws,2026-05-19,EC2,us-west-2,EBS:VolumeUsage.gp3,404.37,USD,998877665544
aws,2026-05-19,Lambda,us-east-1,ProvisionedConcurrency,127.12,USD,887766554433
aws,2026-05-19,OpenSearch,us-west-2,Storage-GP3-ByteHrs,1074.89,USD,887766554433
aws,2026-05-19,ElastiCache,us-east-1,NodeUsage:cache.r6g.large,619.57,USD,998877665544
aws,2026-05-19,CloudFront,us-east-1,Requests-HTTPS-Proxy,31.0,USD,554433221100
aws,2026-05-19,Lambda,sa-east-1,RequestCount,40.05,USD,554433221100
aws,2026-05-19,ECS,eu-central-1,Fargate-GB-Hours,111.13,USD,887766554433
aws,2026-05-19,EKS,eu-central-1,EKS-Cluster-Hours,116.23,USD,554433221100
aws,2026-05-19,DynamoDB,eu-central-1,ReadCapacityUnits,46.86,USD,998877665544
aws,2026-05-19,EC2,eu-west-1,BoxUsage:t4g.xlarge,173.44,USD,998877665544
aws,2026-05-19,EC2,eu-central-1,DataTransfer-Out-Bytes,522.73,USD,998877665544
aws,2026-05-19,S3,us-east-1,DataTransfer-Out-Bytes,84.69,USD,887766554433
aws,2026-05-19,Redshift,ap-southeast-1,Storage-ByteHrs,189.01,USD,998877665544
aws,2026-05-19,EKS,sa-east-1,EKS-Cluster-Hours,314.34,USD,887766554433
aws,2026-05-19,S3,sa-east-1,DataTransfer-Out-Bytes,73.62,USD,998877665544
aws,2026-05-20,Redshift,us-west-2,Storage-ByteHrs,417.68,USD,554433221100
aws,2026-05-20,CloudFront,sa-east-1,Invalidations,4.33,USD,887766554433
aws,2026-05-20,EC2,us-west-2,EBS:VolumeUsage.gp3,777.07,USD,887766554433
aws,2026-05-20,DynamoDB,ap-south-1,OnDemandIO-Read,23.27,USD,554433221100
aws,2026-05-20,S3,eu-west-1,TimedStorage-ByteHrs,128.0,USD,887766554433
aws,2026-05-20,CloudFront,sa-east-1,DataTransfer-Out-Bytes,3033.03,USD,554433221100
aws,2026-05-20,EC2,eu-central-1,BoxUsage:t4g.xlarge,2437.78,USD,554433221100
aws,2026-05-20,DynamoDB,eu-west-1,OnDemandIO-Read,3741.85,USD,998877665544
aws,2026-05-20,Lambda,sa-east-1,ProvisionedConcurrency,103.58,USD,998877665544
aws,2026-05-20,Kinesis,eu-central-1,ShardHour,73.4,USD,887766554433
aws,2026-05-21,Kinesis,us-east-1,PUT-Payload-Units,76.39,USD,998877665544
aws,2026-05-21,Redshift,ap-south-1,Storage-ByteHrs,1558.78,USD,554433221100
aws,2026-05-21,Kinesis,eu-west-1,ShardHour,67.05,USD,998877665544
aws,2026-05-21,CloudFront,ap-south-1,DataTransfer-Out-Bytes,36.16,USD,554433221100
aws,2026-05-21,S3,eu-west-1,DeepArchiveStorage,127.05,USD,887766554433
aws,2026-05-21,RDS,us-east-1,InstanceUsage:db.r6g.2xlarge,814.24,USD,554433221100
aws,2026-05-21,Kinesis,us-west-2,ShardHour,89.9,USD,554433221100
aws,2026-05-21,Redshift,us-east-1,NodeUsage:ra3.xlplus,1216.91,USD,998877665544
aws,2026-05-21,Redshift,us-west-2,Storage-ByteHrs,130.82,USD,554433221100
aws,2026-05-21,Kinesis,us-east-1,ShardHour,77.5,USD,554433221100
aws,2026-05-21,CloudFront,ap-southeast-1,DataTransfer-Out-Bytes,125.71,USD,554433221100
aws,2026-05-22,ElastiCache,us-east-1,NodeUsage:cache.m6g.large,145.64,USD,554433221100
aws,2026-05-22,EC2,us-west-2,BoxUsage:t4g.xlarge,171.29,USD,887766554433
aws,2026-05-22,DynamoDB,us-east-1,OnDemandIO-Read,88.42,USD,887766554433
aws,2026-05-22,EKS,us-west-2,EKS-Cluster-Hours,354.76,USD,887766554433
aws,2026-05-22,ECS,ap-south-1,Fargate-vCPU-Hours,108.65,USD,887766554433
aws,2026-05-23,EC2,eu-west-1,BoxUsage:r6g.xlarge,569.34,USD,554433221100
aws,2026-05-23,RDS,ap-south-1,InstanceUsage:db.r6g.2xlarge,1540.94,USD,554433221100
aws,2026-05-23,RDS,us-west-2,InstanceUsage:db.r6g.2xlarge,48.36,USD,998877665544
aws,2026-05-23,EKS,eu-central-1,EKS-Cluster-Hours,314.13,USD,887766554433
aws,2026-05-23,OpenSearch,us-west-2,Storage-GP3-ByteHrs,1554.44,USD,998877665544
aws,2026-05-23,DynamoDB,us-east-1,OnDemandIO-Read,119.82,USD,887766554433
aws,2026-05-23,ElastiCache,ap-southeast-1,NodeUsage:cache.r6g.large,616.92,USD,998877665544
aws,2026-05-23,Lambda,ap-south-1,ProvisionedConcurrency,119.71,USD,887766554433
aws,2026-05-23,Lambda,ap-southeast-1,Lambda-GB-Second,135.73,USD,887766554433
aws,2026-05-23,S3,eu-central-1,DataTransfer-Out-Bytes,12.99,USD,887766554433
aws,2026-05-23,Lambda,us-west-2,ProvisionedConcurrency,28.06,USD,998877665544
aws,2026-05-23,EKS,ap-south-1,Fargate-vCPU-Hours,125.05,USD,887766554433
aws,2026-05-24,Lambda,sa-east-1,Lambda-GB-Second,66.79,USD,998877665544
aws,2026-05-24,ElastiCache,ap-south-1,NodeUsage:cache.m6g.large,352.27,USD,554433221100
aws,2026-05-24,CloudFront,eu-west-1,DataTransfer-Out-Bytes,43.73,USD,554433221100
aws,2026-05-24,Kinesis,sa-east-1,PUT-Payload-Units,93.31,USD,887766554433
aws,2026-05-24,ElastiCache,eu-central-1,NodeUsage:cache.r6g.large,287.13,USD,998877665544
aws,2026-05-24,OpenSearch,sa-east-1,DomainUsage:or1.medium,1242.3,USD,998877665544
aws,2026-05-24,OpenSearch,sa-east-1,Storage-GP3-ByteHrs,305.35,USD,887766554433
aws,2026-05-24,ECS,ap-southeast-1,Fargate-GB-Hours,35.76,USD,998877665544
aws,2026-05-24,S3,ap-southeast-1,TimedStorage-ByteHrs,56.29,USD,554433221100
aws,2026-05-24,Lambda,ap-southeast-1,RequestCount,7.21,USD,887766554433
aws,2026-05-24,CloudFront,ap-southeast-1,DataTransfer-Out-Bytes,84.15,USD,887766554433
aws,2026-05-24,Lambda,ap-south-1,ProvisionedConcurrency,111.66,USD,998877665544
aws,2026-05-24,RDS,eu-central-1,InstanceUsage:db.r6g.2xlarge,854.54,USD,554433221100
aws,2026-05-25,RDS,ap-southeast-1,RDS:Multi-AZ-Storage,1403.55,USD,887766554433
aws,2026-05-25,Redshift,eu-west-1,NodeUsage:ra3.xlplus,879.76,USD,554433221100
aws,2026-05-25,EKS,us-east-1,Fargate-vCPU-Hours,407.02,USD,554433221100
aws,2026-05-25,S3,sa-east-1,DeepArchiveStorage,7.84,USD,998877665544
aws,2026-05-25,S3,sa-east-1,TimedStorage-ByteHrs,125.74,USD,554433221100
aws,2026-05-25,Redshift,eu-central-1,Storage-ByteHrs,687.32,USD,554433221100
aws,2026-05-25,DynamoDB,eu-west-1,TimedStorage-ByteHrs,53.97,USD,887766554433
aws,2026-05-25,CloudFront,eu-west-1,Requests-HTTPS-Proxy,51.08,USD,554433221100
aws,2026-05-25,DynamoDB,eu-central-1,WriteCapacityUnits,81.26,USD,887766554433
aws,2026-05-25,ECS,us-east-1,Fargate-vCPU-Hours,92.28,USD,554433221100
aws,2026-05-25,DynamoDB,sa-east-1,WriteCapacityUnits,74.36,USD,554433221100
aws,2026-05-25,S3,us-east-1,DataTransfer-Out-Bytes,57.59,USD,554433221100
aws,2026-05-25,DynamoDB,sa-east-1,WriteCapacityUnits,85.9,USD,554433221100
aws,2026-05-25,S3,sa-east-1,DeepArchiveStorage,10.06,USD,887766554433
aws,2026-05-26,EKS,ap-south-1,EKS-Cluster-Hours,749.06,USD,554433221100
aws,2026-05-26,ElastiCache,eu-west-1,NodeUsage:cache.r6g.large,322.71,USD,887766554433
aws,2026-05-26,Redshift,us-west-2,NodeUsage:ra3.xlplus,178.57,USD,554433221100
aws,2026-05-26,CloudFront,us-east-1,Requests-HTTPS-Proxy,62.43,USD,554433221100
aws,2026-05-26,RDS,sa-east-1,RDS:PIOPS-Storage,369.5,USD,998877665544
aws,2026-05-26,EKS,ap-south-1,Fargate-vCPU-Hours,470.35,USD,887766554433
aws,2026-05-26,Kinesis,eu-central-1,PUT-Payload-Units,71.58,USD,887766554433
aws,2026-05-26,Lambda,ap-south-1,Lambda-GB-Second,95.69,USD,554433221100
aws,2026-05-26,ECS,ap-southeast-1,Fargate-vCPU-Hours,17.47,USD,887766554433
aws,2026-05-26,Lambda,ap-southeast-1,ProvisionedConcurrency,66.07,USD,554433221100
aws,2026-05-26,EC2,sa-east-1,BoxUsage:t4g.xlarge,749.0,USD,554433221100
aws,2026-05-27,EC2,sa-east-1,DataTransfer-Out-Bytes,250.59,USD,998877665544
aws,2026-05-27,CloudFront,us-east-1,Requests-HTTPS-Proxy,80.11,USD,554433221100
aws,2026-05-27,Lambda,us-west-2,ProvisionedConcurrency,5.44,USD,554433221100
aws,2026-05-27,ElastiCache,us-east-1,NodeUsage:cache.m6g.large,473.94,USD,554433221100
aws,2026-05-27,ElastiCache,eu-central-1,NodeUsage:cache.r6g.large,693.88,USD,998877665544
aws,2026-05-27,RDS,sa-east-1,RDS:Multi-AZ-Storage,502.82,USD,998877665544
aws,2026-05-27,DynamoDB,us-east-1,OnDemandIO-Read,2.45,USD,554433221100
aws,2026-05-27,RDS,ap-south-1,RDS:Multi-AZ-Storage,813.03,USD,554433221100
aws,2026-05-27,Lambda,sa-east-1,RequestCount,66.17,USD,554433221100
aws,2026-05-27,Redshift,sa-east-1,Storage-ByteHrs,1106.75,USD,554433221100
aws,2026-05-27,Redshift,us-east-1,NodeUsage:ra3.xlplus,1319.62,USD,554433221100
aws,2026-05-28,Redshift,eu-west-1,NodeUsage:ra3.xlplus,1292.05,USD,887766554433
aws,2026-05-28,Redshift,eu-central-1,Storage-ByteHrs,1059.64,USD,554433221100
aws,2026-05-28,Lambda,eu-central-1,RequestCount,12.75,USD,554433221100
aws,2026-05-28,OpenSearch,ap-southeast-1,DomainUsage:or1.medium,717.81,USD,887766554433
aws,2026-05-28,ECS,eu-west-1,Fargate-vCPU-Hours,36.67,USD,887766554433
aws,2026-05-28,DynamoDB,us-east-1,WriteCapacityUnits,11.49,USD,554433221100
aws,2026-05-28,Kinesis,ap-south-1,ShardHour,29.05,USD,554433221100
aws,2026-05-28,Lambda,us-west-2,ProvisionedConcurrency,54.24,USD,998877665544
aws,2026-05-28,Redshift,us-east-1,Storage-ByteHrs,698.65,USD,554433221100
aws,2026-05-28,Kinesis,us-west-2,PUT-Payload-Units,19.15,USD,554433221100
aws,2026-05-28,CloudFront,us-west-2,DataTransfer-Out-Bytes,125.79,USD,554433221100
aws,2026-05-28,ElastiCache,us-east-1,NodeUsage:cache.r6g.large,582.29,USD,887766554433
aws,2026-05-28,Redshift,eu-central-1,NodeUsage:ra3.xlplus,214.95,USD,554433221100
aws,2026-05-28,ECS,us-west-2,Fargate-vCPU-Hours,64.7,USD,554433221100
aws,2026-05-28,CloudFront,us-east-1,Requests-HTTPS-Proxy,104.94,USD,554433221100
aws,2026-05-28,EKS,ap-south-1,Fargate-vCPU-Hours,544.88,USD,554433221100
aws,2026-05-29,Redshift,us-west-2,NodeUsage:ra3.xlplus,676.63,USD,998877665544
aws,2026-05-29,Kinesis,eu-central-1,ShardHour,14.95,USD,998877665544
aws,2026-05-29,DynamoDB,us-east-1,TimedStorage-ByteHrs,69.06,USD,554433221100
aws,2026-05-29,Kinesis,us-west-2,ShardHour,122.85,USD,554433221100
aws,2026-05-29,S3,eu-west-1,DeepArchiveStorage,4.42,USD,554433221100
aws,2026-05-29,Redshift,us-west-2,NodeUsage:ra3.xlplus,941.99,USD,998877665544
aws,2026-05-29,RDS,eu-central-1,InstanceUsage:db.r6g.2xlarge,604.39,USD,998877665544
aws,2026-05-29,RDS,ap-southeast-1,RDS:Multi-AZ-Storage,1310.94,USD,887766554433
aws,2026-05-29,EKS,eu-west-1,EKS-Cluster-Hours,486.96,USD,554433221100
aws,2026-05-29,RDS,ap-southeast-1,InstanceUsage:db.r6g.2xlarge,609.49,USD,554433221100
aws,2026-05-29,ElastiCache,us-east-1,NodeUsage:cache.m6g.large,603.63,USD,554433221100
aws,2026-05-29,EC2,sa-east-1,BoxUsage:r6g.xlarge,564.42,USD,554433221100
aws,2026-05-29,ECS,ap-southeast-1,Fargate-GB-Hours,1.75,USD,887766554433
aws,2026-05-29,OpenSearch,us-east-1,DomainUsage:or1.medium,861.28,USD,554433221100
aws,2026-05-30,RDS,us-east-1,RDS:PIOPS-Storage,442.48,USD,554433221100
aws,2026-05-30,Kinesis,ap-south-1,ShardHour,113.05,USD,887766554433
aws,2026-05-30,Kinesis,eu-west-1,ShardHour,36.67,USD,998877665544
aws,2026-05-30,Lambda,sa-east-1,RequestCount,139.84,USD,887766554433
aws,2026-05-30,EC2,us-east-1,BoxUsage:c6i.2xlarge,147.97,USD,554433221100
aws,2026-05-30,OpenSearch,us-east-1,DomainUsage:or1.medium,1411.5,USD,998877665544
aws,2026-05-30,Redshift,ap-south-1,NodeUsage:ra3.xlplus,127.98,USD,554433221100
aws,2026-05-30,OpenSearch,us-east-1,Storage-GP3-ByteHrs,1346.67,USD,998877665544
aws,2026-05-31,OpenSearch,us-west-2,Storage-GP3-ByteHrs,862.82,USD,887766554433
aws,2026-05-31,RDS,us-west-2,InstanceUsage:db.r6g.2xlarge,1203.37,USD,554433221100
aws,2026-05-31,ElastiCache,eu-west-1,NodeUsage:cache.m6g.large,217.52,USD,554433221100
aws,2026-05-31,DynamoDB,us-west-2,ReadCapacityUnits,25.43,USD,887766554433
aws,2026-05-31,ElastiCache,eu-west-1,NodeUsage:cache.r6g.large,480.95,USD,887766554433
aws,2026-05-31,Kinesis,us-west-2,ShardHour,54.74,USD,887766554433
aws,2026-05-31,ECS,ap-south-1,Fargate-vCPU-Hours,42.22,USD,887766554433
aws,2026-05-31,ElastiCache,us-west-2,NodeUsage:cache.r6g.large,224.3,USD,998877665544
aws,2026-05-31,Redshift,ap-south-1,Storage-ByteHrs,199.3,USD,554433221100
aws,2026-05-31,ECS,ap-south-1,Fargate-vCPU-Hours,54.48,USD,998877665544
aws,2026-06-01,EC2,us-west-2,EBS:VolumeUsage.gp3,723.82,USD,887766554433
aws,2026-06-01,DynamoDB,us-east-1,WriteCapacityUnits,89.07,USD,998877665544
aws,2026-06-01,Redshift,ap-south-1,Storage-ByteHrs,1019.65,USD,554433221100
aws,2026-06-01,OpenSearch,eu-central-1,DomainUsage:or1.medium,52.83,USD,887766554433
aws,2026-06-01,S3,ap-southeast-1,TimedStorage-ByteHrs,138.86,USD,998877665544
aws,2026-06-01,DynamoDB,ap-southeast-1,OnDemandIO-Read,15.92,USD,554433221100
aws,2026-06-01,ECS,eu-west-1,Fargate-vCPU-Hours,56.01,USD,887766554433
aws,2026-06-01,Lambda,eu-west-1,Lambda-GB-Second,96.5,USD,998877665544
aws,2026-06-02,ElastiCache,us-east-1,NodeUsage:cache.r6g.large,535.69,USD,554433221100
aws,2026-06-02,Kinesis,us-east-1,PUT-Payload-Units,37.7,USD,887766554433
aws,2026-06-02,ElastiCache,eu-central-1,NodeUsage:cache.m6g.large,241.16,USD,998877665544
aws,2026-06-02,Redshift,us-east-1,NodeUsage:ra3.xlplus,1611.6,USD,887766554433
aws,2026-06-02,ElastiCache,us-east-1,NodeUsage:cache.m6g.large,186.38,USD,887766554433
aws,2026-06-02,EC2,ap-south-1,EBS:VolumeUsage.gp3,379.73,USD,554433221100
aws,2026-06-02,ElastiCache,sa-east-1,NodeUsage:cache.m6g.large,541.52,USD,887766554433
aws,2026-06-02,RDS,sa-east-1,InstanceUsage:db.m6g.xlarge,1137.71,USD,554433221100
aws,2026-06-02,CloudFront,sa-east-1,Invalidations,90.59,USD,998877665544
aws,2026-06-02,DynamoDB,sa-east-1,ReadCapacityUnits,5.52,USD,998877665544
aws,2026-06-02,EKS,ap-south-1,Fargate-vCPU-Hours,754.29,USD,998877665544
aws,2026-06-02,EC2,ap-south-1,BoxUsage:c6i.2xlarge,252.72,USD,887766554433
aws,2026-06-02,ElastiCache,us-west-2,NodeUsage:cache.m6g.large,724.01,USD,998877665544
aws,2026-06-02,Lambda,sa-east-1,Lambda-GB-Second,77.16,USD,887766554433
aws,2026-06-02,ElastiCache,us-west-2,NodeUsage:cache.r6g.large,745.28,USD,887766554433
aws,2026-06-02,Redshift,eu-west-1,NodeUsage:ra3.xlplus,873.83,USD,887766554433
aws,2026-06-03,ECS,us-west-2,Fargate-GB-Hours,30.33,USD,554433221100
aws,2026-06-03,ECS,ap-southeast-1,Fargate-vCPU-Hours,102.47,USD,998877665544
aws,2026-06-03,S3,sa-east-1,DeepArchiveStorage,50.67,USD,887766554433
aws,2026-06-03,Kinesis,eu-central-1,ShardHour,75.8,USD,554433221100
aws,2026-06-03,EKS,eu-west-1,EKS-Cluster-Hours,654.88,USD,998877665544
aws,2026-06-03,ECS,us-east-1,Fargate-GB-Hours,62.6,USD,554433221100
aws,2026-06-03,Kinesis,ap-southeast-1,ShardHour,16.15,USD,887766554433
aws,2026-06-03,S3,ap-southeast-1,DeepArchiveStorage,68.7,USD,887766554433
aws,2026-06-03,DynamoDB,us-west-2,TimedStorage-ByteHrs,139.43,USD,887766554433
aws,2026-06-04,EC2,eu-west-1,BoxUsage:t4g.xlarge,511.24,USD,887766554433
aws,2026-06-04,ECS,eu-west-1,Fargate-GB-Hours,83.33,USD,554433221100
aws,2026-06-04,ElastiCache,ap-southeast-1,NodeUsage:cache.r6g.large,361.33,USD,554433221100
aws,2026-06-04,S3,us-west-2,Requests-Tier1,10.9,USD,998877665544
aws,2026-06-04,EC2,eu-central-1,BoxUsage:r6g.xlarge,380.2,USD,998877665544
aws,2026-06-04,RDS,us-west-2,RDS:PIOPS-Storage,128.09,USD,887766554433
aws,2026-06-05,EC2,eu-west-1,BoxUsage:t4g.xlarge,643.62,USD,887766554433
aws,2026-06-05,Redshift,eu-west-1,NodeUsage:ra3.xlplus,957.2,USD,887766554433
aws,2026-06-05,Redshift,ap-south-1,Storage-ByteHrs,429.59,USD,554433221100
aws,2026-06-05,ECS,us-east-1,Fargate-vCPU-Hours,18.83,USD,887766554433
aws,2026-06-05,EKS,us-west-2,EKS-Cluster-Hours,9.73,USD,554433221100
aws,2026-06-05,S3,sa-east-1,DataTransfer-Out-Bytes,107.73,USD,998877665544
aws,2026-06-05,S3,us-west-2,Requests-Tier1,125.35,USD,554433221100
aws,2026-06-05,ElastiCache,ap-southeast-1,NodeUsage:cache.r6g.large,224.51,USD,998877665544
aws,2026-06-05,ElastiCache,eu-west-1,NodeUsage:cache.m6g.large,282.43,USD,998877665544
aws,2026-06-05,Lambda,eu-central-1,RequestCount,32.26,USD,887766554433
aws,2026-06-06,S3,ap-southeast-1,Requests-Tier1,139.61,USD,554433221100
aws,2026-06-06,ElastiCache,eu-west-1,NodeUsage:cache.r6g.large,496.97,USD,554433221100
aws,2026-06-06,EKS,eu-west-1,Fargate-vCPU-Hours,139.89,USD,998877665544
aws,2026-06-06,Redshift,us-east-1,NodeUsage:ra3.xlplus,395.01,USD,554433221100
aws,2026-06-06,Lambda,us-west-2,Lambda-GB-Second,10.18,USD,887766554433
aws,2026-06-06,ElastiCache,ap-southeast-1,NodeUsage:cache.m6g.large,33.53,USD,554433221100
aws,2026-06-06,Redshift,sa-east-1,Storage-ByteHrs,98.79,USD,554433221100
aws,2026-06-06,Kinesis,ap-south-1,ShardHour,21.13,USD,554433221100
aws,2026-06-07,Kinesis,eu-central-1,PUT-Payload-Units,87.62,USD,887766554433
aws,2026-06-07,EC2,us-east-1,DataTransfer-Out-Bytes,119.77,USD,998877665544
aws,2026-06-07,EKS,eu-west-1,Fargate-vCPU-Hours,100.69,USD,998877665544
aws,2026-06-07,DynamoDB,us-west-2,OnDemandIO-Read,77.3,USD,998877665544
aws,2026-06-07,EC2,eu-central-1,EBS:VolumeUsage.gp3,183.9,USD,998877665544
aws,2026-06-07,Lambda,sa-east-1,RequestCount,115.82,USD,554433221100
aws,2026-06-07,DynamoDB,ap-south-1,TimedStorage-ByteHrs,30.22,USD,554433221100
aws,2026-06-07,RDS,ap-southeast-1,InstanceUsage:db.m6g.xlarge,1330.1,USD,887766554433
aws,2026-06-07,EKS,eu-west-1,EKS-Cluster-Hours,682.86,USD,998877665544
aws,2026-06-07,ECS,sa-east-1,Fargate-GB-Hours,52.79,USD,998877665544
aws,2026-06-07,Lambda,eu-west-1,ProvisionedConcurrency,119.77,USD,887766554433
aws,2026-06-07,CloudFront,eu-west-1,Requests-HTTPS-Proxy,103.09,USD,998877665544
aws,2026-06-08,ECS,ap-southeast-1,Fargate-vCPU-Hours,44.47,USD,554433221100
aws,2026-06-08,CloudFront,us-east-1,DataTransfer-Out-Bytes,119.96,USD,998877665544
aws,2026-06-08,EKS,sa-east-1,Fargate-vCPU-Hours,266.12,USD,998877665544
aws,2026-06-08,CloudFront,sa-east-1,Requests-HTTPS-Proxy,6.07,USD,554433221100
aws,2026-06-08,EC2,us-east-1,BoxUsage:c6i.2xlarge,614.17,USD,554433221100
aws,2026-06-08,DynamoDB,us-west-2,ReadCapacityUnits,13.45,USD,554433221100
aws,2026-06-08,RDS,sa-east-1,InstanceUsage:db.m6g.xlarge,664.94,USD,554433221100
aws,2026-06-08,EKS,us-east-1,Fargate-vCPU-Hours,722.63,USD,554433221100
aws,2026-06-08,Lambda,eu-west-1,RequestCount,17.82,USD,998877665544
aws,2026-06-08,DynamoDB,sa-east-1,OnDemandIO-Read,86.63,USD,554433221100
aws,2026-06-08,EC2,eu-central-1,BoxUsage:t4g.xlarge,259.58,USD,887766554433
aws,2026-06-08,S3,sa-east-1,DeepArchiveStorage,120.84,USD,887766554433
aws,2026-06-08,Lambda,us-west-2,Lambda-GB-Second,122.61,USD,998877665544
aws,2026-06-09,Kinesis,eu-central-1,ShardHour,17.98,USD,887766554433
aws,2026-06-09,Redshift,eu-central-1,Storage-ByteHrs,692.65,USD,887766554433
aws,2026-06-09,EC2,ap-south-1,DataTransfer-Out-Bytes,290.08,USD,554433221100
aws,2026-06-09,ECS,eu-west-1,Fargate-vCPU-Hours,30.92,USD,887766554433
aws,2026-06-09,CloudFront,us-east-1,DataTransfer-Out-Bytes,25.23,USD,887766554433
aws,2026-06-09,ECS,eu-west-1,Fargate-vCPU-Hours,13.84,USD,887766554433
aws,2026-06-09,ECS,us-east-1,Fargate-GB-Hours,16.83,USD,887766554433
aws,2026-06-09,OpenSearch,us-east-1,Storage-GP3-ByteHrs,209.79,USD,998877665544
aws,2026-06-09,ElastiCache,ap-southeast-1,NodeUsage:cache.m6g.large,230.25,USD,887766554433
aws,2026-06-09,Lambda,us-east-1,Lambda-GB-Second,90.73,USD,887766554433
aws,2026-06-09,CloudFront,ap-south-1,Invalidations,117.99,USD,998877665544
aws,2026-06-09,EC2,us-west-2,EBS:VolumeUsage.gp3,192.31,USD,887766554433
aws,2026-06-09,Redshift,eu-west-1,Storage-ByteHrs,1003.03,USD,998877665544
aws,2026-06-10,CloudFront,eu-west-1,Invalidations,40.89,USD,887766554433
aws,2026-06-10,OpenSearch,eu-central-1,Storage-GP3-ByteHrs,1229.81,USD,554433221100
aws,2026-06-10,OpenSearch,eu-central-1,Storage-GP3-ByteHrs,1389.91,USD,887766554433
aws,2026-06-10,S3,us-east-1,TimedStorage-ByteHrs,62.18,USD,887766554433
aws,2026-06-10,EKS,sa-east-1,Fargate-vCPU-Hours,303.03,USD,887766554433
aws,2026-06-10,Kinesis,ap-south-1,PUT-Payload-Units,109.42,USD,554433221100
aws,2026-06-10,Lambda,ap-south-1,RequestCount,107.22,USD,887766554433
aws,2026-06-10,Redshift,us-west-2,Storage-ByteHrs,270.14,USD,998877665544
aws,2026-06-11,EKS,ap-southeast-1,Fargate-vCPU-Hours,253.45,USD,554433221100
aws,2026-06-11,EKS,us-west-2,EKS-Cluster-Hours,606.91,USD,554433221100
aws,2026-06-11,DynamoDB,sa-east-1,TimedStorage-ByteHrs,105.22,USD,554433221100
aws,2026-06-11,RDS,ap-south-1,InstanceUsage:db.r6g.2xlarge,825.88,USD,887766554433
aws,2026-06-11,EC2,eu-west-1,EBS:VolumeUsage.gp3,767.93,USD,554433221100
aws,2026-06-11,Lambda,eu-central-1,RequestCount,81.4,USD,998877665544
aws,2026-06-11,CloudFront,us-west-2,Requests-HTTPS-Proxy,74.03,USD,998877665544
aws,2026-06-11,Lambda,us-east-1,ProvisionedConcurrency,50.52,USD,554433221100
aws,2026-06-11,EC2,us-east-1,BoxUsage:t4g.xlarge,52.66,USD,887766554433
aws,2026-06-11,EC2,sa-east-1,EBS:VolumeUsage.gp3,218.41,USD,554433221100
aws,2026-06-11,ElastiCache,eu-central-1,NodeUsage:cache.r6g.large,753.08,USD,554433221100
aws,2026-06-11,ECS,ap-southeast-1,Fargate-vCPU-Hours,131.22,USD,887766554433
aws,2026-06-11,CloudFront,sa-east-1,DataTransfer-Out-Bytes,64.46,USD,554433221100
aws,2026-06-12,Kinesis,us-east-1,PUT-Payload-Units,78.13,USD,887766554433
aws,2026-06-12,EKS,sa-east-1,EKS-Cluster-Hours,181.33,USD,998877665544
aws,2026-06-12,Kinesis,ap-south-1,ShardHour,9.09,USD,554433221100
aws,2026-06-12,OpenSearch,eu-central-1,Storage-GP3-ByteHrs,972.42,USD,887766554433
aws,2026-06-12,Redshift,eu-west-1,Storage-ByteHrs,1303.77,USD,998877665544
aws,2026-06-12,ElastiCache,eu-west-1,NodeUsage:cache.r6g.large,319.21,USD,554433221100
aws,2026-06-12,ElastiCache,ap-southeast-1,NodeUsage:cache.m6g.large,124.18,USD,887766554433
aws,2026-06-13,Kinesis,ap-south-1,ShardHour,14.87,USD,998877665544
aws,2026-06-13,Kinesis,ap-southeast-1,ShardHour,17.95,USD,554433221100
aws,2026-06-13,OpenSearch,ap-south-1,DomainUsage:or1.medium,238.75,USD,998877665544
aws,2026-06-13,S3,us-east-1,DataTransfer-Out-Bytes,136.58,USD,998877665544
aws,2026-06-13,EKS,ap-south-1,EKS-Cluster-Hours,439.68,USD,998877665544
aws,2026-06-13,RDS,sa-east-1,RDS:Multi-AZ-Storage,1211.21,USD,554433221100
aws,2026-06-13,Lambda,ap-south-1,ProvisionedConcurrency,20.12,USD,554433221100
aws,2026-06-14,Lambda,eu-central-1,Lambda-GB-Second,54.63,USD,887766554433
aws,2026-06-14,CloudFront,ap-southeast-1,Invalidations,42.45,USD,998877665544
aws,2026-06-14,OpenSearch,eu-central-1,DomainUsage:or1.medium,309.57,USD,998877665544
aws,2026-06-14,Kinesis,ap-southeast-1,ShardHour,4.16,USD,887766554433
aws,2026-06-14,CloudFront,eu-west-1,Requests-HTTPS-Proxy,81.33,USD,998877665544
aws,2026-06-14,S3,us-west-2,Requests-Tier1,127.97,USD,998877665544
aws,2026-06-14,OpenSearch,eu-west-1,Storage-GP3-ByteHrs,276.79,USD,998877665544
aws,2026-06-14,CloudFront,us-west-2,Invalidations,117.06,USD,887766554433
aws,2026-06-14,Redshift,eu-west-1,NodeUsage:ra3.xlplus,933.46,USD,887766554433
aws,2026-06-14,Kinesis,eu-west-1,PUT-Payload-Units,68.9,USD,554433221100
aws,2026-06-14,RDS,us-east-1,RDS:Multi-AZ-Storage,579.49,USD,887766554433
aws,2026-06-14,ElastiCache,ap-southeast-1,NodeUsage:cache.m6g.large,89.31,USD,554433221100
aws,2026-06-14,EKS,us-west-2,EKS-Cluster-Hours,615.51,USD,554433221100
aws,2026-06-15,Lambda,us-east-1,RequestCount,60.21,USD,998877665544
aws,2026-06-15,CloudFront,sa-east-1,Requests-HTTPS-Proxy,120.44,USD,998877665544
aws,2026-06-15,EKS,eu-central-1,Fargate-vCPU-Hours,416.44,USD,998877665544
aws,2026-06-15,Redshift,sa-east-1,Storage-ByteHrs,68.55,USD,887766554433
aws,2026-06-15,ECS,sa-east-1,Fargate-vCPU-Hours,113.25,USD,887766554433
aws,2026-06-16,S3,sa-east-1,DeepArchiveStorage,56.5,USD,998877665544
aws,2026-06-16,Lambda,us-west-2,RequestCount,133.61,USD,887766554433
aws,2026-06-16,ElastiCache,eu-central-1,NodeUsage:cache.r6g.large,189.39,USD,998877665544
aws,2026-06-16,Lambda,ap-south-1,Lambda-GB-Second,47.22,USD,887766554433
aws,2026-06-16,OpenSearch,ap-south-1,DomainUsage:or1.medium,1380.4,USD,887766554433
aws,2026-06-16,ECS,sa-east-1,Fargate-vCPU-Hours,5.33,USD,554433221100
aws,2026-06-16,Lambda,sa-east-1,ProvisionedConcurrency,54.23,USD,998877665544
aws,2026-06-16,Redshift,eu-west-1,Storage-ByteHrs,1458.9,USD,998877665544
aws,2026-06-16,CloudFront,eu-west-1,DataTransfer-Out-Bytes,88.13,USD,887766554433
aws,2026-06-17,ECS,sa-east-1,Fargate-vCPU-Hours,42.83,USD,554433221100
aws,2026-06-17,EC2,ap-southeast-1,BoxUsage:r6g.xlarge,562.91,USD,887766554433
aws,2026-06-17,ElastiCache,eu-central-1,NodeUsage:cache.m6g.large,231.2,USD,887766554433
aws,2026-06-17,DynamoDB,eu-west-1,ReadCapacityUnits,64.28,USD,887766554433
aws,2026-06-17,RDS,eu-central-1,InstanceUsage:db.r6g.2xlarge,482.53,USD,998877665544
aws,2026-06-17,ElastiCache,ap-southeast-1,NodeUsage:cache.r6g.large,542.39,USD,887766554433
aws,2026-06-17,OpenSearch,eu-central-1,DomainUsage:or1.medium,1146.23,USD,887766554433
aws,2026-06-17,S3,ap-south-1,TimedStorage-ByteHrs,75.09,USD,554433221100
aws,2026-06-17,DynamoDB,us-west-2,WriteCapacityUnits,21.0,USD,887766554433
aws,2026-06-17,CloudFront,eu-west-1,Requests-HTTPS-Proxy,138.68,USD,887766554433
aws,2026-06-18,S3,ap-southeast-1,DataTransfer-Out-Bytes,7.03,USD,998877665544
aws,2026-06-18,EC2,eu-west-1,BoxUsage:r6g.xlarge,409.16,USD,887766554433
aws,2026-06-18,S3,us-east-1,Requests-Tier1,1.26,USD,554433221100
aws,2026-06-18,CloudFront,ap-south-1,Requests-HTTPS-Proxy,125.76,USD,887766554433
aws,2026-06-18,S3,ap-southeast-1,DeepArchiveStorage,130.87,USD,887766554433
aws,2026-06-18,DynamoDB,us-west-2,TimedStorage-ByteHrs,9.41,USD,998877665544
aws,2026-06-18,Kinesis,sa-east-1,PUT-Payload-Units,122.17,USD,887766554433
aws,2026-06-18,Lambda,eu-west-1,RequestCount,114.92,USD,887766554433
aws,2026-06-18,ElastiCache,eu-west-1,NodeUsage:cache.r6g.large,180.03,USD,998877665544
aws,2026-06-18,Redshift,us-east-1,Storage-ByteHrs,346.93,USD,554433221100
aws,2026-06-18,CloudFront,us-west-2,Invalidations,95.4,USD,998877665544
aws,2026-06-18,CloudFront,sa-east-1,DataTransfer-Out-Bytes,77.45,USD,887766554433
aws,2026-06-18,Redshift,us-east-1,Storage-ByteHrs,911.23,USD,554433221100
aws,2026-06-18,Redshift,eu-west-1,NodeUsage:ra3.xlplus,1087.85,USD,998877665544
aws,2026-06-18,ElastiCache,ap-south-1,NodeUsage:cache.r6g.large,638.47,USD,887766554433
aws,2026-06-18,ECS,eu-central-1,Fargate-vCPU-Hours,119.79,USD,998877665544
aws,2026-06-18,EC2,sa-east-1,DataTransfer-Out-Bytes,39.41,USD,554433221100
aws,2026-06-18,OpenSearch,eu-west-1,Storage-GP3-ByteHrs,856.74,USD,554433221100
aws,2026-06-19,EKS,eu-central-1,Fargate-vCPU-Hours,676.27,USD,554433221100
aws,2026-06-19,RDS,eu-central-1,InstanceUsage:db.m6g.xlarge,343.88,USD,998877665544
aws,2026-06-19,Redshift,eu-central-1,NodeUsage:ra3.xlplus,910.94,USD,887766554433
aws,2026-06-19,CloudFront,ap-southeast-1,Requests-HTTPS-Proxy,122.66,USD,887766554433
aws,2026-06-19,EC2,sa-east-1,BoxUsage:r6g.xlarge,171.93,USD,887766554433
aws,2026-06-19,Kinesis,us-east-1,ShardHour,21.35,USD,887766554433
aws,2026-06-19,DynamoDB,ap-south-1,TimedStorage-ByteHrs,137.14,USD,887766554433
aws,2026-06-19,DynamoDB,sa-east-1,TimedStorage-ByteHrs,49.46,USD,998877665544
aws,2026-06-19,CloudFront,sa-east-1,Invalidations,88.31,USD,998877665544
aws,2026-06-19,EC2,us-west-2,DataTransfer-Out-Bytes,318.35,USD,554433221100
aws,2026-06-19,DynamoDB,eu-central-1,WriteCapacityUnits,39.42,USD,554433221100
aws,2026-06-19,ElastiCache,us-east-1,NodeUsage:cache.r6g.large,184.93,USD,998877665544
aws,2026-06-19,Lambda,ap-south-1,RequestCount,28.41,USD,887766554433
aws,2026-06-19,Redshift,us-east-1,NodeUsage:ra3.xlplus,670.94,USD,998877665544
aws,2026-06-20,DynamoDB,ap-southeast-1,OnDemandIO-Read,139.75,USD,998877665544
aws,2026-06-20,RDS,ap-southeast-1,InstanceUsage:db.r6g.2xlarge,225.73,USD,887766554433
aws,2026-06-20,Kinesis,us-west-2,ShardHour,118.55,USD,554433221100
aws,2026-06-20,EKS,sa-east-1,EKS-Cluster-Hours,237.1,USD,554433221100
aws,2026-06-20,EC2,us-east-1,BoxUsage:r6g.xlarge,209.98,USD,554433221100
aws,2026-06-20,RDS,us-east-1,InstanceUsage:db.m6g.xlarge,1329.73,USD,887766554433
aws,2026-06-20,OpenSearch,eu-central-1,Storage-GP3-ByteHrs,142.8,USD,887766554433
aws,2026-06-20,OpenSearch,sa-east-1,DomainUsage:or1.medium,1402.68,USD,554433221100
aws,2026-06-20,Lambda,sa-east-1,ProvisionedConcurrency,127.03,USD,554433221100
aws,2026-06-20,EC2,us-west-2,BoxUsage:t4g.xlarge,558.47,USD,998877665544
aws,2026-06-20,OpenSearch,us-west-2,DomainUsage:or1.medium,757.32,USD,554433221100
aws,2026-06-20,Redshift,us-east-1,NodeUsage:ra3.xlplus,686.9,USD,554433221100
aws,2026-06-20,ECS,us-east-1,Fargate-GB-Hours,36.59,USD,887766554433
aws,2026-06-20,OpenSearch,ap-southeast-1,Storage-GP3-ByteHrs,418.95,USD,887766554433
aws,2026-06-20,S3,ap-south-1,TimedStorage-ByteHrs,26.77,USD,998877665544
aws,2026-06-20,ECS,ap-southeast-1,Fargate-vCPU-Hours,97.75,USD,998877665544
aws,2026-06-21,Kinesis,ap-southeast-1,PUT-Payload-Units,60.74,USD,554433221100
aws,2026-06-21,ElastiCache,sa-east-1,NodeUsage:cache.m6g.large,130.2,USD,887766554433
aws,2026-06-21,Kinesis,ap-southeast-1,ShardHour,82.09,USD,554433221100
aws,2026-06-21,Lambda,ap-south-1,RequestCount,103.83,USD,554433221100
aws,2026-06-21,Lambda,us-east-1,Lambda-GB-Second,51.77,USD,554433221100
aws,2026-06-21,OpenSearch,ap-southeast-1,Storage-GP3-ByteHrs,773.36,USD,554433221100
aws,2026-06-21,Kinesis,ap-south-1,PUT-Payload-Units,114.03,USD,998877665544
aws,2026-06-21,Redshift,eu-west-1,Storage-ByteHrs,905.43,USD,554433221100
aws,2026-06-21,OpenSearch,sa-east-1,Storage-GP3-ByteHrs,1493.9,USD,887766554433
aws,2026-06-21,Redshift,ap-southeast-1,Storage-ByteHrs,1213.31,USD,554433221100
aws,2026-06-21,Redshift,eu-central-1,Storage-ByteHrs,1624.32,USD,554433221100
aws,2026-06-21,Lambda,eu-west-1,Lambda-GB-Second,86.57,USD,998877665544
aws,2026-06-21,OpenSearch,us-west-2,DomainUsage:or1.medium,212.15,USD,998877665544
aws,2026-06-21,ElastiCache,eu-central-1,NodeUsage:cache.m6g.large,662.36,USD,887766554433
aws,2026-06-21,EC2,eu-central-1,DataTransfer-Out-Bytes,681.37,USD,998877665544
aws,2026-06-22,Lambda,sa-east-1,ProvisionedConcurrency,66.37,USD,998877665544
aws,2026-06-22,DynamoDB,ap-south-1,ReadCapacityUnits,113.34,USD,554433221100
aws,2026-06-22,RDS,eu-west-1,RDS:Multi-AZ-Storage,335.96,USD,887766554433
aws,2026-06-22,Kinesis,us-east-1,PUT-Payload-Units,88.11,USD,554433221100
aws,2026-06-22,DynamoDB,us-east-1,TimedStorage-ByteHrs,86.43,USD,887766554433
aws,2026-06-22,Lambda,ap-southeast-1,RequestCount,123.72,USD,887766554433
aws,2026-06-22,Redshift,eu-west-1,NodeUsage:ra3.xlplus,1490.18,USD,998877665544
aws,2026-06-22,OpenSearch,eu-central-1,DomainUsage:or1.medium,235.32,USD,998877665544
aws,2026-06-22,S3,us-east-1,Requests-Tier1,24.06,USD,554433221100
aws,2026-06-22,Lambda,us-west-2,Lambda-GB-Second,32.71,USD,887766554433
aws,2026-06-22,ECS,ap-southeast-1,Fargate-GB-Hours,17.07,USD,554433221100
aws,2026-06-22,CloudFront,sa-east-1,Invalidations,70.17,USD,887766554433
aws,2026-06-22,Kinesis,sa-east-1,ShardHour,93.0,USD,998877665544
aws,2026-06-22,CloudFront,ap-southeast-1,DataTransfer-Out-Bytes,48.61,USD,998877665544
aws,2026-06-22,Kinesis,us-east-1,ShardHour,48.71,USD,554433221100
aws,2026-06-22,DynamoDB,eu-central-1,WriteCapacityUnits,54.03,USD,554433221100
aws,2026-06-23,Kinesis,sa-east-1,PUT-Payload-Units,130.32,USD,887766554433
aws,2026-06-23,EKS,ap-south-1,Fargate-vCPU-Hours,445.74,USD,998877665544
aws,2026-06-23,ECS,us-east-1,Fargate-GB-Hours,113.64,USD,998877665544
aws,2026-06-23,Lambda,eu-central-1,RequestCount,117.59,USD,887766554433
aws,2026-06-23,Redshift,sa-east-1,NodeUsage:ra3.xlplus,1398.25,USD,554433221100
aws,2026-06-23,Kinesis,ap-southeast-1,ShardHour,97.25,USD,887766554433
aws,2026-06-23,Lambda,us-east-1,RequestCount,75.3,USD,887766554433
aws,2026-06-24,Redshift,eu-central-1,NodeUsage:ra3.xlplus,1227.27,USD,887766554433
aws,2026-06-24,OpenSearch,us-east-1,Storage-GP3-ByteHrs,1524.06,USD,554433221100
aws,2026-06-24,EC2,us-east-1,BoxUsage:t4g.xlarge,764.68,USD,887766554433
aws,2026-06-24,RDS,us-east-1,InstanceUsage:db.r6g.2xlarge,189.56,USD,887766554433
aws,2026-06-24,Kinesis,ap-south-1,PUT-Payload-Units,55.21,USD,554433221100
aws,2026-06-24,CloudFront,sa-east-1,Requests-HTTPS-Proxy,28.92,USD,887766554433
aws,2026-06-24,S3,us-east-1,DataTransfer-Out-Bytes,33.08,USD,554433221100
aws,2026-06-24,Redshift,us-east-1,Storage-ByteHrs,1164.32,USD,887766554433
aws,2026-06-25,RDS,eu-central-1,RDS:PIOPS-Storage,805.38,USD,998877665544
aws,2026-06-25,Redshift,ap-southeast-1,Storage-ByteHrs,1604.42,USD,887766554433
aws,2026-06-25,Lambda,eu-central-1,ProvisionedConcurrency,32.91,USD,554433221100
aws,2026-06-25,ECS,ap-south-1,Fargate-vCPU-Hours,75.46,USD,887766554433
aws,2026-06-26,CloudFront,ap-southeast-1,Requests-HTTPS-Proxy,104.01,USD,887766554433
aws,2026-06-26,OpenSearch,us-west-2,DomainUsage:or1.medium,178.59,USD,887766554433
aws,2026-06-26,Lambda,us-west-2,Lambda-GB-Second,58.89,USD,998877665544
aws,2026-06-26,RDS,ap-south-1,InstanceUsage:db.m6g.xlarge,320.72,USD,998877665544
aws,2026-06-26,RDS,eu-central-1,InstanceUsage:db.r6g.2xlarge,667.43,USD,998877665544
aws,2026-06-26,Redshift,us-west-2,NodeUsage:ra3.xlplus,1252.17,USD,554433221100
aws,2026-06-26,EKS,sa-east-1,Fargate-vCPU-Hours,605.38,USD,887766554433
aws,2026-06-26,CloudFront,ap-southeast-1,DataTransfer-Out-Bytes,99.85,USD,887766554433
aws,2026-06-26,CloudFront,us-east-1,DataTransfer-Out-Bytes,24.87,USD,554433221100
aws,2026-06-26,Lambda,ap-south-1,ProvisionedConcurrency,52.53,USD,554433221100
aws,2026-06-26,S3,us-east-1,Requests-Tier1,41.05,USD,998877665544
aws,2026-06-27,EKS,sa-east-1,Fargate-vCPU-Hours,348.53,USD,998877665544
aws,2026-06-27,EC2,eu-central-1,DataTransfer-Out-Bytes,751.55,USD,998877665544
aws,2026-06-27,EC2,ap-south-1,EBS:VolumeUsage.gp3,19.45,USD,887766554433
aws,2026-06-27,Kinesis,sa-east-1,ShardHour,92.6,USD,998877665544
aws,2026-06-27,RDS,us-west-2,InstanceUsage:db.m6g.xlarge,469.16,USD,887766554433
aws,2026-06-27,DynamoDB,sa-east-1,WriteCapacityUnits,130.96,USD,998877665544
aws,2026-06-27,DynamoDB,us-west-2,TimedStorage-ByteHrs,20.51,USD,554433221100
aws,2026-06-27,Kinesis,eu-west-1,ShardHour,124.3,USD,887766554433
aws,2026-06-27,ECS,ap-south-1,Fargate-GB-Hours,3.07,USD,998877665544
aws,2026-06-28,DynamoDB,us-east-1,TimedStorage-ByteHrs,64.66,USD,554433221100
aws,2026-06-28,EC2,us-east-1,BoxUsage:c6i.2xlarge,214.74,USD,554433221100
aws,2026-06-28,Lambda,eu-west-1,Lambda-GB-Second,125.48,USD,998877665544
aws,2026-06-28,Kinesis,eu-west-1,PUT-Payload-Units,7.21,USD,554433221100
aws,2026-06-28,RDS,us-east-1,RDS:Multi-AZ-Storage,1067.93,USD,887766554433
aws,2026-06-28,Redshift,ap-south-1,Storage-ByteHrs,439.71,USD,887766554433
aws,2026-06-28,EC2,us-east-1,DataTransfer-Out-Bytes,717.18,USD,887766554433
aws,2026-06-28,EKS,ap-southeast-1,EKS-Cluster-Hours,712.72,USD,554433221100
aws,2026-06-29,S3,sa-east-1,TimedStorage-ByteHrs,23.48,USD,554433221100
aws,2026-06-29,DynamoDB,ap-south-1,WriteCapacityUnits,4.05,USD,998877665544
aws,2026-06-29,CloudFront,ap-southeast-1,Requests-HTTPS-Proxy,95.17,USD,554433221100
aws,2026-06-29,RDS,eu-central-1,InstanceUsage:db.r6g.2xlarge,126.35,USD,554433221100
aws,2026-06-29,Kinesis,eu-central-1,PUT-Payload-Units,56.98,USD,554433221100
aws,2026-06-29,EKS,us-east-1,Fargate-vCPU-Hours,441.35,USD,998877665544
aws,2026-06-29,EKS,eu-central-1,EKS-Cluster-Hours,751.38,USD,887766554433
aws,2026-06-29,EC2,eu-west-1,DataTransfer-Out-Bytes,155.27,USD,887766554433
aws,2026-06-29,RDS,sa-east-1,InstanceUsage:db.r6g.2xlarge,738.78,USD,998877665544
aws,2026-06-30,EKS,us-west-2,Fargate-vCPU-Hours,426.17,USD,887766554433
aws,2026-06-30,Redshift,eu-west-1,NodeUsage:ra3.xlplus,636.02,USD,554433221100
aws,2026-06-30,EKS,ap-southeast-1,EKS-Cluster-Hours,147.0,USD,998877665544
aws,2026-06-30,EC2,ap-southeast-1,BoxUsage:r6g.xlarge,731.76,USD,887766554433
aws,2026-06-30,ECS,eu-west-1,Fargate-vCPU-Hours,45.22,USD,998877665544
aws,2026-06-30,Kinesis,sa-east-1,ShardHour,104.57,USD,554433221100
aws,2026-06-30,ElastiCache,eu-west-1,NodeUsage:cache.m6g.large,161.62,USD,554433221100
aws,2026-06-30,Redshift,us-east-1,Storage-ByteHrs,769.57,USD,998877665544
aws,2026-06-30,ECS,us-east-1,Fargate-vCPU-Hours,122.7,USD,887766554433
aws,2026-07-01,ElastiCache,us-west-2,NodeUsage:cache.r6g.large,678.33,USD,998877665544
aws,2026-07-01,EC2,ap-southeast-1,BoxUsage:c6i.2xlarge,78.17,USD,887766554433
aws,2026-07-01,DynamoDB,ap-southeast-1,TimedStorage-ByteHrs,49.32,USD,554433221100
aws,2026-07-01,EC2,us-west-2,EBS:VolumeUsage.gp3,611.96,USD,887766554433
aws,2026-07-01,RDS,ap-southeast-1,RDS:Multi-AZ-Storage,906.71,USD,887766554433
aws,2026-07-01,Kinesis,us-west-2,PUT-Payload-Units,6.21,USD,554433221100
aws,2026-07-01,RDS,ap-southeast-1,RDS:PIOPS-Storage,515.46,USD,554433221100
aws,2026-07-02,ECS,us-west-2,Fargate-vCPU-Hours,104.08,USD,554433221100
aws,2026-07-02,EC2,ap-south-1,BoxUsage:r6g.xlarge,97.23,USD,887766554433
aws,2026-07-02,Lambda,us-east-1,Lambda-GB-Second,58.73,USD,887766554433
aws,2026-07-02,DynamoDB,us-west-2,TimedStorage-ByteHrs,9.17,USD,998877665544
aws,2026-07-02,DynamoDB,eu-west-1,ReadCapacityUnits,17.38,USD,554433221100
aws,2026-07-02,RDS,sa-east-1,InstanceUsage:db.r6g.2xlarge,1628.07,USD,554433221100
aws,2026-07-02,Kinesis,ap-southeast-1,ShardHour,26.7,USD,554433221100
aws,2026-07-03,ElastiCache,sa-east-1,NodeUsage:cache.m6g.large,719.41,USD,554433221100
aws,2026-07-03,Redshift,us-east-1,Storage-ByteHrs,1528.62,USD,554433221100
aws,2026-07-03,EKS,ap-south-1,Fargate-vCPU-Hours,20.3,USD,998877665544
aws,2026-07-03,ElastiCache,ap-southeast-1,NodeUsage:cache.m6g.large,386.49,USD,554433221100
aws,2026-07-03,Lambda,us-west-2,RequestCount,48.63,USD,554433221100
aws,2026-07-03,Redshift,us-west-2,NodeUsage:ra3.xlplus,580.81,USD,998877665544
aws,2026-07-03,ECS,ap-south-1,Fargate-vCPU-Hours,61.18,USD,887766554433
aws,2026-07-03,ECS,ap-southeast-1,Fargate-vCPU-Hours,134.2,USD,998877665544
aws,2026-07-03,ECS,eu-central-1,Fargate-vCPU-Hours,26.72,USD,998877665544
aws,2026-07-03,Redshift,ap-southeast-1,NodeUsage:ra3.xlplus,782.05,USD,554433221100
aws,2026-07-03,Kinesis,eu-central-1,ShardHour,103.56,USD,998877665544
aws,2026-07-04,ElastiCache,eu-central-1,NodeUsage:cache.m6g.large,766.31,USD,554433221100
aws,2026-07-04,OpenSearch,ap-southeast-1,Storage-GP3-ByteHrs,289.4,USD,887766554433
aws,2026-07-04,CloudFront,ap-south-1,Invalidations,3447.24,USD,554433221100
aws,2026-07-04,CloudFront,ap-south-1,Invalidations,2505.02,USD,998877665544
aws,2026-07-04,Kinesis,eu-central-1,PUT-Payload-Units,43.72,USD,887766554433
aws,2026-07-04,EKS,sa-east-1,Fargate-vCPU-Hours,244.59,USD,554433221100
aws,2026-07-04,DynamoDB,ap-south-1,TimedStorage-ByteHrs,89.23,USD,887766554433
aws,2026-07-04,Redshift,eu-central-1,Storage-ByteHrs,2883.88,USD,998877665544
aws,2026-07-04,OpenSearch,us-east-1,DomainUsage:or1.medium,2874.69,USD,887766554433
aws,2026-07-04,Redshift,ap-southeast-1,Storage-ByteHrs,2038.62,USD,887766554433
aws,2026-07-04,EC2,ap-south-1,BoxUsage:t4g.xlarge,135.22,USD,554433221100
aws,2026-07-04,EKS,ap-south-1,EKS-Cluster-Hours,2763.61,USD,554433221100
aws,2026-07-04,Redshift,ap-south-1,NodeUsage:ra3.xlplus,1096.29,USD,554433221100
aws,2026-07-04,S3,ap-southeast-1,TimedStorage-ByteHrs,76.78,USD,887766554433
aws,2026-07-05,EKS,us-west-2,Fargate-vCPU-Hours,34.29,USD,554433221100
aws,2026-07-05,Kinesis,eu-central-1,PUT-Payload-Units,89.88,USD,887766554433
aws,2026-07-05,CloudFront,ap-south-1,DataTransfer-Out-Bytes,5.29,USD,554433221100
aws,2026-07-05,EC2,sa-east-1,BoxUsage:r6g.xlarge,663.3,USD,554433221100
aws,2026-07-05,ECS,eu-central-1,Fargate-vCPU-Hours,119.83,USD,554433221100
aws,2026-07-05,S3,ap-south-1,Requests-Tier1,9.61,USD,998877665544
aws,2026-07-05,ElastiCache,eu-west-1,NodeUsage:cache.r6g.large,508.58,USD,554433221100
aws,2026-07-05,ElastiCache,eu-central-1,NodeUsage:cache.m6g.large,747.27,USD,554433221100
aws,2026-07-05,Kinesis,eu-central-1,ShardHour,122.53,USD,887766554433
aws,2026-07-06,Kinesis,ap-south-1,ShardHour,44.39,USD,554433221100
aws,2026-07-06,ElastiCache,eu-west-1,NodeUsage:cache.m6g.large,655.68,USD,554433221100
aws,2026-07-06,Lambda,us-east-1,RequestCount,29.51,USD,887766554433
aws,2026-07-06,Lambda,us-east-1,Lambda-GB-Second,83.37,USD,998877665544
aws,2026-07-06,EKS,us-west-2,Fargate-vCPU-Hours,397.39,USD,554433221100
aws,2026-07-06,Kinesis,sa-east-1,PUT-Payload-Units,93.89,USD,554433221100
aws,2026-07-06,DynamoDB,sa-east-1,TimedStorage-ByteHrs,128.34,USD,554433221100
aws,2026-07-06,ElastiCache,ap-southeast-1,NodeUsage:cache.m6g.large,417.71,USD,998877665544
aws,2026-07-07,EKS,eu-west-1,EKS-Cluster-Hours,733.9,USD,554433221100
aws,2026-07-07,DynamoDB,ap-southeast-1,OnDemandIO-Read,57.99,USD,554433221100
aws,2026-07-07,EC2,us-west-2,DataTransfer-Out-Bytes,45.43,USD,887766554433
aws,2026-07-07,OpenSearch,eu-west-1,DomainUsage:or1.medium,400.23,USD,554433221100
aws,2026-07-07,OpenSearch,us-west-2,DomainUsage:or1.medium,295.34,USD,998877665544
aws,2026-07-07,ElastiCache,ap-southeast-1,NodeUsage:cache.m6g.large,505.35,USD,998877665544
aws,2026-07-07,Lambda,eu-central-1,ProvisionedConcurrency,57.77,USD,554433221100
aws,2026-07-07,CloudFront,eu-west-1,DataTransfer-Out-Bytes,24.32,USD,554433221100
aws,2026-07-07,S3,eu-central-1,Requests-Tier1,95.19,USD,887766554433
aws,2026-07-07,DynamoDB,us-west-2,TimedStorage-ByteHrs,135.31,USD,554433221100
aws,2026-07-07,EKS,sa-east-1,Fargate-vCPU-Hours,328.24,USD,887766554433
aws,2026-07-07,DynamoDB,eu-west-1,TimedStorage-ByteHrs,59.25,USD,887766554433
aws,2026-07-08,Lambda,us-east-1,RequestCount,80.7,USD,998877665544
aws,2026-07-08,RDS,ap-southeast-1,RDS:PIOPS-Storage,583.12,USD,998877665544
aws,2026-07-08,ECS,us-west-2,Fargate-GB-Hours,56.99,USD,554433221100
aws,2026-07-08,EKS,ap-south-1,Fargate-vCPU-Hours,492.64,USD,998877665544
aws,2026-07-08,EC2,us-west-2,EBS:VolumeUsage.gp3,119.92,USD,554433221100
aws,2026-07-08,EC2,ap-south-1,EBS:VolumeUsage.gp3,272.62,USD,998877665544
aws,2026-07-08,EC2,us-west-2,BoxUsage:t4g.xlarge,566.79,USD,887766554433
aws,2026-07-09,EKS,eu-central-1,EKS-Cluster-Hours,480.87,USD,998877665544
aws,2026-07-09,CloudFront,eu-central-1,Invalidations,1.26,USD,998877665544
aws,2026-07-09,EKS,eu-west-1,Fargate-vCPU-Hours,771.67,USD,887766554433
aws,2026-07-09,Kinesis,us-west-2,ShardHour,125.63,USD,998877665544
aws,2026-07-09,EC2,ap-south-1,DataTransfer-Out-Bytes,532.53,USD,887766554433
aws,2026-07-09,Redshift,ap-south-1,NodeUsage:ra3.xlplus,759.66,USD,554433221100
aws,2026-07-09,Kinesis,eu-west-1,PUT-Payload-Units,37.33,USD,998877665544
aws,2026-07-09,CloudFront,ap-south-1,Invalidations,29.33,USD,554433221100
aws,2026-07-09,Redshift,us-east-1,NodeUsage:ra3.xlplus,1059.3,USD,554433221100
aws,2026-07-10,ECS,eu-central-1,Fargate-vCPU-Hours,123.83,USD,554433221100
aws,2026-07-10,ECS,eu-central-1,Fargate-GB-Hours,114.57,USD,554433221100
aws,2026-07-10,Lambda,eu-west-1,Lambda-GB-Second,93.89,USD,554433221100
aws,2026-07-10,CloudFront,sa-east-1,DataTransfer-Out-Bytes,81.93,USD,998877665544
aws,2026-07-10,CloudFront,ap-southeast-1,DataTransfer-Out-Bytes,125.85,USD,554433221100
aws,2026-07-10,EC2,us-west-2,DataTransfer-Out-Bytes,229.78,USD,887766554433
aws,2026-07-10,EKS,eu-central-1,EKS-Cluster-Hours,54.39,USD,554433221100
aws,2026-07-10,ECS,sa-east-1,Fargate-GB-Hours,65.87,USD,887766554433
aws,2026-07-10,DynamoDB,sa-east-1,WriteCapacityUnits,127.88,USD,998877665544
aws,2026-07-10,CloudFront,sa-east-1,DataTransfer-Out-Bytes,101.6,USD,887766554433
aws,2026-07-10,OpenSearch,eu-central-1,DomainUsage:or1.medium,1329.56,USD,554433221100
aws,2026-07-10,ECS,ap-south-1,Fargate-vCPU-Hours,104.91,USD,887766554433
aws,2026-07-10,Kinesis,ap-south-1,ShardHour,119.14,USD,998877665544
aws,2026-07-11,DynamoDB,us-west-2,TimedStorage-ByteHrs,78.67,USD,887766554433
aws,2026-07-11,EC2,eu-central-1,EBS:VolumeUsage.gp3,82.29,USD,887766554433
aws,2026-07-11,S3,eu-west-1,DeepArchiveStorage,82.89,USD,554433221100
aws,2026-07-11,Redshift,sa-east-1,NodeUsage:ra3.xlplus,1393.77,USD,998877665544
aws,2026-07-11,Lambda,us-west-2,ProvisionedConcurrency,90.48,USD,554433221100
aws,2026-07-11,EC2,eu-central-1,BoxUsage:t4g.xlarge,643.85,USD,554433221100
aws,2026-07-11,DynamoDB,ap-south-1,TimedStorage-ByteHrs,18.79,USD,887766554433
aws,2026-07-11,OpenSearch,eu-central-1,Storage-GP3-ByteHrs,527.72,USD,554433221100
aws,2026-07-11,EC2,ap-south-1,DataTransfer-Out-Bytes,698.55,USD,554433221100
aws,2026-07-11,RDS,eu-central-1,RDS:Multi-AZ-Storage,507.48,USD,554433221100
aws,2026-07-11,ECS,us-east-1,Fargate-GB-Hours,42.92,USD,998877665544
aws,2026-07-11,EC2,ap-south-1,BoxUsage:c6i.2xlarge,47.68,USD,554433221100
aws,2026-07-11,EKS,eu-central-1,Fargate-vCPU-Hours,169.48,USD,554433221100
aws,2026-07-12,ElastiCache,eu-central-1,NodeUsage:cache.m6g.large,221.0,USD,887766554433
aws,2026-07-12,EKS,us-west-2,EKS-Cluster-Hours,763.37,USD,887766554433
aws,2026-07-12,RDS,ap-southeast-1,InstanceUsage:db.m6g.xlarge,69.86,USD,554433221100
aws,2026-07-12,ElastiCache,ap-southeast-1,NodeUsage:cache.r6g.large,727.75,USD,554433221100
aws,2026-07-12,Lambda,us-west-2,RequestCount,122.56,USD,887766554433
aws,2026-07-12,Redshift,sa-east-1,NodeUsage:ra3.xlplus,1438.77,USD,887766554433
aws,2026-07-12,Redshift,eu-west-1,NodeUsage:ra3.xlplus,160.68,USD,998877665544
aws,2026-07-12,OpenSearch,eu-central-1,Storage-GP3-ByteHrs,1387.68,USD,887766554433
aws,2026-07-12,ECS,eu-west-1,Fargate-vCPU-Hours,112.09,USD,554433221100
aws,2026-07-12,ElastiCache,eu-central-1,NodeUsage:cache.m6g.large,387.66,USD,554433221100
aws,2026-07-13,OpenSearch,eu-west-1,DomainUsage:or1.medium,127.55,USD,554433221100
aws,2026-07-13,RDS,sa-east-1,InstanceUsage:db.r6g.2xlarge,1325.34,USD,554433221100
aws,2026-07-13,EKS,eu-central-1,EKS-Cluster-Hours,320.34,USD,554433221100
aws,2026-07-13,DynamoDB,eu-west-1,TimedStorage-ByteHrs,14.88,USD,998877665544
aws,2026-07-13,ECS,eu-central-1,Fargate-vCPU-Hours,119.28,USD,887766554433
aws,2026-07-13,ECS,eu-central-1,Fargate-vCPU-Hours,92.25,USD,887766554433
aws,2026-07-13,EKS,eu-west-1,EKS-Cluster-Hours,679.98,USD,887766554433
aws,2026-07-13,EKS,ap-south-1,EKS-Cluster-Hours,52.36,USD,554433221100
aws,2026-07-13,ElastiCache,eu-west-1,NodeUsage:cache.r6g.large,630.05,USD,887766554433
aws,2026-07-14,DynamoDB,ap-southeast-1,ReadCapacityUnits,30.52,USD,554433221100
aws,2026-07-14,DynamoDB,eu-central-1,WriteCapacityUnits,60.75,USD,554433221100
aws,2026-07-14,RDS,ap-south-1,InstanceUsage:db.r6g.2xlarge,1497.68,USD,998877665544
aws,2026-07-14,S3,us-east-1,DataTransfer-Out-Bytes,127.01,USD,887766554433
aws,2026-07-14,Lambda,eu-west-1,ProvisionedConcurrency,120.37,USD,887766554433
aws,2026-07-14,ElastiCache,ap-south-1,NodeUsage:cache.r6g.large,293.36,USD,554433221100
aws,2026-07-14,ElastiCache,sa-east-1,NodeUsage:cache.m6g.large,349.41,USD,887766554433
aws,2026-07-14,RDS,eu-central-1,InstanceUsage:db.r6g.2xlarge,709.04,USD,887766554433
aws,2026-07-14,ECS,eu-central-1,Fargate-GB-Hours,118.55,USD,998877665544
aws,2026-07-15,Redshift,eu-central-1,NodeUsage:ra3.xlplus,387.92,USD,554433221100
aws,2026-07-15,ECS,us-west-2,Fargate-GB-Hours,76.66,USD,887766554433
aws,2026-07-15,S3,sa-east-1,DeepArchiveStorage,84.38,USD,998877665544
aws,2026-07-15,ECS,us-west-2,Fargate-vCPU-Hours,131.23,USD,554433221100
aws,2026-07-15,Redshift,us-east-1,Storage-ByteHrs,794.06,USD,887766554433
aws,2026-07-15,EC2,eu-west-1,BoxUsage:r6g.xlarge,371.94,USD,554433221100
aws,2026-07-15,Kinesis,ap-south-1,PUT-Payload-Units,100.61,USD,998877665544
aws,2026-07-15,S3,eu-central-1,TimedStorage-ByteHrs,136.93,USD,554433221100
aws,2026-07-15,EC2,eu-west-1,BoxUsage:c6i.2xlarge,556.52,USD,554433221100
aws,2026-07-15,Kinesis,us-west-2,PUT-Payload-Units,14.77,USD,554433221100
aws,2026-07-16,ElastiCache,eu-west-1,NodeUsage:cache.r6g.large,594.77,USD,887766554433
aws,2026-07-16,Lambda,eu-west-1,Lambda-GB-Second,133.72,USD,554433221100
aws,2026-07-16,RDS,ap-southeast-1,RDS:PIOPS-Storage,513.79,USD,887766554433
aws,2026-07-16,CloudFront,us-east-1,Invalidations,136.43,USD,554433221100
aws,2026-07-16,RDS,sa-east-1,InstanceUsage:db.r6g.2xlarge,609.42,USD,998877665544
aws,2026-07-16,EC2,eu-central-1,BoxUsage:c6i.2xlarge,658.98,USD,554433221100
aws,2026-07-16,EC2,sa-east-1,BoxUsage:r6g.xlarge,358.3,USD,998877665544
aws,2026-07-16,CloudFront,us-west-2,Invalidations,80.82,USD,554433221100
aws,2026-07-16,ECS,us-west-2,Fargate-vCPU-Hours,118.1,USD,554433221100
aws,2026-07-16,Lambda,us-east-1,ProvisionedConcurrency,94.96,USD,887766554433
aws,2026-07-17,CloudFront,us-west-2,DataTransfer-Out-Bytes,5.72,USD,998877665544
aws,2026-07-17,Lambda,eu-central-1,Lambda-GB-Second,0.46,USD,554433221100
aws,2026-07-17,Redshift,eu-central-1,Storage-ByteHrs,117.38,USD,554433221100
aws,2026-07-17,Redshift,sa-east-1,NodeUsage:ra3.xlplus,376.34,USD,554433221100
aws,2026-07-17,DynamoDB,us-west-2,ReadCapacityUnits,134.63,USD,887766554433
aws,2026-07-17,S3,us-east-1,TimedStorage-ByteHrs,95.78,USD,887766554433
aws,2026-07-17,Redshift,us-east-1,Storage-ByteHrs,1567.82,USD,998877665544
aws,2026-07-17,OpenSearch,eu-west-1,DomainUsage:or1.medium,1510.31,USD,998877665544
aws,2026-07-17,OpenSearch,eu-west-1,DomainUsage:or1.medium,1389.64,USD,887766554433
aws,2026-07-17,DynamoDB,eu-central-1,OnDemandIO-Read,106.85,USD,554433221100
aws,2026-07-18,S3,us-east-1,Requests-Tier1,107.36,USD,887766554433
aws,2026-07-18,Redshift,us-west-2,Storage-ByteHrs,48.72,USD,887766554433
aws,2026-07-18,RDS,sa-east-1,RDS:Multi-AZ-Storage,695.76,USD,998877665544
aws,2026-07-18,Lambda,ap-south-1,ProvisionedConcurrency,29.07,USD,887766554433
aws,2026-07-18,Kinesis,us-west-2,PUT-Payload-Units,12.26,USD,998877665544
aws,2026-07-18,CloudFront,eu-west-1,DataTransfer-Out-Bytes,45.23,USD,998877665544
aws,2026-07-18,Lambda,sa-east-1,Lambda-GB-Second,4.55,USD,554433221100
aws,2026-07-18,DynamoDB,sa-east-1,OnDemandIO-Read,13.11,USD,887766554433
aws,2026-07-18,S3,ap-southeast-1,TimedStorage-ByteHrs,129.02,USD,554433221100
aws,2026-07-18,EKS,ap-southeast-1,EKS-Cluster-Hours,89.02,USD,887766554433
aws,2026-07-18,EKS,ap-southeast-1,EKS-Cluster-Hours,170.32,USD,554433221100
aws,2026-07-19,OpenSearch,us-west-2,Storage-GP3-ByteHrs,562.94,USD,554433221100
aws,2026-07-19,Redshift,us-east-1,NodeUsage:ra3.xlplus,1309.01,USD,554433221100
aws,2026-07-19,ElastiCache,eu-central-1,NodeUsage:cache.r6g.large,714.68,USD,998877665544
aws,2026-07-19,ECS,eu-central-1,Fargate-GB-Hours,67.49,USD,998877665544
aws,2026-07-19,S3,us-east-1,DataTransfer-Out-Bytes,4.14,USD,887766554433
aws,2026-07-19,DynamoDB,us-west-2,TimedStorage-ByteHrs,114.22,USD,554433221100
aws,2026-07-19,ECS,eu-west-1,Fargate-vCPU-Hours,109.2,USD,887766554433
aws,2026-07-19,DynamoDB,us-west-2,WriteCapacityUnits,102.38,USD,554433221100
aws,2026-07-19,Kinesis,eu-west-1,ShardHour,92.35,USD,887766554433
aws,2026-07-19,ElastiCache,us-west-2,NodeUsage:cache.m6g.large,382.43,USD,554433221100
aws,2026-07-19,ElastiCache,us-west-2,NodeUsage:cache.r6g.large,741.46,USD,554433221100
aws,2026-07-19,S3,us-west-2,TimedStorage-ByteHrs,39.9,USD,554433221100
aws,2026-07-19,EKS,us-west-2,Fargate-vCPU-Hours,454.82,USD,887766554433
aws,2026-07-20,OpenSearch,ap-southeast-1,Storage-GP3-ByteHrs,1304.3,USD,554433221100
aws,2026-07-20,CloudFront,eu-west-1,DataTransfer-Out-Bytes,80.52,USD,554433221100
aws,2026-07-20,S3,eu-central-1,TimedStorage-ByteHrs,78.78,USD,554433221100
aws,2026-07-20,CloudFront,sa-east-1,Requests-HTTPS-Proxy,132.72,USD,554433221100
aws,2026-07-20,ECS,ap-southeast-1,Fargate-GB-Hours,58.44,USD,887766554433
aws,2026-07-20,OpenSearch,sa-east-1,Storage-GP3-ByteHrs,1009.63,USD,554433221100
aws,2026-07-20,Lambda,eu-central-1,RequestCount,59.25,USD,554433221100
aws,2026-07-20,Redshift,us-west-2,NodeUsage:ra3.xlplus,491.96,USD,998877665544
aws,2026-07-20,S3,ap-southeast-1,DeepArchiveStorage,33.4,USD,554433221100
aws,2026-07-20,OpenSearch,ap-southeast-1,Storage-GP3-ByteHrs,79.19,USD,887766554433
aws,2026-07-21,Redshift,ap-southeast-1,Storage-ByteHrs,1197.17,USD,998877665544
aws,2026-07-21,EKS,ap-southeast-1,EKS-Cluster-Hours,279.87,USD,554433221100
aws,2026-07-21,CloudFront,us-west-2,DataTransfer-Out-Bytes,54.05,USD,887766554433
aws,2026-07-21,ECS,eu-central-1,Fargate-GB-Hours,36.52,USD,554433221100
aws,2026-07-21,Lambda,us-west-2,ProvisionedConcurrency,64.31,USD,887766554433
aws,2026-07-21,Lambda,eu-central-1,ProvisionedConcurrency,96.08,USD,554433221100
aws,2026-07-21,S3,ap-south-1,DeepArchiveStorage,138.56,USD,998877665544
aws,2026-07-21,DynamoDB,us-west-2,OnDemandIO-Read,51.76,USD,887766554433
aws,2026-07-21,ElastiCache,eu-central-1,NodeUsage:cache.r6g.large,214.86,USD,998877665544
aws,2026-07-22,RDS,eu-west-1,InstanceUsage:db.r6g.2xlarge,581.1,USD,887766554433
aws,2026-07-22,S3,ap-south-1,Requests-Tier1,86.29,USD,887766554433
aws,2026-07-22,CloudFront,sa-east-1,Invalidations,113.25,USD,887766554433
aws,2026-07-22,ElastiCache,us-east-1,NodeUsage:cache.r6g.large,111.84,USD,554433221100
aws,2026-07-22,Lambda,eu-west-1,Lambda-GB-Second,84.5,USD,998877665544
aws,2026-07-22,DynamoDB,ap-southeast-1,ReadCapacityUnits,21.34,USD,554433221100
aws,2026-07-22,EKS,eu-west-1,Fargate-vCPU-Hours,419.41,USD,554433221100
aws,2026-07-22,DynamoDB,eu-central-1,ReadCapacityUnits,113.7,USD,554433221100
aws,2026-07-22,Kinesis,ap-south-1,ShardHour,10.46,USD,554433221100
aws,2026-07-22,DynamoDB,eu-west-1,TimedStorage-ByteHrs,2.52,USD,887766554433
aws,2026-07-22,Redshift,eu-central-1,Storage-ByteHrs,907.04,USD,554433221100
aws,2026-07-23,S3,ap-south-1,Requests-Tier1,79.55,USD,887766554433
aws,2026-07-23,Redshift,us-west-2,Storage-ByteHrs,1397.61,USD,998877665544
aws,2026-07-23,CloudFront,ap-south-1,Requests-HTTPS-Proxy,112.58,USD,998877665544
aws,2026-07-23,EKS,us-west-2,Fargate-vCPU-Hours,213.88,USD,554433221100
aws,2026-07-23,Lambda,eu-west-1,ProvisionedConcurrency,9.26,USD,887766554433
aws,2026-07-23,OpenSearch,us-west-2,Storage-GP3-ByteHrs,1009.81,USD,887766554433
aws,2026-07-23,OpenSearch,eu-central-1,DomainUsage:or1.medium,589.53,USD,998877665544
aws,2026-07-23,OpenSearch,ap-south-1,DomainUsage:or1.medium,493.73,USD,554433221100
aws,2026-07-23,OpenSearch,us-west-2,DomainUsage:or1.medium,206.15,USD,887766554433
aws,2026-07-23,Lambda,eu-central-1,ProvisionedConcurrency,12.83,USD,554433221100
aws,2026-07-23,ElastiCache,us-east-1,NodeUsage:cache.m6g.large,254.48,USD,554433221100
aws,2026-07-23,RDS,ap-southeast-1,RDS:Multi-AZ-Storage,946.08,USD,887766554433
aws,2026-07-23,CloudFront,us-west-2,Requests-HTTPS-Proxy,86.2,USD,554433221100
aws,2026-07-23,EC2,us-east-1,BoxUsage:t4g.xlarge,552.8,USD,998877665544
aws,2026-07-23,OpenSearch,ap-southeast-1,DomainUsage:or1.medium,1611.24,USD,887766554433
aws,2026-07-23,Lambda,ap-southeast-1,ProvisionedConcurrency,4.38,USD,554433221100
aws,2026-07-24,ECS,us-east-1,Fargate-GB-Hours,39.9,USD,554433221100
aws,2026-07-24,RDS,sa-east-1,InstanceUsage:db.m6g.xlarge,921.65,USD,554433221100
aws,2026-07-24,EKS,ap-southeast-1,EKS-Cluster-Hours,31.61,USD,887766554433
aws,2026-07-24,Lambda,us-east-1,ProvisionedConcurrency,134.4,USD,554433221100
aws,2026-07-24,CloudFront,ap-south-1,Invalidations,135.61,USD,998877665544
aws,2026-07-24,CloudFront,ap-south-1,DataTransfer-Out-Bytes,45.67,USD,998877665544
aws,2026-07-24,EC2,us-west-2,BoxUsage:c6i.2xlarge,394.36,USD,887766554433
aws,2026-07-24,CloudFront,ap-south-1,Invalidations,76.71,USD,554433221100
aws,2026-07-24,OpenSearch,eu-west-1,Storage-GP3-ByteHrs,421.84,USD,554433221100
aws,2026-07-24,CloudFront,eu-central-1,Invalidations,81.07,USD,998877665544
aws,2026-07-24,EC2,us-west-2,EBS:VolumeUsage.gp3,38.0,USD,554433221100
aws,2026-07-25,EC2,ap-south-1,EBS:VolumeUsage.gp3,372.7,USD,887766554433
aws,2026-07-25,DynamoDB,eu-central-1,ReadCapacityUnits,42.94,USD,998877665544
aws,2026-07-25,Kinesis,us-east-1,ShardHour,133.86,USD,998877665544
aws,2026-07-25,CloudFront,sa-east-1,Requests-HTTPS-Proxy,9.11,USD,554433221100
aws,2026-07-25,Kinesis,us-west-2,PUT-Payload-Units,41.95,USD,998877665544
aws,2026-07-26,CloudFront,sa-east-1,Invalidations,136.41,USD,998877665544
aws,2026-07-26,ElastiCache,eu-central-1,NodeUsage:cache.r6g.large,392.36,USD,554433221100
aws,2026-07-26,Kinesis,ap-south-1,ShardHour,37.33,USD,554433221100
aws,2026-07-26,Kinesis,us-west-2,ShardHour,133.1,USD,554433221100
aws,2026-07-26,Lambda,sa-east-1,RequestCount,58.33,USD,998877665544
aws,2026-07-26,S3,ap-southeast-1,DataTransfer-Out-Bytes,131.03,USD,998877665544
aws,2026-07-26,DynamoDB,us-east-1,OnDemandIO-Read,25.91,USD,998877665544
aws,2026-07-26,DynamoDB,eu-west-1,ReadCapacityUnits,108.73,USD,887766554433
aws,2026-07-26,EKS,eu-central-1,EKS-Cluster-Hours,301.99,USD,554433221100
aws,2026-07-26,ElastiCache,eu-west-1,NodeUsage:cache.r6g.large,100.01,USD,887766554433
aws,2026-07-26,Redshift,ap-southeast-1,Storage-ByteHrs,993.63,USD,998877665544
aws,2026-07-26,OpenSearch,sa-east-1,Storage-GP3-ByteHrs,393.38,USD,554433221100
aws,2026-07-26,Redshift,sa-east-1,Storage-ByteHrs,470.1,USD,887766554433
aws,2026-07-27,DynamoDB,us-east-1,ReadCapacityUnits,65.39,USD,887766554433
aws,2026-07-27,Redshift,eu-central-1,Storage-ByteHrs,451.44,USD,887766554433
aws,2026-07-27,OpenSearch,us-east-1,DomainUsage:or1.medium,113.8,USD,554433221100
aws,2026-07-27,Kinesis,ap-south-1,ShardHour,87.48,USD,554433221100
aws,2026-07-27,CloudFront,us-east-1,Invalidations,110.61,USD,554433221100
aws,2026-07-28,ElastiCache,sa-east-1,NodeUsage:cache.r6g.large,510.13,USD,887766554433
aws,2026-07-28,RDS,eu-central-1,InstanceUsage:db.r6g.2xlarge,174.35,USD,554433221100
aws,2026-07-28,Redshift,us-east-1,Storage-ByteHrs,1577.7,USD,887766554433
aws,2026-07-28,OpenSearch,ap-south-1,DomainUsage:or1.medium,551.04,USD,554433221100
aws,2026-07-28,Kinesis,sa-east-1,PUT-Payload-Units,59.58,USD,554433221100
aws,2026-07-28,CloudFront,ap-southeast-1,DataTransfer-Out-Bytes,13.58,USD,554433221100
aws,2026-07-28,EC2,ap-south-1,EBS:VolumeUsage.gp3,317.51,USD,554433221100
aws,2026-07-28,EC2,eu-central-1,BoxUsage:c6i.2xlarge,566.41,USD,998877665544
aws,2026-07-28,OpenSearch,us-west-2,Storage-GP3-ByteHrs,1211.21,USD,554433221100
aws,2026-07-28,DynamoDB,us-east-1,TimedStorage-ByteHrs,104.97,USD,998877665544
aws,2026-07-28,EKS,us-east-1,EKS-Cluster-Hours,778.98,USD,887766554433
aws,2026-07-28,DynamoDB,ap-south-1,OnDemandIO-Read,12.66,USD,998877665544
aws,2026-07-28,DynamoDB,ap-southeast-1,OnDemandIO-Read,121.22,USD,998877665544
aws,2026-07-28,Kinesis,sa-east-1,PUT-Payload-Units,103.36,USD,998877665544
aws,2026-07-29,DynamoDB,eu-west-1,ReadCapacityUnits,70.56,USD,887766554433
aws,2026-07-29,DynamoDB,ap-south-1,OnDemandIO-Read,121.49,USD,887766554433
aws,2026-07-29,CloudFront,ap-south-1,Invalidations,92.61,USD,887766554433
aws,2026-07-29,ECS,us-west-2,Fargate-GB-Hours,21.23,USD,554433221100
aws,2026-07-29,DynamoDB,eu-central-1,ReadCapacityUnits,136.12,USD,554433221100
aws,2026-07-29,ECS,ap-south-1,Fargate-GB-Hours,81.67,USD,998877665544
aws,2026-07-29,Redshift,ap-south-1,Storage-ByteHrs,64.94,USD,887766554433
aws,2026-07-29,OpenSearch,sa-east-1,DomainUsage:or1.medium,329.94,USD,998877665544
aws,2026-07-29,DynamoDB,eu-central-1,WriteCapacityUnits,48.62,USD,887766554433
aws,2026-07-29,Lambda,sa-east-1,Lambda-GB-Second,21.3,USD,554433221100
aws,2026-07-29,Redshift,us-east-1,Storage-ByteHrs,480.45,USD,887766554433
aws,2026-07-29,RDS,us-east-1,RDS:PIOPS-Storage,740.18,USD,554433221100
aws,2026-07-29,EKS,eu-west-1,EKS-Cluster-Hours,193.04,USD,887766554433
aws,2026-07-29,RDS,ap-southeast-1,InstanceUsage:db.r6g.2xlarge,723.99,USD,887766554433
aws,2026-07-29,OpenSearch,ap-southeast-1,DomainUsage:or1.medium,1207.38,USD,998877665544
aws,2026-07-30,DynamoDB,us-west-2,TimedStorage-ByteHrs,90.28,USD,998877665544
aws,2026-07-30,EKS,ap-south-1,Fargate-vCPU-Hours,385.45,USD,887766554433
aws,2026-07-30,Kinesis,ap-south-1,PUT-Payload-Units,8.43,USD,554433221100
aws,2026-07-30,CloudFront,us-west-2,DataTransfer-Out-Bytes,120.26,USD,998877665544
aws,2026-07-30,OpenSearch,us-east-1,DomainUsage:or1.medium,1212.5,USD,887766554433
aws,2026-07-30,EC2,us-west-2,BoxUsage:c6i.2xlarge,687.29,USD,554433221100
aws,2026-07-30,Redshift,eu-central-1,NodeUsage:ra3.xlplus,197.47,USD,887766554433
aws,2026-07-30,EKS,eu-west-1,EKS-Cluster-Hours,717.69,USD,998877665544
aws,2026-07-30,Kinesis,sa-east-1,PUT-Payload-Units,87.89,USD,887766554433
aws,2026-07-30,CloudFront,us-west-2,Requests-HTTPS-Proxy,69.09,USD,554433221100
aws,2026-07-30,EKS,eu-central-1,Fargate-vCPU-Hours,196.75,USD,887766554433
aws,2026-07-31,S3,ap-south-1,DeepArchiveStorage,111.66,USD,887766554433
aws,2026-07-31,ElastiCache,eu-west-1,NodeUsage:cache.m6g.large,192.34,USD,998877665544
aws,2026-07-31,EC2,eu-central-1,BoxUsage:c6i.2xlarge,382.05,USD,998877665544
aws,2026-07-31,Redshift,eu-central-1,Storage-ByteHrs,322.58,USD,887766554433
aws,2026-07-31,ECS,ap-south-1,Fargate-vCPU-Hours,29.15,USD,887766554433
aws,2026-07-31,Lambda,eu-west-1,ProvisionedConcurrency,75.5,USD,887766554433
aws,2026-07-31,EKS,eu-central-1,EKS-Cluster-Hours,14.59,USD,998877665544
aws,2026-07-31,EKS,ap-south-1,Fargate-vCPU-Hours,23.71,USD,887766554433
aws,2026-07-31,ElastiCache,us-east-1,NodeUsage:cache.r6g.large,467.67,USD,554433221100
aws,2026-07-31,ECS,us-west-2,Fargate-vCPU-Hours,27.87,USD,998877665544
aws,2026-07-31,S3,eu-central-1,Requests-Tier1,27.8,USD,887766554433
aws,2026-07-31,OpenSearch,us-east-1,DomainUsage:or1.medium,700.83,USD,887766554433
aws,2026-07-31,RDS,us-west-2,InstanceUsage:db.r6g.2xlarge,382.18,USD,998877665544
aws,2026-07-31,ElastiCache,ap-southeast-1,NodeUsage:cache.m6g.large,558.55,USD,554433221100
aws,2026-07-31,ECS,sa-east-1,Fargate-GB-Hours,114.24,USD,998877665544
