provider,date,service,region,usageType,cost,currency,accountId
aws,2026-01-01,DynamoDB,eu-west-1,WriteCapacityUnits,94.32,USD,987654321098
aws,2026-01-01,DynamoDB,eu-central-1,TimedStorage-ByteHrs,69.65,USD,456789012345
aws,2026-01-01,Lambda,ap-south-1,Lambda-GB-Second,50.93,USD,123456789012
aws,2026-01-01,ECS,us-west-2,Fargate-vCPU-Hours,36.33,USD,456789012345
aws,2026-01-01,Lambda,ap-southeast-1,Lambda-GB-Second,71.3,USD,123456789012
aws,2026-01-01,EC2,us-east-1,BoxUsage:c5.xlarge,309.29,USD,123456789012
aws,2026-01-01,Redshift,ap-southeast-1,NodeUsage:dc2.large,883.4,USD,123456789012
aws,2026-01-01,ElastiCache,ap-south-1,NodeUsage:cache.t3.medium,631.99,USD,456789012345
aws,2026-01-01,EC2,ap-southeast-1,BoxUsage:m5.2xlarge,166.82,USD,456789012345
aws,2026-01-01,CloudFront,eu-central-1,Requests-HTTPS-Proxy,39.05,USD,987654321098
aws,2026-01-02,CloudFront,eu-west-1,Requests-HTTP-Proxy,64.66,USD,987654321098
aws,2026-01-02,DynamoDB,ap-southeast-1,WriteCapacityUnits,90.49,USD,987654321098
aws,2026-01-02,ElastiCache,eu-west-1,NodeUsage:cache.r5.large,376.7,USD,123456789012
aws,2026-01-02,Redshift,ap-south-1,NodeUsage:dc2.large,35.25,USD,456789012345
aws,2026-01-02,ECS,us-east-1,Fargate-vCPU-Hours,78.75,USD,123456789012
aws,2026-01-02,RDS,ap-southeast-1,InstanceUsage:db.r5.xlarge,99.25,USD,123456789012
aws,2026-01-02,Redshift,us-east-1,NodeUsage:dc2.large,769.33,USD,123456789012
aws,2026-01-02,ECS,ap-south-1,Fargate-GB-Hours,56.87,USD,987654321098
aws,2026-01-02,S3,eu-central-1,Requests-Tier2,56.56,USD,123456789012
aws,2026-01-03,ElastiCache,us-west-2,NodeUsage:cache.r5.large,626.67,USD,987654321098
aws,2026-01-03,S3,ap-southeast-1,Requests-Tier2,62.14,USD,456789012345
aws,2026-01-03,EC2,us-east-1,BoxUsage:t3.large,68.02,USD,987654321098
aws,2026-01-03,S3,ap-southeast-1,DataTransfer-Out-Bytes,64.65,USD,987654321098
aws,2026-01-03,EKS,ap-south-1,EKS-Cluster-Hours,363.28,USD,123456789012
aws,2026-01-03,CloudFront,eu-west-1,Requests-HTTP-Proxy,23.51,USD,456789012345
aws,2026-01-04,RDS,us-east-1,RDS:ChargedBackupUsage,1377.96,USD,123456789012
aws,2026-01-04,DynamoDB,ap-southeast-1,IndexWriteCapacityUnits,37.99,USD,456789012345
aws,2026-01-04,S3,eu-central-1,TimedStorage-ByteHrs,98.52,USD,987654321098
aws,2026-01-04,ECS,us-west-2,Fargate-GB-Hours,8.06,USD,123456789012
aws,2026-01-05,S3,eu-west-1,TimedStorage-ByteHrs,89.04,USD,123456789012
aws,2026-01-05,ECS,ap-south-1,Fargate-vCPU-Hours,20.56,USD,987654321098
aws,2026-01-05,CloudFront,eu-central-1,Requests-HTTP-Proxy,75.08,USD,987654321098
aws,2026-01-05,CloudFront,eu-west-1,Requests-HTTP-Proxy,19.16,USD,456789012345
aws,2026-01-05,ECS,us-east-1,Fargate-vCPU-Hours,98.49,USD,987654321098
aws,2026-01-06,Lambda,us-east-1,Lambda-GB-Second,71.14,USD,456789012345
aws,2026-01-06,DynamoDB,us-west-2,ReadCapacityUnits,104.63,USD,123456789012
aws,2026-01-06,EC2,us-east-1,IPAddress:EIP,71.16,USD,987654321098
aws,2026-01-07,RDS,eu-central-1,RDS:ChargedBackupUsage,1260.26,USD,123456789012
aws,2026-01-07,S3,us-east-1,Requests-Tier2,70.72,USD,123456789012
aws,2026-01-07,ElastiCache,eu-west-1,NodeUsage:cache.t3.medium,265.97,USD,987654321098
aws,2026-01-07,Redshift,ap-south-1,Storage-ByteHrs,833.04,USD,456789012345
aws,2026-01-07,S3,ap-southeast-1,Requests-Tier1,10.96,USD,987654321098
aws,2026-01-07,ElastiCache,ap-southeast-1,NodeUsage:cache.r5.large,266.46,USD,456789012345
aws,2026-01-07,S3,us-west-2,TimedStorage-ByteHrs,34.17,USD,987654321098
aws,2026-01-08,RDS,us-west-2,InstanceUsage:db.t3.medium,882.88,USD,456789012345
aws,2026-01-08,Redshift,us-west-2,NodeUsage:dc2.large,809.95,USD,987654321098
aws,2026-01-08,EC2,ap-southeast-1,DataTransfer-Out-Bytes,447.53,USD,987654321098
aws,2026-01-08,CloudFront,ap-south-1,Requests-HTTPS-Proxy,67.64,USD,123456789012
aws,2026-01-08,Redshift,us-east-1,NodeUsage:dc2.large,522.15,USD,987654321098
aws,2026-01-08,EKS,ap-south-1,Fargate-vCPU-Hours,1210.93,USD,123456789012
aws,2026-01-08,CloudFront,us-west-2,Requests-HTTPS-Proxy,36.77,USD,123456789012
aws,2026-01-08,S3,eu-west-1,DataTransfer-Out-Bytes,17.81,USD,456789012345
aws,2026-01-09,ECS,ap-south-1,Fargate-vCPU-Hours,24.85,USD,123456789012
aws,2026-01-10,S3,ap-southeast-1,Requests-Tier1,119.66,USD,123456789012
aws,2026-01-10,EKS,ap-south-1,EKS-Cluster-Hours,1153.29,USD,123456789012
aws,2026-01-10,CloudFront,us-west-2,Requests-HTTPS-Proxy,117.08,USD,123456789012
aws,2026-01-10,Redshift,ap-southeast-1,NodeUsage:dc2.large,1338.67,USD,123456789012
aws,2026-01-10,EC2,us-west-2,IPAddress:EIP,559.93,USD,456789012345
aws,2026-01-10,DynamoDB,us-west-2,WriteCapacityUnits,55.65,USD,456789012345
aws,2026-01-11,Lambda,eu-central-1,RequestCount,62.96,USD,987654321098
aws,2026-01-11,ElastiCache,ap-south-1,NodeUsage:cache.r5.large,71.06,USD,987654321098
aws,2026-01-11,Lambda,eu-west-1,Lambda-GB-Second,85.38,USD,123456789012
aws,2026-01-11,EC2,ap-south-1,IPAddress:EIP,351.46,USD,987654321098
aws,2026-01-11,CloudFront,us-east-1,Requests-HTTPS-Proxy,76.08,USD,456789012345
aws,2026-01-11,RDS,eu-west-1,InstanceUsage:db.r5.xlarge,1393.84,USD,123456789012
aws,2026-01-11,CloudFront,ap-south-1,Requests-HTTPS-Proxy,39.32,USD,123456789012
aws,2026-01-11,S3,us-east-1,DataTransfer-Out-Bytes,2.02,USD,123456789012
aws,2026-01-11,ElastiCache,eu-central-1,NodeUsage:cache.r5.large,347.57,USD,987654321098
aws,2026-01-11,S3,eu-central-1,TimedStorage-ByteHrs,3.12,USD,987654321098
aws,2026-01-11,Lambda,us-east-1,Lambda-GB-Second,61.69,USD,456789012345
aws,2026-01-11,Redshift,ap-southeast-1,NodeUsage:dc2.large,1350.51,USD,456789012345
aws,2026-01-12,Lambda,ap-south-1,RequestCount,107.49,USD,456789012345
aws,2026-01-12,DynamoDB,ap-southeast-1,IndexWriteCapacityUnits,27.27,USD,987654321098
aws,2026-01-12,DynamoDB,eu-west-1,IndexWriteCapacityUnits,62.51,USD,456789012345
aws,2026-01-12,S3,eu-west-1,Requests-Tier1,104.28,USD,123456789012
aws,2026-01-12,Redshift,us-east-1,Storage-ByteHrs,1292.09,USD,987654321098
aws,2026-01-12,EC2,eu-central-1,BoxUsage:m5.2xlarge,140.19,USD,987654321098
aws,2026-01-12,Lambda,us-east-1,RequestCount,63.96,USD,987654321098
aws,2026-01-12,EC2,us-west-2,BoxUsage:m5.2xlarge,286.12,USD,456789012345
aws,2026-01-13,EC2,eu-west-1,DataTransfer-Out-Bytes,574.11,USD,456789012345
aws,2026-01-13,Lambda,eu-central-1,Lambda-GB-Second,52.76,USD,987654321098
aws,2026-01-13,ECS,ap-southeast-1,Fargate-GB-Hours,106.16,USD,123456789012
aws,2026-01-13,S3,ap-south-1,Requests-Tier1,77.74,USD,123456789012
aws,2026-01-13,EKS,ap-southeast-1,Fargate-vCPU-Hours,1138.04,USD,456789012345
aws,2026-01-13,ECS,ap-southeast-1,Fargate-GB-Hours,37.62,USD,456789012345
aws,2026-01-13,Lambda,eu-west-1,RequestCount,106.15,USD,987654321098
aws,2026-01-13,S3,eu-west-1,DataTransfer-Out-Bytes,41.52,USD,123456789012
aws,2026-01-13,S3,us-east-1,TimedStorage-ByteHrs,79.3,USD,123456789012
aws,2026-01-14,DynamoDB,ap-southeast-1,ReadCapacityUnits,48.17,USD,123456789012
aws,2026-01-14,S3,us-west-2,Requests-Tier1,49.19,USD,987654321098
aws,2026-01-14,EKS,ap-southeast-1,EKS-Cluster-Hours,982.15,USD,987654321098
aws,2026-01-14,S3,ap-southeast-1,TimedStorage-ByteHrs,98.82,USD,123456789012
aws,2026-01-14,EKS,us-west-2,Fargate-vCPU-Hours,668.67,USD,456789012345
aws,2026-01-14,EC2,eu-central-1,IPAddress:EIP,75.76,USD,987654321098
aws,2026-01-14,EKS,us-west-2,EKS-Cluster-Hours,716.21,USD,123456789012
aws,2026-01-14,ECS,us-west-2,Fargate-vCPU-Hours,54.68,USD,456789012345
aws,2026-01-14,RDS,eu-west-1,RDS:Multi-AZ-Storage,717.87,USD,987654321098
aws,2026-01-14,CloudFront,us-west-2,Requests-HTTP-Proxy,119.61,USD,987654321098
aws,2026-01-14,Lambda,us-west-2,Lambda-GB-Second,31.34,USD,987654321098
aws,2026-01-14,DynamoDB,ap-southeast-1,IndexWriteCapacityUnits,74.13,USD,123456789012
aws,2026-01-14,DynamoDB,us-west-2,IndexWriteCapacityUnits,87.32,USD,123456789012
aws,2026-01-14,DynamoDB,ap-southeast-1,WriteCapacityUnits,16.64,USD,456789012345
aws,2026-01-15,EC2,ap-south-1,DataTransfer-Out-Bytes,598.0,USD,456789012345
aws,2026-01-15,RDS,eu-central-1,RDS:ChargedBackupUsage,756.15,USD,987654321098
aws,2026-01-15,RDS,ap-south-1,InstanceUsage:db.t3.medium,259.64,USD,987654321098
aws,2026-01-15,Redshift,ap-southeast-1,Storage-ByteHrs,224.4,USD,456789012345
aws,2026-01-15,S3,eu-central-1,DataTransfer-Out-Bytes,1.43,USD,987654321098
aws,2026-01-15,CloudFront,eu-central-1,DataTransfer-Out-Bytes,14.31,USD,987654321098
aws,2026-01-15,S3,eu-west-1,DataTransfer-Out-Bytes,16.39,USD,456789012345
aws,2026-01-15,CloudFront,us-east-1,Requests-HTTPS-Proxy,39.53,USD,987654321098
aws,2026-01-15,EKS,eu-central-1,Fargate-vCPU-Hours,799.65,USD,456789012345
aws,2026-01-15,Lambda,eu-central-1,Edge-ByteHrs,18.67,USD,123456789012
aws,2026-01-16,Redshift,eu-central-1,NodeUsage:dc2.large,916.36,USD,123456789012
aws,2026-01-16,ECS,ap-south-1,Fargate-GB-Hours,82.5,USD,456789012345
aws,2026-01-16,Lambda,eu-west-1,RequestCount,11.69,USD,456789012345
aws,2026-01-16,DynamoDB,eu-west-1,WriteCapacityUnits,8.47,USD,987654321098
aws,2026-01-16,ElastiCache,us-east-1,NodeUsage:cache.t3.medium,47.73,USD,123456789012
aws,2026-01-16,EKS,us-west-2,Fargate-vCPU-Hours,235.53,USD,987654321098
aws,2026-01-16,Redshift,eu-west-1,NodeUsage:dc2.large,1041.45,USD,123456789012
aws,2026-01-16,EC2,ap-south-1,BoxUsage:c5.xlarge,108.42,USD,456789012345
aws,2026-01-17,ECS,ap-southeast-1,Fargate-GB-Hours,30.28,USD,456789012345
aws,2026-01-17,S3,eu-west-1,Requests-Tier2,119.36,USD,987654321098
aws,2026-01-17,EKS,ap-south-1,Fargate-vCPU-Hours,1238.19,USD,987654321098
aws,2026-01-17,Redshift,us-east-1,NodeUsage:dc2.large,489.53,USD,987654321098
aws,2026-01-17,DynamoDB,eu-central-1,ReadCapacityUnits,54.71,USD,987654321098
aws,2026-01-17,DynamoDB,eu-central-1,IndexWriteCapacityUnits,93.69,USD,123456789012
aws,2026-01-17,RDS,eu-west-1,InstanceUsage:db.t3.medium,264.47,USD,987654321098
aws,2026-01-17,Lambda,ap-southeast-1,RequestCount,77.58,USD,987654321098
aws,2026-01-17,CloudFront,eu-central-1,DataTransfer-Out-Bytes,109.12,USD,987654321098
aws,2026-01-17,CloudFront,eu-west-1,Requests-HTTPS-Proxy,25.63,USD,987654321098
aws,2026-01-18,Lambda,ap-southeast-1,Lambda-GB-Second,29.66,USD,456789012345
aws,2026-01-18,EC2,us-east-1,BoxUsage:c5.xlarge,546.3,USD,123456789012
aws,2026-01-18,DynamoDB,ap-southeast-1,TimedStorage-ByteHrs,32.17,USD,456789012345
aws,2026-01-18,Lambda,eu-central-1,Edge-ByteHrs,119.69,USD,987654321098
aws,2026-01-18,CloudFront,us-west-2,Requests-HTTPS-Proxy,75.45,USD,456789012345
aws,2026-01-18,ECS,eu-central-1,Fargate-vCPU-Hours,84.19,USD,456789012345
aws,2026-01-18,Redshift,eu-central-1,Storage-ByteHrs,709.69,USD,456789012345
aws,2026-01-18,ElastiCache,eu-central-1,NodeUsage:cache.r5.large,251.8,USD,123456789012
aws,2026-01-18,RDS,ap-south-1,InstanceUsage:db.t3.medium,1378.78,USD,456789012345
aws,2026-01-19,Redshift,eu-central-1,NodeUsage:dc2.large,237.61,USD,123456789012
aws,2026-01-19,ElastiCache,eu-west-1,NodeUsage:cache.t3.medium,625.51,USD,456789012345
aws,2026-01-19,EKS,ap-southeast-1,EKS-Cluster-Hours,1301.37,USD,123456789012
aws,2026-01-19,EC2,us-west-2,DataTransfer-Out-Bytes,306.9,USD,123456789012
aws,2026-01-19,DynamoDB,us-east-1,IndexWriteCapacityUnits,40.02,USD,987654321098
aws,2026-01-19,EC2,eu-central-1,BoxUsage:c5.xlarge,426.72,USD,987654321098
aws,2026-01-19,Lambda,ap-southeast-1,RequestCount,11.36,USD,456789012345
aws,2026-01-20,ElastiCache,ap-south-1,NodeUsage:cache.r5.large,425.63,USD,123456789012
aws,2026-01-20,S3,us-west-2,DataTransfer-Out-Bytes,43.99,USD,456789012345
aws,2026-01-20,RDS,ap-south-1,RDS:ChargedBackupUsage,851.97,USD,987654321098
aws,2026-01-20,Redshift,us-east-1,NodeUsage:dc2.large,1311.62,USD,456789012345
aws,2026-01-20,EC2,us-east-1,DataTransfer-Out-Bytes,548.44,USD,123456789012
aws,2026-01-20,EKS,us-east-1,Fargate-vCPU-Hours,1429.02,USD,456789012345
aws,2026-01-20,EKS,eu-central-1,Fargate-vCPU-Hours,239.09,USD,123456789012
aws,2026-01-20,EKS,us-west-2,EKS-Cluster-Hours,878.24,USD,123456789012
aws,2026-01-20,RDS,us-west-2,InstanceUsage:db.r5.xlarge,521.2,USD,987654321098
aws,2026-01-20,DynamoDB,ap-south-1,TimedStorage-ByteHrs,79.67,USD,987654321098
aws,2026-01-20,Lambda,us-west-2,Lambda-GB-Second,37.4,USD,987654321098
aws,2026-01-20,EKS,eu-west-1,Fargate-vCPU-Hours,950.92,USD,987654321098
aws,2026-01-20,EKS,ap-south-1,Fargate-vCPU-Hours,1058.62,USD,987654321098
aws,2026-01-21,RDS,eu-central-1,RDS:ChargedBackupUsage,1418.63,USD,123456789012
aws,2026-01-21,ElastiCache,us-east-1,NodeUsage:cache.r5.large,149.62,USD,987654321098
aws,2026-01-21,EC2,eu-west-1,BoxUsage:c5.xlarge,358.98,USD,123456789012
aws,2026-01-21,CloudFront,ap-southeast-1,Requests-HTTPS-Proxy,89.72,USD,987654321098
aws,2026-01-21,EKS,us-west-2,EKS-Cluster-Hours,490.62,USD,456789012345
aws,2026-01-21,ElastiCache,eu-west-1,NodeUsage:cache.r5.large,414.25,USD,987654321098
aws,2026-01-21,ElastiCache,us-west-2,NodeUsage:cache.t3.medium,423.97,USD,456789012345
aws,2026-01-21,S3,eu-central-1,Requests-Tier2,62.11,USD,987654321098
aws,2026-01-21,ElastiCache,ap-southeast-1,NodeUsage:cache.t3.medium,467.71,USD,987654321098
aws,2026-01-21,ElastiCache,eu-west-1,NodeUsage:cache.r5.large,446.38,USD,123456789012
aws,2026-01-21,EKS,us-east-1,EKS-Cluster-Hours,967.75,USD,456789012345
aws,2026-01-21,DynamoDB,eu-central-1,IndexWriteCapacityUnits,63.04,USD,987654321098
aws,2026-01-22,Lambda,eu-central-1,RequestCount,66.69,USD,987654321098
aws,2026-01-22,CloudFront,ap-south-1,Requests-HTTP-Proxy,27.42,USD,456789012345
aws,2026-01-22,DynamoDB,us-west-2,TimedStorage-ByteHrs,49.61,USD,123456789012
aws,2026-01-22,CloudFront,ap-southeast-1,DataTransfer-Out-Bytes,34.14,USD,987654321098
aws,2026-01-22,CloudFront,ap-south-1,Requests-HTTP-Proxy,108.08,USD,123456789012
aws,2026-01-22,EC2,ap-south-1,BoxUsage:m5.2xlarge,472.69,USD,987654321098
aws,2026-01-23,DynamoDB,ap-southeast-1,WriteCapacityUnits,68.45,USD,987654321098
aws,2026-01-23,RDS,eu-west-1,RDS:ChargedBackupUsage,1049.39,USD,456789012345
aws,2026-01-23,CloudFront,ap-southeast-1,DataTransfer-Out-Bytes,25.28,USD,987654321098
aws,2026-01-23,Lambda,ap-southeast-1,Lambda-GB-Second,88.95,USD,987654321098
aws,2026-01-23,DynamoDB,ap-southeast-1,TimedStorage-ByteHrs,47.51,USD,456789012345
aws,2026-01-23,DynamoDB,eu-west-1,IndexWriteCapacityUnits,66.99,USD,123456789012
aws,2026-01-23,ECS,eu-central-1,Fargate-vCPU-Hours,87.05,USD,123456789012
aws,2026-01-23,DynamoDB,eu-central-1,IndexWriteCapacityUnits,107.58,USD,123456789012
aws,2026-01-24,DynamoDB,us-west-2,IndexWriteCapacityUnits,29.31,USD,456789012345
aws,2026-01-24,EKS,ap-southeast-1,EKS-Cluster-Hours,213.02,USD,987654321098
aws,2026-01-24,EKS,eu-central-1,EKS-Cluster-Hours,407.56,USD,123456789012
aws,2026-01-24,EC2,eu-west-1,DataTransfer-Out-Bytes,496.07,USD,987654321098
aws,2026-01-24,EC2,us-west-2,IPAddress:EIP,17.85,USD,123456789012
aws,2026-01-24,EKS,eu-west-1,Fargate-vCPU-Hours,1397.68,USD,987654321098
aws,2026-01-24,S3,us-east-1,DataTransfer-Out-Bytes,41.13,USD,123456789012
aws,2026-01-24,Lambda,us-west-2,Edge-ByteHrs,97.21,USD,456789012345
aws,2026-01-24,Redshift,us-east-1,Storage-ByteHrs,120.86,USD,987654321098
aws,2026-01-24,EC2,ap-south-1,BoxUsage:m5.2xlarge,441.3,USD,987654321098
aws,2026-01-24,DynamoDB,eu-central-1,IndexWriteCapacityUnits,84.08,USD,987654321098
aws,2026-01-24,ECS,ap-southeast-1,Fargate-vCPU-Hours,109.21,USD,456789012345
aws,2026-01-25,CloudFront,ap-southeast-1,Requests-HTTP-Proxy,30.7,USD,456789012345
aws,2026-01-25,CloudFront,us-west-2,Requests-HTTPS-Proxy,70.44,USD,123456789012
aws,2026-01-25,S3,us-west-2,DataTransfer-Out-Bytes,112.31,USD,987654321098
aws,2026-01-25,EKS,us-west-2,EKS-Cluster-Hours,908.19,USD,123456789012
aws,2026-01-25,RDS,eu-central-1,InstanceUsage:db.t3.medium,574.1,USD,456789012345
aws,2026-01-25,ElastiCache,ap-south-1,NodeUsage:cache.r5.large,46.25,USD,456789012345
aws,2026-01-25,ElastiCache,eu-central-1,NodeUsage:cache.t3.medium,169.38,USD,987654321098
aws,2026-01-25,CloudFront,ap-southeast-1,Requests-HTTPS-Proxy,12.26,USD,456789012345
aws,2026-01-26,ElastiCache,us-west-2,NodeUsage:cache.t3.medium,34.66,USD,123456789012
aws,2026-01-26,CloudFront,us-west-2,DataTransfer-Out-Bytes,34.53,USD,123456789012
aws,2026-01-26,Redshift,us-east-1,Storage-ByteHrs,982.63,USD,456789012345
aws,2026-01-26,S3,us-east-1,DataTransfer-Out-Bytes,115.6,USD,987654321098
aws,2026-01-26,DynamoDB,ap-south-1,TimedStorage-ByteHrs,31.81,USD,987654321098
aws,2026-01-26,EKS,eu-west-1,EKS-Cluster-Hours,1208.68,USD,987654321098
aws,2026-01-26,CloudFront,ap-southeast-1,Requests-HTTPS-Proxy,10.7,USD,456789012345
aws,2026-01-26,EKS,eu-central-1,EKS-Cluster-Hours,1057.51,USD,123456789012
aws,2026-01-26,EKS,us-west-2,Fargate-vCPU-Hours,285.3,USD,123456789012
aws,2026-01-26,RDS,us-east-1,RDS:Multi-AZ-Storage,803.09,USD,123456789012
aws,2026-01-26,ECS,us-west-2,Fargate-GB-Hours,43.73,USD,987654321098
aws,2026-01-26,RDS,us-east-1,InstanceUsage:db.r5.xlarge,48.41,USD,456789012345
aws,2026-01-27,S3,us-east-1,Requests-Tier1,53.94,USD,987654321098
aws,2026-01-27,RDS,eu-west-1,InstanceUsage:db.t3.medium,254.29,USD,987654321098
aws,2026-01-27,ECS,ap-south-1,Fargate-GB-Hours,7.97,USD,123456789012
aws,2026-01-27,EKS,eu-central-1,EKS-Cluster-Hours,187.47,USD,987654321098
aws,2026-01-27,Redshift,eu-central-1,NodeUsage:dc2.large,947.15,USD,456789012345
aws,2026-01-27,Lambda,ap-south-1,Edge-ByteHrs,93.06,USD,456789012345
aws,2026-01-27,RDS,us-east-1,RDS:ChargedBackupUsage,101.7,USD,456789012345
aws,2026-01-27,S3,us-west-2,DataTransfer-Out-Bytes,40.6,USD,456789012345
aws,2026-01-27,EKS,eu-central-1,Fargate-vCPU-Hours,848.02,USD,123456789012
aws,2026-01-27,Lambda,ap-south-1,RequestCount,38.32,USD,456789012345
aws,2026-01-27,ElastiCache,eu-west-1,NodeUsage:cache.r5.large,187.73,USD,456789012345
aws,2026-01-27,EKS,us-east-1,EKS-Cluster-Hours,922.64,USD,123456789012
aws,2026-01-27,DynamoDB,ap-southeast-1,WriteCapacityUnits,48.0,USD,456789012345
aws,2026-01-28,Redshift,us-east-1,Storage-ByteHrs,990.22,USD,456789012345
aws,2026-01-28,Lambda,ap-southeast-1,Lambda-GB-Second,106.13,USD,456789012345
aws,2026-01-28,Lambda,ap-southeast-1,Edge-ByteHrs,62.95,USD,987654321098
aws,2026-01-28,CloudFront,us-west-2,Requests-HTTP-Proxy,32.21,USD,123456789012
aws,2026-01-28,ElastiCache,us-west-2,NodeUsage:cache.r5.large,541.32,USD,987654321098
aws,2026-01-28,ECS,us-east-1,Fargate-vCPU-Hours,54.97,USD,987654321098
aws,2026-01-28,CloudFront,ap-southeast-1,DataTransfer-Out-Bytes,52.64,USD,456789012345
aws,2026-01-28,S3,us-west-2,Requests-Tier2,49.09,USD,987654321098
aws,2026-01-28,CloudFront,us-west-2,DataTransfer-Out-Bytes,55.31,USD,123456789012
aws,2026-01-28,RDS,us-east-1,InstanceUsage:db.r5.xlarge,1149.92,USD,456789012345
aws,2026-01-28,S3,us-east-1,Requests-Tier2,45.42,USD,123456789012
aws,2026-01-29,S3,eu-central-1,Requests-Tier1,50.75,USD,456789012345
aws,2026-01-29,CloudFront,us-west-2,DataTransfer-Out-Bytes,88.57,USD,123456789012
aws,2026-01-29,CloudFront,ap-south-1,Requests-HTTP-Proxy,81.98,USD,987654321098
aws,2026-01-29,EC2,eu-central-1,BoxUsage:c5.xlarge,139.95,USD,123456789012
aws,2026-01-29,CloudFront,us-west-2,Requests-HTTP-Proxy,28.93,USD,987654321098
aws,2026-01-29,S3,ap-south-1,DataTransfer-Out-Bytes,89.22,USD,987654321098
aws,2026-01-29,Lambda,us-east-1,RequestCount,9.29,USD,987654321098
aws,2026-01-30,EKS,eu-central-1,EKS-Cluster-Hours,668.47,USD,987654321098
aws,2026-01-30,RDS,us-west-2,RDS:ChargedBackupUsage,851.16,USD,456789012345
aws,2026-01-30,ElastiCache,eu-central-1,NodeUsage:cache.r5.large,141.51,USD,123456789012
aws,2026-01-30,DynamoDB,us-east-1,ReadCapacityUnits,40.93,USD,123456789012
aws,2026-01-30,RDS,us-east-1,RDS:ChargedBackupUsage,978.03,USD,456789012345
aws,2026-01-30,DynamoDB,eu-central-1,WriteCapacityUnits,98.5,USD,456789012345
aws,2026-01-31,EKS,eu-central-1,EKS-Cluster-Hours,333.35,USD,123456789012
aws,2026-01-31,S3,ap-southeast-1,Requests-Tier2,84.69,USD,456789012345
aws,2026-01-31,S3,us-east-1,DataTransfer-Out-Bytes,95.42,USD,987654321098
aws,2026-01-31,S3,ap-south-1,DataTransfer-Out-Bytes,15.41,USD,456789012345
aws,2026-01-31,ElastiCache,us-west-2,NodeUsage:cache.r5.large,595.26,USD,987654321098
aws,2026-01-31,Lambda,eu-west-1,Lambda-GB-Second,44.89,USD,123456789012
aws,2026-01-31,ECS,eu-central-1,Fargate-vCPU-Hours,8.64,USD,987654321098
aws,2026-01-31,RDS,us-west-2,RDS:Multi-AZ-Storage,1018.05,USD,456789012345
aws,2026-01-31,ElastiCache,us-east-1,NodeUsage:cache.r5.large,578.68,USD,987654321098
aws,2026-01-31,ElastiCache,eu-central-1,NodeUsage:cache.r5.large,265.22,USD,123456789012
aws,2026-01-31,ECS,us-west-2,Fargate-GB-Hours,86.06,USD,123456789012
aws,2026-01-31,EKS,us-east-1,EKS-Cluster-Hours,859.49,USD,456789012345
aws,2026-01-31,RDS,ap-south-1,InstanceUsage:db.t3.medium,960.36,USD,987654321098
aws,2026-01-31,Lambda,us-west-2,Edge-ByteHrs,82.61,USD,123456789012
aws,2026-01-31,ECS,ap-southeast-1,Fargate-GB-Hours,53.19,USD,987654321098
aws,2026-01-31,EKS,eu-central-1,Fargate-vCPU-Hours,1285.5,USD,987654321098
aws,2026-01-31,Redshift,ap-southeast-1,NodeUsage:dc2.large,551.66,USD,123456789012
aws,2026-01-31,S3,ap-south-1,Requests-Tier1,66.63,USD,123456789012
aws,2026-02-01,ECS,us-east-1,Fargate-GB-Hours,74.28,USD,456789012345
aws,2026-02-01,ElastiCache,us-west-2,NodeUsage:cache.t3.medium,347.58,USD,456789012345
aws,2026-02-01,DynamoDB,us-east-1,WriteCapacityUnits,54.0,USD,987654321098
aws,2026-02-01,CloudFront,ap-southeast-1,Requests-HTTP-Proxy,52.85,USD,456789012345
aws,2026-02-01,CloudFront,eu-central-1,Requests-HTTPS-Proxy,45.12,USD,123456789012
aws,2026-02-01,DynamoDB,eu-west-1,IndexWriteCapacityUnits,25.3,USD,456789012345
aws,2026-02-01,CloudFront,ap-southeast-1,Requests-HTTPS-Proxy,46.5,USD,987654321098
aws,2026-02-01,EKS,eu-west-1,Fargate-vCPU-Hours,269.53,USD,456789012345
aws,2026-02-02,EC2,eu-west-1,BoxUsage:m5.2xlarge,584.81,USD,123456789012
aws,2026-02-02,EKS,ap-south-1,Fargate-vCPU-Hours,1270.72,USD,123456789012
aws,2026-02-02,Redshift,us-west-2,NodeUsage:dc2.large,320.2,USD,456789012345
aws,2026-02-02,EKS,eu-central-1,EKS-Cluster-Hours,641.48,USD,123456789012
aws,2026-02-02,ElastiCache,eu-west-1,NodeUsage:cache.t3.medium,187.49,USD,987654321098
aws,2026-02-02,S3,ap-southeast-1,Requests-Tier2,110.23,USD,123456789012
aws,2026-02-02,S3,eu-west-1,TimedStorage-ByteHrs,28.5,USD,456789012345
aws,2026-02-03,ECS,ap-south-1,Fargate-GB-Hours,65.63,USD,987654321098
aws,2026-02-03,Lambda,eu-west-1,RequestCount,111.14,USD,987654321098
aws,2026-02-03,RDS,us-east-1,InstanceUsage:db.t3.medium,1249.92,USD,456789012345
aws,2026-02-03,Redshift,ap-south-1,NodeUsage:dc2.large,950.16,USD,456789012345
aws,2026-02-03,ElastiCache,eu-west-1,NodeUsage:cache.t3.medium,480.82,USD,987654321098
aws,2026-02-03,ECS,us-west-2,Fargate-vCPU-Hours,87.25,USD,987654321098
aws,2026-02-03,EKS,ap-south-1,EKS-Cluster-Hours,328.02,USD,456789012345
aws,2026-02-03,Lambda,us-west-2,Edge-ByteHrs,83.37,USD,987654321098
aws,2026-02-03,CloudFront,eu-west-1,Requests-HTTPS-Proxy,89.19,USD,987654321098
aws,2026-02-03,Lambda,us-east-1,RequestCount,112.64,USD,123456789012
aws,2026-02-04,DynamoDB,eu-west-1,WriteCapacityUnits,37.8,USD,987654321098
aws,2026-02-04,S3,eu-central-1,DataTransfer-Out-Bytes,115.29,USD,456789012345
aws,2026-02-04,EKS,us-east-1,EKS-Cluster-Hours,262.04,USD,123456789012
aws,2026-02-04,EKS,ap-south-1,Fargate-vCPU-Hours,452.55,USD,987654321098
aws,2026-02-04,CloudFront,eu-west-1,Requests-HTTP-Proxy,1.15,USD,456789012345
aws,2026-02-04,EC2,eu-west-1,BoxUsage:m5.2xlarge,360.21,USD,456789012345
aws,2026-02-04,CloudFront,eu-central-1,Requests-HTTPS-Proxy,58.25,USD,987654321098
aws,2026-02-04,EKS,eu-west-1,EKS-Cluster-Hours,731.1,USD,987654321098
aws,2026-02-04,RDS,us-east-1,RDS:Multi-AZ-Storage,1234.47,USD,987654321098
aws,2026-02-05,ECS,us-west-2,Fargate-GB-Hours,30.09,USD,987654321098
aws,2026-02-05,EC2,us-east-1,BoxUsage:m5.2xlarge,79.9,USD,987654321098
aws,2026-02-05,RDS,ap-south-1,InstanceUsage:db.t3.medium,97.34,USD,123456789012
aws,2026-02-05,RDS,ap-south-1,RDS:Multi-AZ-Storage,164.2,USD,123456789012
aws,2026-02-05,RDS,us-east-1,InstanceUsage:db.r5.xlarge,211.27,USD,123456789012
aws,2026-02-05,CloudFront,us-west-2,DataTransfer-Out-Bytes,20.94,USD,456789012345
aws,2026-02-05,ECS,ap-southeast-1,Fargate-GB-Hours,114.23,USD,987654321098
aws,2026-02-05,ElastiCache,eu-west-1,NodeUsage:cache.r5.large,545.83,USD,123456789012
aws,2026-02-05,RDS,eu-central-1,InstanceUsage:db.t3.medium,1069.64,USD,987654321098
aws,2026-02-05,RDS,ap-south-1,RDS:ChargedBackupUsage,542.95,USD,123456789012
aws,2026-02-06,Lambda,ap-southeast-1,Edge-ByteHrs,55.23,USD,987654321098
aws,2026-02-06,Redshift,eu-central-1,Storage-ByteHrs,227.17,USD,123456789012
aws,2026-02-06,EKS,us-west-2,Fargate-vCPU-Hours,417.09,USD,987654321098
aws,2026-02-06,EKS,ap-southeast-1,Fargate-vCPU-Hours,221.46,USD,456789012345
aws,2026-02-06,RDS,ap-south-1,InstanceUsage:db.r5.xlarge,951.28,USD,456789012345
aws,2026-02-06,DynamoDB,ap-south-1,WriteCapacityUnits,8.69,USD,123456789012
aws,2026-02-06,ElastiCache,eu-central-1,NodeUsage:cache.t3.medium,59.61,USD,123456789012
aws,2026-02-06,EKS,ap-southeast-1,EKS-Cluster-Hours,941.76,USD,456789012345
aws,2026-02-06,EC2,us-west-2,IPAddress:EIP,245.59,USD,987654321098
aws,2026-02-06,Redshift,ap-southeast-1,NodeUsage:dc2.large,1291.91,USD,987654321098
aws,2026-02-06,Lambda,us-west-2,Lambda-GB-Second,71.18,USD,123456789012
aws,2026-02-06,DynamoDB,us-west-2,WriteCapacityUnits,66.32,USD,456789012345
aws,2026-02-06,RDS,us-west-2,InstanceUsage:db.r5.xlarge,836.09,USD,123456789012
aws,2026-02-06,DynamoDB,ap-south-1,ReadCapacityUnits,11.43,USD,987654321098
aws,2026-02-07,S3,ap-south-1,Requests-Tier2,13.32,USD,123456789012
aws,2026-02-07,Redshift,ap-south-1,NodeUsage:dc2.large,826.82,USD,123456789012
aws,2026-02-07,DynamoDB,us-east-1,TimedStorage-ByteHrs,96.54,USD,456789012345
aws,2026-02-07,ECS,eu-west-1,Fargate-GB-Hours,1.61,USD,987654321098
aws,2026-02-07,ElastiCache,us-east-1,NodeUsage:cache.r5.large,320.63,USD,987654321098
aws,2026-02-07,ElastiCache,ap-southeast-1,NodeUsage:cache.r5.large,112.14,USD,123456789012
aws,2026-02-07,ElastiCache,eu-west-1,NodeUsage:cache.t3.medium,242.9,USD,987654321098
aws,2026-02-07,ECS,ap-southeast-1,Fargate-GB-Hours,13.71,USD,123456789012
aws,2026-02-07,CloudFront,eu-central-1,Requests-HTTPS-Proxy,99.05,USD,456789012345
aws,2026-02-08,EC2,ap-south-1,IPAddress:EIP,163.53,USD,456789012345
aws,2026-02-08,EC2,ap-south-1,BoxUsage:t3.large,632.15,USD,123456789012
aws,2026-02-08,ElastiCache,ap-southeast-1,NodeUsage:cache.r5.large,437.24,USD,123456789012
aws,2026-02-08,DynamoDB,ap-southeast-1,IndexWriteCapacityUnits,103.24,USD,987654321098
aws,2026-02-08,CloudFront,us-east-1,Requests-HTTPS-Proxy,74.89,USD,456789012345
aws,2026-02-09,Lambda,us-east-1,RequestCount,39.81,USD,987654321098
aws,2026-02-09,ElastiCache,us-east-1,NodeUsage:cache.r5.large,65.13,USD,123456789012
aws,2026-02-09,RDS,us-west-2,RDS:ChargedBackupUsage,1100.09,USD,987654321098
aws,2026-02-09,EC2,us-west-2,BoxUsage:m5.2xlarge,37.8,USD,456789012345
aws,2026-02-09,ECS,eu-central-1,Fargate-GB-Hours,102.62,USD,987654321098
aws,2026-02-09,RDS,eu-central-1,RDS:ChargedBackupUsage,351.83,USD,987654321098
aws,2026-02-09,DynamoDB,us-east-1,ReadCapacityUnits,97.87,USD,456789012345
aws,2026-02-09,ElastiCache,ap-south-1,NodeUsage:cache.t3.medium,510.67,USD,987654321098
aws,2026-02-09,ElastiCache,ap-southeast-1,NodeUsage:cache.t3.medium,559.57,USD,123456789012
aws,2026-02-09,Redshift,eu-central-1,Storage-ByteHrs,1171.74,USD,123456789012
aws,2026-02-09,ElastiCache,us-west-2,NodeUsage:cache.r5.large,371.49,USD,987654321098
aws,2026-02-10,ECS,eu-west-1,Fargate-GB-Hours,25.96,USD,123456789012
aws,2026-02-10,ElastiCache,us-east-1,NodeUsage:cache.t3.medium,496.47,USD,456789012345
aws,2026-02-10,EC2,ap-southeast-1,DataTransfer-Out-Bytes,388.01,USD,456789012345
aws,2026-02-10,ECS,eu-central-1,Fargate-GB-Hours,78.12,USD,987654321098
aws,2026-02-10,ECS,eu-central-1,Fargate-GB-Hours,14.22,USD,456789012345
aws,2026-02-10,CloudFront,ap-south-1,Requests-HTTP-Proxy,27.94,USD,987654321098
aws,2026-02-10,EC2,us-east-1,BoxUsage:m5.2xlarge,633.49,USD,123456789012
aws,2026-02-10,ElastiCache,us-east-1,NodeUsage:cache.r5.large,284.74,USD,456789012345
aws,2026-02-10,S3,ap-south-1,Requests-Tier1,87.88,USD,456789012345
aws,2026-02-10,CloudFront,ap-south-1,Requests-HTTPS-Proxy,79.38,USD,123456789012
aws,2026-02-10,EKS,ap-south-1,Fargate-vCPU-Hours,1311.04,USD,987654321098
aws,2026-02-10,DynamoDB,us-east-1,ReadCapacityUnits,67.22,USD,456789012345
aws,2026-02-10,ElastiCache,ap-southeast-1,NodeUsage:cache.r5.large,139.31,USD,987654321098
aws,2026-02-10,Redshift,ap-southeast-1,NodeUsage:dc2.large,1368.85,USD,987654321098
aws,2026-02-10,DynamoDB,eu-central-1,TimedStorage-ByteHrs,109.97,USD,456789012345
aws,2026-02-10,Redshift,us-west-2,NodeUsage:dc2.large,674.0,USD,456789012345
aws,2026-02-10,DynamoDB,us-east-1,IndexWriteCapacityUnits,89.21,USD,123456789012
aws,2026-02-11,ElastiCache,ap-southeast-1,NodeUsage:cache.t3.medium,448.86,USD,456789012345
aws,2026-02-11,Lambda,ap-south-1,Lambda-GB-Second,6.4,USD,987654321098
aws,2026-02-11,Redshift,eu-west-1,NodeUsage:dc2.large,689.52,USD,987654321098
aws,2026-02-11,EC2,eu-west-1,BoxUsage:m5.2xlarge,415.38,USD,987654321098
aws,2026-02-11,ECS,ap-southeast-1,Fargate-vCPU-Hours,81.23,USD,987654321098
aws,2026-02-12,Redshift,ap-south-1,NodeUsage:dc2.large,1399.73,USD,123456789012
aws,2026-02-12,ElastiCache,eu-west-1,NodeUsage:cache.t3.medium,473.8,USD,123456789012
aws,2026-02-12,Lambda,us-west-2,Lambda-GB-Second,50.89,USD,123456789012
aws,2026-02-12,Redshift,us-west-2,Storage-ByteHrs,1411.82,USD,123456789012
aws,2026-02-12,EKS,eu-west-1,Fargate-vCPU-Hours,1164.83,USD,456789012345
aws,2026-02-12,EC2,ap-south-1,BoxUsage:m5.2xlarge,421.13,USD,456789012345
aws,2026-02-12,EC2,ap-southeast-1,IPAddress:EIP,531.08,USD,123456789012
aws,2026-02-13,RDS,ap-south-1,InstanceUsage:db.r5.xlarge,751.68,USD,456789012345
aws,2026-02-13,RDS,ap-southeast-1,RDS:ChargedBackupUsage,1142.74,USD,456789012345
aws,2026-02-13,DynamoDB,us-east-1,IndexWriteCapacityUnits,37.11,USD,123456789012
aws,2026-02-13,EC2,eu-west-1,BoxUsage:c5.xlarge,464.37,USD,123456789012
aws,2026-02-13,EC2,us-east-1,BoxUsage:m5.2xlarge,562.44,USD,987654321098
aws,2026-02-13,Redshift,us-east-1,NodeUsage:dc2.large,774.32,USD,456789012345
aws,2026-02-13,RDS,eu-west-1,RDS:Multi-AZ-Storage,1100.65,USD,456789012345
aws,2026-02-13,Lambda,ap-south-1,RequestCount,54.29,USD,456789012345
aws,2026-02-13,EKS,us-west-2,EKS-Cluster-Hours,863.13,USD,123456789012
aws,2026-02-13,CloudFront,us-east-1,Requests-HTTP-Proxy,30.08,USD,456789012345
aws,2026-02-14,ElastiCache,ap-south-1,NodeUsage:cache.t3.medium,233.52,USD,456789012345
aws,2026-02-14,ElastiCache,us-east-1,NodeUsage:cache.r5.large,48.56,USD,456789012345
aws,2026-02-14,EC2,eu-west-1,BoxUsage:m5.2xlarge,206.7,USD,456789012345
aws,2026-02-14,RDS,eu-west-1,InstanceUsage:db.r5.xlarge,1326.53,USD,123456789012
aws,2026-02-14,Lambda,eu-west-1,Edge-ByteHrs,40.88,USD,123456789012
aws,2026-02-14,ECS,eu-central-1,Fargate-vCPU-Hours,103.81,USD,987654321098
aws,2026-02-15,Redshift,us-west-2,NodeUsage:dc2.large,577.05,USD,123456789012
aws,2026-02-15,EKS,ap-south-1,Fargate-vCPU-Hours,189.45,USD,456789012345
aws,2026-02-15,EKS,eu-central-1,Fargate-vCPU-Hours,175.36,USD,456789012345
aws,2026-02-15,EC2,ap-southeast-1,BoxUsage:m5.2xlarge,475.95,USD,987654321098
aws,2026-02-15,S3,eu-central-1,Requests-Tier2,79.36,USD,456789012345
aws,2026-02-15,DynamoDB,us-east-1,ReadCapacityUnits,33.22,USD,123456789012
aws,2026-02-15,S3,ap-southeast-1,TimedStorage-ByteHrs,50.04,USD,123456789012
aws,2026-02-15,CloudFront,us-west-2,Requests-HTTPS-Proxy,23.88,USD,123456789012
aws,2026-02-15,EC2,us-east-1,IPAddress:EIP,223.32,USD,456789012345
aws,2026-02-15,ECS,eu-central-1,Fargate-vCPU-Hours,17.35,USD,123456789012
aws,2026-02-15,ECS,ap-south-1,Fargate-GB-Hours,21.89,USD,456789012345
aws,2026-02-15,EKS,ap-south-1,EKS-Cluster-Hours,646.12,USD,456789012345
aws,2026-02-16,EC2,eu-west-1,DataTransfer-Out-Bytes,141.52,USD,987654321098
aws,2026-02-16,ElastiCache,us-west-2,NodeUsage:cache.t3.medium,224.52,USD,987654321098
aws,2026-02-16,EKS,ap-southeast-1,EKS-Cluster-Hours,1062.36,USD,456789012345
aws,2026-02-16,S3,eu-west-1,TimedStorage-ByteHrs,54.72,USD,456789012345
aws,2026-02-16,ECS,us-east-1,Fargate-vCPU-Hours,81.28,USD,987654321098
aws,2026-02-16,EKS,us-east-1,Fargate-vCPU-Hours,1185.48,USD,456789012345
aws,2026-02-16,ElastiCache,us-west-2,NodeUsage:cache.r5.large,372.43,USD,123456789012
aws,2026-02-16,ECS,eu-west-1,Fargate-GB-Hours,50.95,USD,987654321098
aws,2026-02-17,CloudFront,ap-southeast-1,Requests-HTTPS-Proxy,103.88,USD,123456789012
aws,2026-02-17,EKS,us-east-1,EKS-Cluster-Hours,798.89,USD,987654321098
aws,2026-02-17,ECS,ap-southeast-1,Fargate-GB-Hours,19.78,USD,123456789012
aws,2026-02-17,Redshift,us-east-1,Storage-ByteHrs,1247.39,USD,456789012345
aws,2026-02-17,ECS,ap-south-1,Fargate-vCPU-Hours,59.85,USD,456789012345
aws,2026-02-17,ElastiCache,eu-central-1,NodeUsage:cache.r5.large,543.41,USD,123456789012
aws,2026-02-17,Redshift,ap-southeast-1,NodeUsage:dc2.large,1396.02,USD,456789012345
aws,2026-02-17,Lambda,us-east-1,Edge-ByteHrs,97.13,USD,123456789012
aws,2026-02-18,RDS,us-east-1,RDS:ChargedBackupUsage,628.6,USD,987654321098
aws,2026-02-18,Lambda,ap-south-1,RequestCount,102.74,USD,123456789012
aws,2026-02-18,DynamoDB,eu-west-1,ReadCapacityUnits,39.93,USD,456789012345
aws,2026-02-18,ElastiCache,ap-south-1,NodeUsage:cache.t3.medium,321.33,USD,123456789012
aws,2026-02-18,Redshift,us-west-2,Storage-ByteHrs,1068.67,USD,987654321098
aws,2026-02-18,S3,us-east-1,Requests-Tier1,86.41,USD,123456789012
aws,2026-02-18,ECS,us-west-2,Fargate-GB-Hours,3.6,USD,123456789012
aws,2026-02-18,EC2,eu-central-1,DataTransfer-Out-Bytes,349.64,USD,456789012345
aws,2026-02-18,DynamoDB,us-east-1,WriteCapacityUnits,50.61,USD,987654321098
aws,2026-02-18,Redshift,us-east-1,Storage-ByteHrs,48.07,USD,987654321098
aws,2026-02-19,CloudFront,ap-southeast-1,Requests-HTTP-Proxy,74.02,USD,987654321098
aws,2026-02-19,EKS,eu-central-1,EKS-Cluster-Hours,916.09,USD,456789012345
aws,2026-02-19,EC2,us-east-1,IPAddress:EIP,41.69,USD,123456789012
aws,2026-02-19,RDS,ap-south-1,InstanceUsage:db.r5.xlarge,540.71,USD,456789012345
aws,2026-02-19,EC2,us-west-2,BoxUsage:m5.2xlarge,318.07,USD,987654321098
aws,2026-02-19,Redshift,us-west-2,Storage-ByteHrs,624.93,USD,987654321098
aws,2026-02-19,ECS,us-east-1,Fargate-vCPU-Hours,13.89,USD,987654321098
aws,2026-02-19,DynamoDB,ap-southeast-1,IndexWriteCapacityUnits,109.57,USD,456789012345
aws,2026-02-19,ECS,ap-south-1,Fargate-GB-Hours,117.02,USD,456789012345
aws,2026-02-20,S3,eu-west-1,Requests-Tier1,114.43,USD,456789012345
aws,2026-02-20,CloudFront,us-east-1,Requests-HTTPS-Proxy,116.8,USD,123456789012
aws,2026-02-20,ElastiCache,ap-southeast-1,NodeUsage:cache.r5.large,402.32,USD,456789012345
aws,2026-02-20,EKS,ap-southeast-1,EKS-Cluster-Hours,377.53,USD,123456789012
aws,2026-02-20,CloudFront,us-west-2,Requests-HTTPS-Proxy,14.86,USD,987654321098
aws,2026-02-20,DynamoDB,eu-central-1,WriteCapacityUnits,48.21,USD,123456789012
aws,2026-02-20,ElastiCache,eu-central-1,NodeUsage:cache.r5.large,476.14,USD,456789012345
aws,2026-02-21,EC2,eu-west-1,BoxUsage:m5.2xlarge,261.85,USD,456789012345
aws,2026-02-21,Redshift,ap-south-1,NodeUsage:dc2.large,492.57,USD,123456789012
aws,2026-02-21,S3,ap-south-1,TimedStorage-ByteHrs,12.81,USD,123456789012
aws,2026-02-21,EC2,us-west-2,BoxUsage:t3.large,37.61,USD,987654321098
aws,2026-02-21,CloudFront,eu-central-1,Requests-HTTP-Proxy,19.37,USD,987654321098
aws,2026-02-21,RDS,ap-southeast-1,InstanceUsage:db.t3.medium,70.34,USD,123456789012
aws,2026-02-21,EC2,ap-south-1,BoxUsage:m5.2xlarge,300.82,USD,123456789012
aws,2026-02-21,Redshift,ap-southeast-1,NodeUsage:dc2.large,726.18,USD,456789012345
aws,2026-02-21,ECS,us-west-2,Fargate-vCPU-Hours,70.27,USD,987654321098
aws,2026-02-21,S3,eu-central-1,Requests-Tier2,11.03,USD,123456789012
aws,2026-02-21,Lambda,us-east-1,RequestCount,80.19,USD,123456789012
aws,2026-02-22,CloudFront,ap-south-1,DataTransfer-Out-Bytes,103.4,USD,987654321098
aws,2026-02-22,CloudFront,eu-central-1,DataTransfer-Out-Bytes,101.68,USD,987654321098
aws,2026-02-22,EKS,ap-southeast-1,Fargate-vCPU-Hours,164.11,USD,987654321098
aws,2026-02-22,ECS,ap-south-1,Fargate-GB-Hours,44.52,USD,123456789012
aws,2026-02-22,S3,eu-west-1,Requests-Tier1,13.76,USD,456789012345
aws,2026-02-22,EKS,eu-central-1,EKS-Cluster-Hours,476.64,USD,456789012345
aws,2026-02-22,Lambda,eu-west-1,RequestCount,59.38,USD,456789012345
aws,2026-02-22,CloudFront,us-west-2,Requests-HTTPS-Proxy,85.02,USD,987654321098
aws,2026-02-23,Lambda,eu-central-1,Lambda-GB-Second,93.65,USD,987654321098
aws,2026-02-23,EKS,eu-west-1,Fargate-vCPU-Hours,561.98,USD,456789012345
aws,2026-02-23,Redshift,us-east-1,NodeUsage:dc2.large,1064.86,USD,456789012345
aws,2026-02-23,Redshift,eu-central-1,Storage-ByteHrs,940.22,USD,123456789012
aws,2026-02-23,ElastiCache,us-west-2,NodeUsage:cache.t3.medium,530.29,USD,456789012345
aws,2026-02-23,ECS,eu-central-1,Fargate-GB-Hours,118.45,USD,123456789012
aws,2026-02-23,RDS,eu-central-1,InstanceUsage:db.r5.xlarge,77.35,USD,123456789012
aws,2026-02-23,Redshift,ap-southeast-1,NodeUsage:dc2.large,210.94,USD,123456789012
aws,2026-02-24,Lambda,ap-south-1,RequestCount,83.59,USD,456789012345
aws,2026-02-24,EC2,ap-south-1,BoxUsage:m5.2xlarge,581.62,USD,456789012345
aws,2026-02-24,CloudFront,us-east-1,Requests-HTTPS-Proxy,110.31,USD,987654321098
aws,2026-02-24,EC2,eu-central-1,BoxUsage:c5.xlarge,186.65,USD,456789012345
aws,2026-02-24,EKS,eu-central-1,Fargate-vCPU-Hours,1019.84,USD,987654321098
aws,2026-02-24,EC2,eu-central-1,IPAddress:EIP,145.26,USD,987654321098
aws,2026-02-24,EC2,us-west-2,BoxUsage:t3.large,277.78,USD,456789012345
aws,2026-02-25,EC2,ap-south-1,IPAddress:EIP,487.44,USD,123456789012
aws,2026-02-25,ElastiCache,ap-southeast-1,NodeUsage:cache.r5.large,69.08,USD,987654321098
aws,2026-02-25,Lambda,eu-west-1,Lambda-GB-Second,0.49,USD,456789012345
aws,2026-02-25,ElastiCache,eu-west-1,NodeUsage:cache.t3.medium,70.99,USD,456789012345
aws,2026-02-25,S3,eu-central-1,DataTransfer-Out-Bytes,14.81,USD,123456789012
aws,2026-02-25,ECS,eu-west-1,Fargate-GB-Hours,85.55,USD,123456789012
aws,2026-02-26,ElastiCache,ap-south-1,NodeUsage:cache.t3.medium,494.43,USD,123456789012
aws,2026-02-26,CloudFront,us-east-1,DataTransfer-Out-Bytes,96.63,USD,123456789012
aws,2026-02-26,S3,ap-south-1,DataTransfer-Out-Bytes,90.73,USD,123456789012
aws,2026-02-26,S3,eu-central-1,DataTransfer-Out-Bytes,66.96,USD,123456789012
aws,2026-02-26,Redshift,ap-southeast-1,Storage-ByteHrs,275.94,USD,123456789012
aws,2026-02-26,Redshift,us-west-2,NodeUsage:dc2.large,1163.96,USD,456789012345
aws,2026-02-26,Lambda,us-west-2,Lambda-GB-Second,111.26,USD,123456789012
aws,2026-02-26,RDS,us-west-2,RDS:ChargedBackupUsage,1181.42,USD,987654321098
aws,2026-02-26,Redshift,eu-central-1,Storage-ByteHrs,1241.17,USD,456789012345
aws,2026-02-26,Redshift,ap-southeast-1,Storage-ByteHrs,655.36,USD,123456789012
aws,2026-02-26,DynamoDB,us-west-2,TimedStorage-ByteHrs,64.56,USD,123456789012
aws,2026-02-27,RDS,eu-west-1,InstanceUsage:db.r5.xlarge,814.34,USD,456789012345
aws,2026-02-27,Lambda,us-west-2,Lambda-GB-Second,29.49,USD,123456789012
aws,2026-02-27,S3,eu-west-1,Requests-Tier1,7.3,USD,123456789012
aws,2026-02-27,RDS,eu-west-1,RDS:Multi-AZ-Storage,1111.71,USD,123456789012
aws,2026-02-27,EC2,us-east-1,BoxUsage:m5.2xlarge,439.41,USD,987654321098
aws,2026-02-27,S3,us-west-2,TimedStorage-ByteHrs,60.63,USD,456789012345
aws,2026-02-27,EKS,ap-southeast-1,Fargate-vCPU-Hours,718.78,USD,987654321098
aws,2026-02-27,EC2,ap-southeast-1,BoxUsage:t3.large,617.88,USD,987654321098
aws,2026-02-27,EC2,us-west-2,DataTransfer-Out-Bytes,257.72,USD,456789012345
aws,2026-02-28,RDS,us-east-1,RDS:Multi-AZ-Storage,757.67,USD,123456789012
aws,2026-02-28,Redshift,eu-west-1,NodeUsage:dc2.large,295.94,USD,456789012345
aws,2026-02-28,ECS,eu-west-1,Fargate-GB-Hours,50.01,USD,987654321098
aws,2026-02-28,EKS,ap-south-1,Fargate-vCPU-Hours,590.83,USD,123456789012
aws,2026-02-28,ElastiCache,ap-southeast-1,NodeUsage:cache.t3.medium,523.98,USD,456789012345
aws,2026-02-28,ElastiCache,eu-central-1,NodeUsage:cache.r5.large,143.33,USD,123456789012
aws,2026-02-28,RDS,ap-southeast-1,RDS:Multi-AZ-Storage,612.39,USD,987654321098
aws,2026-02-28,Redshift,us-east-1,Storage-ByteHrs,459.32,USD,123456789012
aws,2026-02-28,RDS,ap-southeast-1,RDS:ChargedBackupUsage,868.0,USD,123456789012
aws,2026-03-01,Redshift,eu-west-1,Storage-ByteHrs,455.01,USD,123456789012
aws,2026-03-01,RDS,eu-central-1,InstanceUsage:db.t3.medium,336.68,USD,123456789012
aws,2026-03-01,RDS,eu-west-1,RDS:ChargedBackupUsage,67.22,USD,987654321098
aws,2026-03-01,Redshift,us-west-2,NodeUsage:dc2.large,62.17,USD,456789012345
aws,2026-03-01,EKS,eu-central-1,Fargate-vCPU-Hours,849.65,USD,987654321098
aws,2026-03-01,S3,us-east-1,TimedStorage-ByteHrs,6.48,USD,456789012345
aws,2026-03-01,EC2,eu-west-1,IPAddress:EIP,440.44,USD,456789012345
aws,2026-03-01,DynamoDB,eu-central-1,ReadCapacityUnits,7.04,USD,987654321098
aws,2026-03-01,EKS,ap-south-1,EKS-Cluster-Hours,55.23,USD,123456789012
aws,2026-03-01,ECS,eu-west-1,Fargate-vCPU-Hours,11.38,USD,987654321098
aws,2026-03-02,EKS,us-west-2,Fargate-vCPU-Hours,553.69,USD,987654321098
aws,2026-03-02,RDS,us-west-2,RDS:Multi-AZ-Storage,272.24,USD,123456789012
aws,2026-03-02,ECS,us-east-1,Fargate-GB-Hours,3.53,USD,123456789012
aws,2026-03-02,DynamoDB,us-east-1,ReadCapacityUnits,50.47,USD,123456789012
aws,2026-03-02,RDS,us-east-1,RDS:ChargedBackupUsage,808.27,USD,456789012345
aws,2026-03-02,DynamoDB,ap-southeast-1,TimedStorage-ByteHrs,22.19,USD,987654321098
aws,2026-03-02,ECS,eu-west-1,Fargate-vCPU-Hours,95.36,USD,123456789012
aws,2026-03-02,EKS,eu-west-1,EKS-Cluster-Hours,392.19,USD,456789012345
aws,2026-03-02,CloudFront,ap-southeast-1,Requests-HTTP-Proxy,63.08,USD,123456789012
aws,2026-03-02,Redshift,us-east-1,Storage-ByteHrs,1211.08,USD,987654321098
aws,2026-03-02,ECS,us-west-2,Fargate-GB-Hours,106.66,USD,987654321098
aws,2026-03-02,Redshift,ap-southeast-1,Storage-ByteHrs,421.33,USD,123456789012
aws,2026-03-02,DynamoDB,us-east-1,WriteCapacityUnits,111.28,USD,987654321098
aws,2026-03-03,ElastiCache,eu-central-1,NodeUsage:cache.t3.medium,516.44,USD,987654321098
aws,2026-03-03,S3,eu-west-1,DataTransfer-Out-Bytes,73.83,USD,123456789012
aws,2026-03-03,Redshift,ap-southeast-1,NodeUsage:dc2.large,977.21,USD,456789012345
aws,2026-03-03,DynamoDB,eu-central-1,WriteCapacityUnits,50.86,USD,456789012345
aws,2026-03-03,EC2,us-west-2,BoxUsage:t3.large,79.81,USD,987654321098
aws,2026-03-03,Redshift,eu-central-1,NodeUsage:dc2.large,225.03,USD,456789012345
aws,2026-03-03,DynamoDB,us-west-2,WriteCapacityUnits,100.22,USD,123456789012
aws,2026-03-03,ECS,ap-southeast-1,Fargate-GB-Hours,71.6,USD,456789012345
aws,2026-03-03,RDS,us-west-2,InstanceUsage:db.r5.xlarge,1084.36,USD,123456789012
aws,2026-03-03,DynamoDB,us-east-1,ReadCapacityUnits,118.38,USD,456789012345
aws,2026-03-04,S3,eu-central-1,TimedStorage-ByteHrs,93.44,USD,123456789012
aws,2026-03-04,EKS,ap-southeast-1,EKS-Cluster-Hours,274.47,USD,123456789012
aws,2026-03-04,EC2,ap-south-1,BoxUsage:t3.large,17.21,USD,123456789012
aws,2026-03-04,Redshift,us-east-1,NodeUsage:dc2.large,558.7,USD,123456789012
aws,2026-03-04,ElastiCache,us-east-1,NodeUsage:cache.t3.medium,460.73,USD,456789012345
aws,2026-03-05,S3,us-east-1,TimedStorage-ByteHrs,113.45,USD,987654321098
aws,2026-03-05,ElastiCache,eu-west-1,NodeUsage:cache.t3.medium,546.18,USD,123456789012
aws,2026-03-05,S3,ap-southeast-1,TimedStorage-ByteHrs,74.29,USD,456789012345
aws,2026-03-05,Lambda,eu-west-1,RequestCount,68.52,USD,123456789012
aws,2026-03-05,CloudFront,ap-southeast-1,Requests-HTTPS-Proxy,107.03,USD,123456789012
aws,2026-03-05,Lambda,eu-central-1,RequestCount,10.33,USD,456789012345
aws,2026-03-05,EKS,eu-central-1,EKS-Cluster-Hours,834.75,USD,987654321098
aws,2026-03-05,Redshift,ap-south-1,NodeUsage:dc2.large,191.34,USD,123456789012
aws,2026-03-05,Redshift,us-west-2,NodeUsage:dc2.large,425.62,USD,123456789012
aws,2026-03-06,S3,eu-central-1,TimedStorage-ByteHrs,77.61,USD,456789012345
aws,2026-03-06,Lambda,eu-central-1,Edge-ByteHrs,15.15,USD,987654321098
aws,2026-03-06,CloudFront,eu-west-1,Requests-HTTP-Proxy,44.86,USD,123456789012
aws,2026-03-06,EKS,us-east-1,EKS-Cluster-Hours,605.88,USD,987654321098
aws,2026-03-06,Lambda,us-east-1,Lambda-GB-Second,95.99,USD,456789012345
aws,2026-03-06,RDS,us-west-2,RDS:ChargedBackupUsage,533.92,USD,987654321098
aws,2026-03-06,ECS,us-east-1,Fargate-vCPU-Hours,29.99,USD,456789012345
aws,2026-03-06,CloudFront,ap-south-1,Requests-HTTP-Proxy,12.66,USD,123456789012
aws,2026-03-06,Lambda,ap-south-1,Lambda-GB-Second,3.35,USD,987654321098
aws,2026-03-06,S3,us-east-1,Requests-Tier1,32.98,USD,123456789012
aws,2026-03-07,RDS,ap-south-1,InstanceUsage:db.r5.xlarge,1080.61,USD,123456789012
aws,2026-03-07,Redshift,us-west-2,Storage-ByteHrs,186.82,USD,123456789012
aws,2026-03-07,ECS,ap-southeast-1,Fargate-GB-Hours,34.09,USD,987654321098
aws,2026-03-08,Lambda,ap-south-1,Edge-ByteHrs,67.03,USD,456789012345
aws,2026-03-08,EKS,us-west-2,Fargate-vCPU-Hours,152.25,USD,456789012345
aws,2026-03-08,Lambda,ap-southeast-1,Lambda-GB-Second,103.46,USD,456789012345
aws,2026-03-08,EC2,eu-west-1,BoxUsage:m5.2xlarge,510.12,USD,987654321098
aws,2026-03-08,EC2,eu-central-1,IPAddress:EIP,105.29,USD,456789012345
aws,2026-03-08,Redshift,ap-south-1,Storage-ByteHrs,348.92,USD,456789012345
aws,2026-03-09,S3,eu-central-1,DataTransfer-Out-Bytes,84.72,USD,456789012345
aws,2026-03-09,EC2,us-east-1,IPAddress:EIP,227.97,USD,987654321098
aws,2026-03-09,RDS,us-west-2,InstanceUsage:db.t3.medium,811.59,USD,123456789012
aws,2026-03-09,CloudFront,ap-southeast-1,Requests-HTTP-Proxy,48.16,USD,123456789012
aws,2026-03-09,Lambda,us-east-1,Lambda-GB-Second,60.87,USD,987654321098
aws,2026-03-09,Lambda,ap-south-1,RequestCount,44.45,USD,123456789012
aws,2026-03-09,Redshift,eu-west-1,Storage-ByteHrs,1297.06,USD,987654321098
aws,2026-03-09,RDS,us-east-1,InstanceUsage:db.t3.medium,958.19,USD,987654321098
aws,2026-03-09,RDS,eu-west-1,InstanceUsage:db.r5.xlarge,1225.71,USD,987654321098
aws,2026-03-09,RDS,us-east-1,InstanceUsage:db.t3.medium,233.89,USD,456789012345
aws,2026-03-10,RDS,ap-south-1,InstanceUsage:db.t3.medium,1064.01,USD,456789012345
aws,2026-03-10,RDS,us-east-1,RDS:Multi-AZ-Storage,412.57,USD,987654321098
aws,2026-03-10,Redshift,us-east-1,NodeUsage:dc2.large,976.14,USD,456789012345
aws,2026-03-10,RDS,eu-west-1,RDS:Multi-AZ-Storage,187.21,USD,123456789012
aws,2026-03-10,Redshift,eu-central-1,Storage-ByteHrs,1289.96,USD,987654321098
aws,2026-03-10,ECS,ap-southeast-1,Fargate-vCPU-Hours,74.78,USD,987654321098
aws,2026-03-10,Lambda,eu-central-1,RequestCount,78.93,USD,456789012345
aws,2026-03-10,RDS,ap-southeast-1,RDS:ChargedBackupUsage,224.32,USD,123456789012
aws,2026-03-10,RDS,ap-southeast-1,RDS:ChargedBackupUsage,731.18,USD,456789012345
aws,2026-03-10,EKS,us-east-1,EKS-Cluster-Hours,90.0,USD,123456789012
aws,2026-03-10,Lambda,ap-south-1,Edge-ByteHrs,18.8,USD,987654321098
aws,2026-03-10,DynamoDB,eu-west-1,IndexWriteCapacityUnits,29.1,USD,456789012345
aws,2026-03-11,ElastiCache,ap-southeast-1,NodeUsage:cache.r5.large,361.71,USD,987654321098
aws,2026-03-11,EKS,ap-southeast-1,Fargate-vCPU-Hours,1361.78,USD,123456789012
aws,2026-03-11,CloudFront,us-east-1,Requests-HTTPS-Proxy,42.29,USD,456789012345
aws,2026-03-11,RDS,ap-south-1,InstanceUsage:db.r5.xlarge,806.43,USD,456789012345
aws,2026-03-11,EC2,eu-central-1,BoxUsage:c5.xlarge,349.81,USD,123456789012
aws,2026-03-12,EC2,us-east-1,BoxUsage:m5.2xlarge,415.94,USD,123456789012
aws,2026-03-12,Lambda,us-east-1,RequestCount,79.58,USD,123456789012
aws,2026-03-12,Redshift,us-east-1,Storage-ByteHrs,130.72,USD,456789012345
aws,2026-03-12,RDS,eu-central-1,RDS:Multi-AZ-Storage,142.45,USD,987654321098
aws,2026-03-12,DynamoDB,ap-south-1,WriteCapacityUnits,78.49,USD,987654321098
aws,2026-03-12,Lambda,ap-south-1,Lambda-GB-Second,111.58,USD,987654321098
aws,2026-03-12,Redshift,ap-south-1,NodeUsage:dc2.large,781.87,USD,123456789012
aws,2026-03-12,DynamoDB,us-east-1,ReadCapacityUnits,21.08,USD,456789012345
aws,2026-03-12,ECS,eu-central-1,Fargate-GB-Hours,19.56,USD,987654321098
aws,2026-03-12,Lambda,us-west-2,Edge-ByteHrs,53.39,USD,456789012345
aws,2026-03-12,RDS,eu-west-1,InstanceUsage:db.r5.xlarge,359.56,USD,456789012345
aws,2026-03-13,ElastiCache,us-west-2,NodeUsage:cache.r5.large,608.41,USD,456789012345
aws,2026-03-13,Lambda,us-east-1,Lambda-GB-Second,22.45,USD,456789012345
aws,2026-03-13,EKS,eu-west-1,EKS-Cluster-Hours,1123.92,USD,987654321098
aws,2026-03-13,S3,ap-south-1,Requests-Tier1,88.07,USD,987654321098
aws,2026-03-13,S3,eu-west-1,DataTransfer-Out-Bytes,44.22,USD,456789012345
aws,2026-03-13,EKS,ap-south-1,EKS-Cluster-Hours,600.61,USD,456789012345
aws,2026-03-13,ECS,us-west-2,Fargate-GB-Hours,113.46,USD,456789012345
aws,2026-03-14,EC2,ap-south-1,BoxUsage:m5.2xlarge,522.82,USD,456789012345
aws,2026-03-14,EKS,eu-west-1,Fargate-vCPU-Hours,1241.21,USD,123456789012
aws,2026-03-14,DynamoDB,us-west-2,IndexWriteCapacityUnits,1.13,USD,456789012345
aws,2026-03-14,CloudFront,ap-southeast-1,Requests-HTTPS-Proxy,13.39,USD,987654321098
aws,2026-03-14,Lambda,eu-central-1,Edge-ByteHrs,6.51,USD,987654321098
aws,2026-03-14,CloudFront,ap-south-1,Requests-HTTPS-Proxy,61.03,USD,123456789012
aws,2026-03-14,EC2,us-west-2,DataTransfer-Out-Bytes,385.66,USD,456789012345
aws,2026-03-14,S3,ap-south-1,TimedStorage-ByteHrs,11.98,USD,456789012345
aws,2026-03-14,S3,us-west-2,Requests-Tier2,106.92,USD,456789012345
aws,2026-03-14,CloudFront,us-east-1,Requests-HTTPS-Proxy,65.73,USD,123456789012
aws,2026-03-14,EC2,us-west-2,IPAddress:EIP,50.11,USD,456789012345
aws,2026-03-14,DynamoDB,eu-central-1,WriteCapacityUnits,102.77,USD,456789012345
aws,2026-03-14,ECS,eu-central-1,Fargate-GB-Hours,74.5,USD,456789012345
aws,2026-03-15,S3,ap-southeast-1,DataTransfer-Out-Bytes,61.37,USD,456789012345
aws,2026-03-15,ElastiCache,eu-central-1,NodeUsage:cache.r5.large,418.17,USD,123456789012
aws,2026-03-15,EC2,us-west-2,BoxUsage:m5.2xlarge,299.07,USD,987654321098
aws,2026-03-15,Lambda,ap-southeast-1,RequestCount,27.97,USD,987654321098
aws,2026-03-15,ECS,ap-southeast-1,Fargate-vCPU-Hours,44.1,USD,987654321098
aws,2026-03-16,EC2,us-west-2,BoxUsage:m5.2xlarge,187.35,USD,456789012345
aws,2026-03-16,RDS,ap-southeast-1,InstanceUsage:db.r5.xlarge,269.92,USD,987654321098
aws,2026-03-16,Lambda,us-east-1,Lambda-GB-Second,55.87,USD,123456789012
aws,2026-03-16,ECS,us-west-2,Fargate-vCPU-Hours,112.7,USD,987654321098
aws,2026-03-16,EC2,ap-south-1,BoxUsage:c5.xlarge,244.6,USD,123456789012
aws,2026-03-17,Lambda,eu-west-1,Lambda-GB-Second,1.85,USD,987654321098
aws,2026-03-17,DynamoDB,us-east-1,IndexWriteCapacityUnits,1.12,USD,987654321098
aws,2026-03-17,CloudFront,eu-central-1,Requests-HTTP-Proxy,24.22,USD,123456789012
aws,2026-03-17,CloudFront,ap-south-1,DataTransfer-Out-Bytes,114.89,USD,123456789012
aws,2026-03-17,Lambda,eu-central-1,Lambda-GB-Second,32.27,USD,123456789012
aws,2026-03-17,ElastiCache,ap-southeast-1,NodeUsage:cache.t3.medium,61.58,USD,123456789012
aws,2026-03-17,Redshift,ap-southeast-1,NodeUsage:dc2.large,61.67,USD,123456789012
aws,2026-03-17,ElastiCache,eu-central-1,NodeUsage:cache.r5.large,297.47,USD,456789012345
aws,2026-03-17,Lambda,eu-central-1,Lambda-GB-Second,57.65,USD,123456789012
aws,2026-03-17,Lambda,us-west-2,RequestCount,77.1,USD,123456789012
aws,2026-03-17,CloudFront,us-east-1,Requests-HTTPS-Proxy,98.9,USD,123456789012
aws,2026-03-18,ElastiCache,eu-west-1,NodeUsage:cache.r5.large,300.59,USD,123456789012
aws,2026-03-18,RDS,us-west-2,RDS:Multi-AZ-Storage,1292.84,USD,123456789012
aws,2026-03-18,S3,ap-southeast-1,TimedStorage-ByteHrs,49.61,USD,456789012345
aws,2026-03-18,ElastiCache,us-east-1,NodeUsage:cache.t3.medium,614.02,USD,987654321098
aws,2026-03-18,Redshift,ap-south-1,NodeUsage:dc2.large,215.88,USD,456789012345
aws,2026-03-18,S3,ap-southeast-1,Requests-Tier1,119.15,USD,456789012345
aws,2026-03-18,RDS,ap-southeast-1,InstanceUsage:db.r5.xlarge,1433.41,USD,987654321098
aws,2026-03-18,ElastiCache,us-east-1,NodeUsage:cache.t3.medium,120.7,USD,987654321098
aws,2026-03-18,Redshift,ap-southeast-1,NodeUsage:dc2.large,1083.62,USD,456789012345
aws,2026-03-18,Lambda,ap-south-1,RequestCount,68.29,USD,987654321098
aws,2026-03-18,ECS,us-east-1,Fargate-GB-Hours,49.63,USD,123456789012
aws,2026-03-19,Redshift,ap-south-1,NodeUsage:dc2.large,938.41,USD,456789012345
aws,2026-03-19,ElastiCache,us-west-2,NodeUsage:cache.t3.medium,297.54,USD,987654321098
aws,2026-03-19,EC2,ap-southeast-1,BoxUsage:m5.2xlarge,250.03,USD,456789012345
aws,2026-03-19,Redshift,us-east-1,Storage-ByteHrs,568.51,USD,987654321098
aws,2026-03-19,ElastiCache,eu-central-1,NodeUsage:cache.r5.large,445.86,USD,987654321098
aws,2026-03-19,S3,ap-southeast-1,DataTransfer-Out-Bytes,37.6,USD,123456789012
aws,2026-03-19,ECS,ap-south-1,Fargate-vCPU-Hours,7.33,USD,456789012345
aws,2026-03-19,RDS,us-east-1,InstanceUsage:db.r5.xlarge,811.27,USD,456789012345
aws,2026-03-20,DynamoDB,us-west-2,ReadCapacityUnits,23.23,USD,456789012345
aws,2026-03-20,DynamoDB,ap-southeast-1,IndexWriteCapacityUnits,55.16,USD,987654321098
aws,2026-03-20,Redshift,us-west-2,Storage-ByteHrs,1391.09,USD,987654321098
aws,2026-03-20,ElastiCache,ap-southeast-1,NodeUsage:cache.r5.large,139.81,USD,987654321098
aws,2026-03-20,S3,eu-central-1,DataTransfer-Out-Bytes,89.71,USD,456789012345
aws,2026-03-20,S3,us-west-2,Requests-Tier1,51.06,USD,123456789012
aws,2026-03-20,EC2,eu-central-1,IPAddress:EIP,547.75,USD,123456789012
aws,2026-03-20,EKS,us-east-1,Fargate-vCPU-Hours,1233.9,USD,456789012345
aws,2026-03-20,Lambda,us-west-2,RequestCount,57.58,USD,987654321098
aws,2026-03-20,EKS,us-east-1,Fargate-vCPU-Hours,1448.64,USD,456789012345
aws,2026-03-21,ElastiCache,us-east-1,NodeUsage:cache.t3.medium,89.76,USD,456789012345
aws,2026-03-21,ElastiCache,eu-west-1,NodeUsage:cache.t3.medium,515.47,USD,456789012345
aws,2026-03-21,CloudFront,us-west-2,Requests-HTTPS-Proxy,5.21,USD,456789012345
aws,2026-03-21,Redshift,eu-west-1,Storage-ByteHrs,212.78,USD,456789012345
aws,2026-03-21,Lambda,eu-west-1,Lambda-GB-Second,34.5,USD,123456789012
aws,2026-03-21,CloudFront,eu-central-1,DataTransfer-Out-Bytes,104.05,USD,456789012345
aws,2026-03-21,Lambda,ap-south-1,Lambda-GB-Second,111.51,USD,456789012345
aws,2026-03-22,Lambda,eu-central-1,RequestCount,106.18,USD,987654321098
aws,2026-03-22,Lambda,eu-west-1,RequestCount,80.65,USD,123456789012
aws,2026-03-22,Redshift,ap-southeast-1,Storage-ByteHrs,937.2,USD,456789012345
aws,2026-03-22,ECS,us-west-2,Fargate-GB-Hours,24.59,USD,456789012345
aws,2026-03-22,EC2,us-west-2,IPAddress:EIP,490.2,USD,123456789012
aws,2026-03-22,Redshift,ap-southeast-1,Storage-ByteHrs,187.78,USD,456789012345
aws,2026-03-22,S3,us-west-2,Requests-Tier2,10.25,USD,456789012345
aws,2026-03-22,EC2,us-east-1,BoxUsage:c5.xlarge,379.75,USD,987654321098
aws,2026-03-22,EKS,ap-south-1,EKS-Cluster-Hours,847.79,USD,123456789012
aws,2026-03-22,RDS,ap-southeast-1,InstanceUsage:db.r5.xlarge,218.68,USD,456789012345
aws,2026-03-22,Lambda,ap-southeast-1,RequestCount,75.05,USD,987654321098
aws,2026-03-22,Redshift,us-east-1,NodeUsage:dc2.large,380.69,USD,123456789012
aws,2026-03-22,ElastiCache,us-west-2,NodeUsage:cache.t3.medium,126.85,USD,123456789012
aws,2026-03-22,EC2,ap-southeast-1,BoxUsage:c5.xlarge,57.77,USD,987654321098
aws,2026-03-22,ECS,ap-south-1,Fargate-vCPU-Hours,7.57,USD,987654321098
aws,2026-03-22,ECS,ap-southeast-1,Fargate-vCPU-Hours,29.81,USD,456789012345
aws,2026-03-22,ECS,ap-southeast-1,Fargate-vCPU-Hours,96.43,USD,123456789012
aws,2026-03-22,S3,eu-west-1,Requests-Tier1,33.72,USD,123456789012
aws,2026-03-23,CloudFront,ap-southeast-1,DataTransfer-Out-Bytes,61.87,USD,987654321098
aws,2026-03-23,Redshift,us-west-2,NodeUsage:dc2.large,108.49,USD,987654321098
aws,2026-03-23,DynamoDB,ap-south-1,TimedStorage-ByteHrs,86.18,USD,987654321098
aws,2026-03-23,Redshift,us-west-2,Storage-ByteHrs,551.78,USD,987654321098
aws,2026-03-23,Redshift,ap-southeast-1,NodeUsage:dc2.large,1112.39,USD,123456789012
aws,2026-03-23,DynamoDB,ap-southeast-1,ReadCapacityUnits,53.09,USD,123456789012
aws,2026-03-24,RDS,ap-southeast-1,InstanceUsage:db.r5.xlarge,1263.85,USD,456789012345
aws,2026-03-24,Lambda,eu-west-1,Edge-ByteHrs,101.54,USD,987654321098
aws,2026-03-24,Lambda,eu-central-1,RequestCount,17.19,USD,987654321098
aws,2026-03-24,Lambda,eu-west-1,RequestCount,60.91,USD,123456789012
aws,2026-03-24,ECS,us-east-1,Fargate-GB-Hours,64.9,USD,987654321098
aws,2026-03-24,S3,eu-central-1,TimedStorage-ByteHrs,13.83,USD,123456789012
aws,2026-03-24,CloudFront,eu-west-1,Requests-HTTPS-Proxy,50.84,USD,456789012345
aws,2026-03-24,ECS,eu-central-1,Fargate-vCPU-Hours,46.11,USD,456789012345
aws,2026-03-24,DynamoDB,ap-southeast-1,ReadCapacityUnits,24.43,USD,123456789012
aws,2026-03-24,CloudFront,us-west-2,Requests-HTTP-Proxy,39.52,USD,456789012345
aws,2026-03-24,CloudFront,ap-south-1,Requests-HTTPS-Proxy,85.92,USD,987654321098
aws,2026-03-24,EKS,eu-central-1,EKS-Cluster-Hours,320.15,USD,456789012345
aws,2026-03-24,Lambda,eu-west-1,RequestCount,109.03,USD,987654321098
aws,2026-03-25,CloudFront,ap-southeast-1,Requests-HTTP-Proxy,30.38,USD,987654321098
aws,2026-03-25,DynamoDB,eu-west-1,IndexWriteCapacityUnits,86.16,USD,456789012345
aws,2026-03-25,DynamoDB,ap-south-1,IndexWriteCapacityUnits,94.42,USD,123456789012
aws,2026-03-25,CloudFront,ap-south-1,Requests-HTTP-Proxy,65.9,USD,123456789012
aws,2026-03-25,EKS,us-east-1,Fargate-vCPU-Hours,463.95,USD,123456789012
aws,2026-03-25,DynamoDB,us-west-2,ReadCapacityUnits,44.21,USD,987654321098
aws,2026-03-25,ECS,eu-west-1,Fargate-vCPU-Hours,31.03,USD,456789012345
aws,2026-03-26,ECS,eu-central-1,Fargate-GB-Hours,79.56,USD,987654321098
aws,2026-03-26,ElastiCache,us-east-1,NodeUsage:cache.r5.large,627.11,USD,123456789012
aws,2026-03-26,DynamoDB,ap-south-1,ReadCapacityUnits,78.49,USD,987654321098
aws,2026-03-26,ElastiCache,eu-west-1,NodeUsage:cache.t3.medium,633.38,USD,456789012345
aws,2026-03-26,Lambda,us-east-1,Edge-ByteHrs,110.51,USD,987654321098
aws,2026-03-26,CloudFront,eu-west-1,Requests-HTTPS-Proxy,55.73,USD,987654321098
aws,2026-03-26,CloudFront,eu-west-1,DataTransfer-Out-Bytes,63.73,USD,456789012345
aws,2026-03-26,EC2,us-east-1,BoxUsage:t3.large,119.8,USD,123456789012
aws,2026-03-26,ElastiCache,ap-southeast-1,NodeUsage:cache.t3.medium,504.72,USD,987654321098
aws,2026-03-26,RDS,us-west-2,InstanceUsage:db.r5.xlarge,1130.31,USD,987654321098
aws,2026-03-26,CloudFront,us-east-1,DataTransfer-Out-Bytes,100.91,USD,987654321098
aws,2026-03-26,ECS,ap-south-1,Fargate-vCPU-Hours,84.96,USD,456789012345
aws,2026-03-26,EC2,eu-west-1,BoxUsage:t3.large,245.95,USD,987654321098
aws,2026-03-26,EC2,eu-central-1,IPAddress:EIP,214.57,USD,987654321098
aws,2026-03-26,Redshift,ap-southeast-1,Storage-ByteHrs,269.28,USD,123456789012
aws,2026-03-26,EC2,us-west-2,BoxUsage:c5.xlarge,624.01,USD,987654321098
aws,2026-03-27,ECS,eu-central-1,Fargate-vCPU-Hours,19.23,USD,987654321098
aws,2026-03-27,EKS,ap-south-1,Fargate-vCPU-Hours,1354.31,USD,987654321098
aws,2026-03-27,ElastiCache,ap-south-1,NodeUsage:cache.t3.medium,396.04,USD,123456789012
aws,2026-03-27,DynamoDB,us-east-1,WriteCapacityUnits,115.45,USD,123456789012
aws,2026-03-27,CloudFront,ap-southeast-1,Requests-HTTP-Proxy,104.39,USD,123456789012
aws,2026-03-27,Lambda,eu-central-1,Edge-ByteHrs,9.56,USD,456789012345
aws,2026-03-27,EC2,ap-south-1,BoxUsage:m5.2xlarge,76.57,USD,123456789012
aws,2026-03-27,S3,us-east-1,Requests-Tier1,116.36,USD,987654321098
aws,2026-03-27,Redshift,eu-west-1,Storage-ByteHrs,256.25,USD,987654321098
aws,2026-03-27,Lambda,eu-central-1,RequestCount,36.43,USD,987654321098
aws,2026-03-27,S3,eu-central-1,Requests-Tier1,112.14,USD,456789012345
aws,2026-03-27,RDS,eu-west-1,InstanceUsage:db.r5.xlarge,886.42,USD,123456789012
aws,2026-03-28,RDS,us-west-2,InstanceUsage:db.t3.medium,789.21,USD,123456789012
aws,2026-03-28,EKS,eu-west-1,EKS-Cluster-Hours,883.51,USD,123456789012
aws,2026-03-28,EKS,ap-south-1,EKS-Cluster-Hours,1239.7,USD,456789012345
aws,2026-03-28,ECS,eu-central-1,Fargate-GB-Hours,9.63,USD,123456789012
aws,2026-03-28,ElastiCache,ap-southeast-1,NodeUsage:cache.r5.large,92.56,USD,456789012345
aws,2026-03-28,ECS,eu-central-1,Fargate-vCPU-Hours,72.74,USD,456789012345
aws,2026-03-28,ElastiCache,ap-south-1,NodeUsage:cache.t3.medium,401.56,USD,123456789012
aws,2026-03-28,Redshift,ap-southeast-1,Storage-ByteHrs,996.65,USD,987654321098
aws,2026-03-28,RDS,us-west-2,InstanceUsage:db.t3.medium,1107.53,USD,987654321098
aws,2026-03-28,ElastiCache,eu-central-1,NodeUsage:cache.r5.large,76.77,USD,987654321098
aws,2026-03-28,DynamoDB,eu-west-1,IndexWriteCapacityUnits,106.9,USD,123456789012
aws,2026-03-29,S3,eu-west-1,TimedStorage-ByteHrs,17.85,USD,123456789012
aws,2026-03-29,CloudFront,us-east-1,DataTransfer-Out-Bytes,39.94,USD,987654321098
aws,2026-03-29,CloudFront,eu-central-1,Requests-HTTP-Proxy,62.71,USD,456789012345
aws,2026-03-29,ElastiCache,ap-south-1,NodeUsage:cache.r5.large,248.95,USD,123456789012
aws,2026-03-29,Lambda,eu-west-1,RequestCount,35.07,USD,456789012345
aws,2026-03-29,ElastiCache,eu-central-1,NodeUsage:cache.t3.medium,97.43,USD,987654321098
aws,2026-03-29,EKS,us-east-1,Fargate-vCPU-Hours,755.54,USD,987654321098
aws,2026-03-29,RDS,us-west-2,InstanceUsage:db.t3.medium,1097.68,USD,987654321098
aws,2026-03-29,RDS,ap-southeast-1,RDS:Multi-AZ-Storage,314.45,USD,456789012345
aws,2026-03-29,S3,eu-central-1,Requests-Tier2,89.37,USD,123456789012
aws,2026-03-29,CloudFront,us-east-1,Requests-HTTPS-Proxy,107.57,USD,987654321098
aws,2026-03-29,EC2,eu-west-1,IPAddress:EIP,613.59,USD,123456789012
aws,2026-03-29,RDS,eu-west-1,InstanceUsage:db.t3.medium,1122.44,USD,987654321098
aws,2026-03-29,CloudFront,us-west-2,Requests-HTTP-Proxy,47.91,USD,456789012345
aws,2026-03-30,Redshift,eu-west-1,NodeUsage:dc2.large,679.68,USD,456789012345
aws,2026-03-30,S3,eu-west-1,Requests-Tier1,91.89,USD,456789012345
aws,2026-03-30,S3,eu-west-1,TimedStorage-ByteHrs,3.44,USD,987654321098
aws,2026-03-30,RDS,ap-south-1,InstanceUsage:db.r5.xlarge,1430.65,USD,456789012345
aws,2026-03-30,S3,eu-west-1,DataTransfer-Out-Bytes,117.06,USD,456789012345
aws,2026-03-30,CloudFront,eu-west-1,Requests-HTTP-Proxy,10.65,USD,456789012345
aws,2026-03-30,CloudFront,ap-southeast-1,Requests-HTTP-Proxy,79.4,USD,123456789012
aws,2026-03-30,Lambda,eu-central-1,Edge-ByteHrs,82.14,USD,456789012345
aws,2026-03-31,RDS,us-west-2,RDS:Multi-AZ-Storage,249.79,USD,987654321098
aws,2026-03-31,EC2,ap-southeast-1,BoxUsage:t3.large,328.79,USD,987654321098
aws,2026-03-31,EKS,eu-central-1,Fargate-vCPU-Hours,198.67,USD,987654321098
aws,2026-03-31,EC2,us-west-2,BoxUsage:t3.large,377.87,USD,456789012345
aws,2026-03-31,RDS,us-east-1,RDS:ChargedBackupUsage,841.61,USD,987654321098
aws,2026-03-31,RDS,eu-west-1,RDS:ChargedBackupUsage,550.99,USD,456789012345
aws,2026-04-01,RDS,ap-south-1,InstanceUsage:db.t3.medium,960.85,USD,123456789012
aws,2026-04-01,Redshift,ap-southeast-1,Storage-ByteHrs,1421.54,USD,456789012345
aws,2026-04-01,ElastiCache,ap-south-1,NodeUsage:cache.r5.large,460.36,USD,456789012345
aws,2026-04-01,Lambda,us-west-2,RequestCount,53.6,USD,987654321098
aws,2026-04-01,Lambda,eu-central-1,RequestCount,94.6,USD,987654321098
aws,2026-04-01,EKS,ap-southeast-1,Fargate-vCPU-Hours,1090.71,USD,456789012345
aws,2026-04-01,Lambda,ap-south-1,RequestCount,113.66,USD,123456789012
aws,2026-04-01,RDS,us-east-1,RDS:Multi-AZ-Storage,290.27,USD,456789012345
aws,2026-04-01,EC2,us-east-1,DataTransfer-Out-Bytes,132.42,USD,987654321098
aws,2026-04-02,DynamoDB,eu-west-1,TimedStorage-ByteHrs,105.96,USD,456789012345
aws,2026-04-02,RDS,ap-south-1,RDS:ChargedBackupUsage,1404.58,USD,123456789012
aws,2026-04-02,ECS,ap-south-1,Fargate-vCPU-Hours,35.97,USD,456789012345
aws,2026-04-02,EC2,us-west-2,DataTransfer-Out-Bytes,45.55,USD,123456789012
aws,2026-04-02,S3,us-west-2,Requests-Tier2,106.77,USD,987654321098
aws,2026-04-02,DynamoDB,us-west-2,TimedStorage-ByteHrs,4.0,USD,123456789012
aws,2026-04-02,EC2,eu-west-1,BoxUsage:m5.2xlarge,417.12,USD,456789012345
aws,2026-04-02,ElastiCache,eu-central-1,NodeUsage:cache.t3.medium,334.86,USD,987654321098
aws,2026-04-02,EKS,ap-southeast-1,Fargate-vCPU-Hours,185.3,USD,987654321098
aws,2026-04-02,RDS,eu-west-1,InstanceUsage:db.t3.medium,659.76,USD,987654321098
aws,2026-04-02,CloudFront,us-west-2,DataTransfer-Out-Bytes,78.53,USD,987654321098
aws,2026-04-03,Redshift,us-west-2,NodeUsage:dc2.large,967.3,USD,123456789012
aws,2026-04-03,DynamoDB,us-west-2,ReadCapacityUnits,105.38,USD,123456789012
aws,2026-04-03,EKS,ap-south-1,EKS-Cluster-Hours,742.97,USD,987654321098
aws,2026-04-03,DynamoDB,us-west-2,WriteCapacityUnits,113.73,USD,987654321098
aws,2026-04-03,EC2,ap-southeast-1,IPAddress:EIP,242.16,USD,123456789012
aws,2026-04-03,Lambda,eu-west-1,RequestCount,60.69,USD,987654321098
aws,2026-04-03,EC2,us-east-1,BoxUsage:m5.2xlarge,242.73,USD,987654321098
aws,2026-04-03,Lambda,us-west-2,Edge-ByteHrs,94.5,USD,987654321098
aws,2026-04-03,ECS,ap-southeast-1,Fargate-vCPU-Hours,53.05,USD,987654321098
aws,2026-04-03,EC2,us-west-2,BoxUsage:t3.large,365.15,USD,987654321098
aws,2026-04-03,Redshift,eu-west-1,NodeUsage:dc2.large,427.14,USD,123456789012
aws,2026-04-04,CloudFront,ap-southeast-1,Requests-HTTPS-Proxy,72.67,USD,123456789012
aws,2026-04-04,Redshift,eu-central-1,NodeUsage:dc2.large,383.51,USD,456789012345
aws,2026-04-04,Redshift,us-west-2,Storage-ByteHrs,115.26,USD,456789012345
aws,2026-04-04,ElastiCache,ap-south-1,NodeUsage:cache.r5.large,241.35,USD,987654321098
aws,2026-04-04,ECS,us-west-2,Fargate-GB-Hours,101.7,USD,456789012345
aws,2026-04-04,DynamoDB,eu-west-1,IndexWriteCapacityUnits,38.48,USD,123456789012
aws,2026-04-04,ElastiCache,eu-central-1,NodeUsage:cache.r5.large,48.67,USD,987654321098
aws,2026-04-04,CloudFront,us-east-1,DataTransfer-Out-Bytes,85.32,USD,123456789012
aws,2026-04-05,DynamoDB,ap-south-1,IndexWriteCapacityUnits,112.84,USD,456789012345
aws,2026-04-05,CloudFront,eu-central-1,DataTransfer-Out-Bytes,70.11,USD,987654321098
aws,2026-04-05,CloudFront,ap-southeast-1,DataTransfer-Out-Bytes,103.71,USD,456789012345
aws,2026-04-05,ElastiCache,ap-southeast-1,NodeUsage:cache.t3.medium,6.6,USD,456789012345
aws,2026-04-05,Lambda,us-east-1,Edge-ByteHrs,62.22,USD,123456789012
aws,2026-04-05,RDS,ap-south-1,InstanceUsage:db.r5.xlarge,572.66,USD,456789012345
aws,2026-04-05,EKS,us-west-2,Fargate-vCPU-Hours,1344.09,USD,123456789012
aws,2026-04-05,S3,us-east-1,DataTransfer-Out-Bytes,12.75,USD,456789012345
aws,2026-04-05,RDS,us-east-1,RDS:Multi-AZ-Storage,667.58,USD,987654321098
aws,2026-04-05,EC2,eu-central-1,DataTransfer-Out-Bytes,479.5,USD,987654321098
aws,2026-04-06,EC2,eu-west-1,BoxUsage:m5.2xlarge,185.82,USD,987654321098
aws,2026-04-06,EKS,eu-central-1,EKS-Cluster-Hours,257.06,USD,987654321098
aws,2026-04-06,DynamoDB,eu-central-1,TimedStorage-ByteHrs,5.87,USD,123456789012
aws,2026-04-06,DynamoDB,eu-west-1,IndexWriteCapacityUnits,94.98,USD,123456789012
aws,2026-04-06,DynamoDB,eu-west-1,IndexWriteCapacityUnits,64.44,USD,123456789012
aws,2026-04-07,ECS,eu-central-1,Fargate-vCPU-Hours,71.11,USD,123456789012
aws,2026-04-07,ECS,us-east-1,Fargate-vCPU-Hours,103.26,USD,456789012345
aws,2026-04-07,S3,ap-south-1,DataTransfer-Out-Bytes,101.94,USD,123456789012
aws,2026-04-07,EKS,ap-southeast-1,EKS-Cluster-Hours,38.47,USD,456789012345
aws,2026-04-07,ECS,us-west-2,Fargate-GB-Hours,92.69,USD,123456789012
aws,2026-04-07,RDS,ap-southeast-1,RDS:ChargedBackupUsage,596.15,USD,456789012345
aws,2026-04-07,DynamoDB,eu-central-1,TimedStorage-ByteHrs,21.45,USD,123456789012
aws,2026-04-07,EC2,ap-southeast-1,BoxUsage:m5.2xlarge,175.43,USD,456789012345
aws,2026-04-07,Redshift,ap-southeast-1,NodeUsage:dc2.large,1394.77,USD,987654321098
aws,2026-04-07,CloudFront,eu-central-1,DataTransfer-Out-Bytes,107.85,USD,987654321098
aws,2026-04-07,EKS,eu-central-1,Fargate-vCPU-Hours,1395.35,USD,987654321098
aws,2026-04-07,Redshift,eu-central-1,Storage-ByteHrs,481.69,USD,987654321098
aws,2026-04-07,Lambda,ap-southeast-1,Lambda-GB-Second,21.21,USD,123456789012
aws,2026-04-08,S3,ap-south-1,Requests-Tier2,65.82,USD,987654321098
aws,2026-04-08,ECS,eu-central-1,Fargate-vCPU-Hours,115.78,USD,987654321098
aws,2026-04-08,Redshift,us-west-2,Storage-ByteHrs,957.82,USD,456789012345
aws,2026-04-08,S3,eu-central-1,DataTransfer-Out-Bytes,43.38,USD,987654321098
aws,2026-04-08,S3,us-east-1,TimedStorage-ByteHrs,32.15,USD,123456789012
aws,2026-04-08,RDS,ap-southeast-1,InstanceUsage:db.r5.xlarge,695.91,USD,987654321098
aws,2026-04-08,ECS,us-west-2,Fargate-vCPU-Hours,13.67,USD,987654321098
aws,2026-04-09,Lambda,ap-south-1,Edge-ByteHrs,105.54,USD,456789012345
aws,2026-04-09,DynamoDB,eu-west-1,WriteCapacityUnits,9.92,USD,987654321098
aws,2026-04-09,CloudFront,us-west-2,Requests-HTTP-Proxy,59.78,USD,456789012345
aws,2026-04-09,EKS,ap-southeast-1,Fargate-vCPU-Hours,994.57,USD,456789012345
aws,2026-04-09,ECS,us-west-2,Fargate-GB-Hours,64.55,USD,456789012345
aws,2026-04-09,RDS,eu-central-1,InstanceUsage:db.r5.xlarge,471.53,USD,123456789012
aws,2026-04-09,S3,us-west-2,TimedStorage-ByteHrs,96.4,USD,456789012345
aws,2026-04-09,S3,ap-southeast-1,Requests-Tier1,106.18,USD,456789012345
aws,2026-04-09,ElastiCache,ap-southeast-1,NodeUsage:cache.r5.large,424.84,USD,987654321098
aws,2026-04-09,EC2,us-east-1,BoxUsage:t3.large,607.87,USD,456789012345
aws,2026-04-09,S3,eu-west-1,Requests-Tier2,110.61,USD,123456789012
aws,2026-04-10,DynamoDB,ap-southeast-1,TimedStorage-ByteHrs,83.64,USD,987654321098
aws,2026-04-10,CloudFront,eu-west-1,Requests-HTTPS-Proxy,42.95,USD,123456789012
aws,2026-04-10,S3,eu-west-1,DataTransfer-Out-Bytes,22.51,USD,987654321098
aws,2026-04-10,Lambda,ap-south-1,Edge-ByteHrs,83.2,USD,987654321098
aws,2026-04-10,EC2,ap-south-1,BoxUsage:m5.2xlarge,102.85,USD,123456789012
aws,2026-04-10,Redshift,ap-south-1,Storage-ByteHrs,318.07,USD,123456789012
aws,2026-04-10,ElastiCache,eu-west-1,NodeUsage:cache.r5.large,566.33,USD,456789012345
aws,2026-04-10,CloudFront,us-west-2,Requests-HTTP-Proxy,23.42,USD,456789012345
aws,2026-04-10,ElastiCache,us-east-1,NodeUsage:cache.t3.medium,362.19,USD,456789012345
aws,2026-04-10,ElastiCache,eu-west-1,NodeUsage:cache.t3.medium,492.94,USD,123456789012
aws,2026-04-10,Lambda,ap-southeast-1,RequestCount,5.64,USD,456789012345
aws,2026-04-10,Lambda,us-west-2,Lambda-GB-Second,51.95,USD,987654321098
aws,2026-04-11,S3,ap-south-1,TimedStorage-ByteHrs,67.14,USD,987654321098
aws,2026-04-11,EKS,ap-southeast-1,EKS-Cluster-Hours,856.27,USD,123456789012
aws,2026-04-11,CloudFront,us-east-1,Requests-HTTPS-Proxy,71.13,USD,123456789012
aws,2026-04-11,CloudFront,eu-west-1,Requests-HTTP-Proxy,28.15,USD,987654321098
aws,2026-04-11,ElastiCache,ap-south-1,NodeUsage:cache.r5.large,283.6,USD,123456789012
aws,2026-04-11,S3,us-east-1,DataTransfer-Out-Bytes,115.28,USD,456789012345
aws,2026-04-11,S3,eu-central-1,DataTransfer-Out-Bytes,42.77,USD,456789012345
aws,2026-04-11,ECS,ap-south-1,Fargate-vCPU-Hours,113.78,USD,123456789012
aws,2026-04-11,EC2,eu-west-1,BoxUsage:t3.large,411.61,USD,123456789012
aws,2026-04-11,RDS,ap-south-1,RDS:ChargedBackupUsage,701.56,USD,123456789012
aws,2026-04-11,S3,us-east-1,TimedStorage-ByteHrs,32.9,USD,456789012345
aws,2026-04-11,RDS,us-west-2,RDS:Multi-AZ-Storage,1258.84,USD,456789012345
aws,2026-04-11,EC2,ap-south-1,DataTransfer-Out-Bytes,610.91,USD,123456789012
aws,2026-04-12,DynamoDB,eu-central-1,TimedStorage-ByteHrs,40.07,USD,123456789012
aws,2026-04-12,ElastiCache,us-west-2,NodeUsage:cache.t3.medium,10.98,USD,123456789012
aws,2026-04-12,CloudFront,eu-west-1,Requests-HTTPS-Proxy,76.0,USD,456789012345
aws,2026-04-12,ElastiCache,us-east-1,NodeUsage:cache.t3.medium,280.2,USD,456789012345
aws,2026-04-12,ElastiCache,ap-southeast-1,NodeUsage:cache.t3.medium,419.0,USD,123456789012
aws,2026-04-12,ECS,eu-central-1,Fargate-GB-Hours,85.41,USD,456789012345
aws,2026-04-13,DynamoDB,us-east-1,WriteCapacityUnits,105.18,USD,456789012345
aws,2026-04-13,EKS,us-east-1,Fargate-vCPU-Hours,473.19,USD,123456789012
aws,2026-04-13,EKS,us-east-1,EKS-Cluster-Hours,220.28,USD,123456789012
aws,2026-04-13,RDS,ap-southeast-1,RDS:Multi-AZ-Storage,491.4,USD,987654321098
aws,2026-04-13,ElastiCache,eu-west-1,NodeUsage:cache.t3.medium,553.68,USD,456789012345
aws,2026-04-13,CloudFront,ap-south-1,Requests-HTTPS-Proxy,82.2,USD,456789012345
aws,2026-04-13,Redshift,eu-central-1,Storage-ByteHrs,1398.03,USD,456789012345
aws,2026-04-13,DynamoDB,ap-southeast-1,WriteCapacityUnits,15.87,USD,456789012345
aws,2026-04-13,Redshift,ap-southeast-1,NodeUsage:dc2.large,372.26,USD,456789012345
aws,2026-04-13,EC2,eu-central-1,BoxUsage:t3.large,349.83,USD,987654321098
aws,2026-04-13,Redshift,us-east-1,NodeUsage:dc2.large,543.29,USD,123456789012
aws,2026-04-13,Redshift,us-east-1,Storage-ByteHrs,1363.2,USD,987654321098
aws,2026-04-13,EC2,eu-west-1,BoxUsage:c5.xlarge,279.97,USD,123456789012
aws,2026-04-13,Redshift,us-east-1,NodeUsage:dc2.large,286.76,USD,987654321098
aws,2026-04-14,DynamoDB,ap-south-1,WriteCapacityUnits,50.54,USD,123456789012
aws,2026-04-14,ElastiCache,ap-south-1,NodeUsage:cache.r5.large,150.68,USD,456789012345
aws,2026-04-14,S3,us-west-2,DataTransfer-Out-Bytes,3.65,USD,987654321098
aws,2026-04-14,S3,ap-south-1,DataTransfer-Out-Bytes,47.59,USD,123456789012
aws,2026-04-14,RDS,eu-west-1,InstanceUsage:db.t3.medium,970.25,USD,123456789012
aws,2026-04-14,RDS,eu-west-1,InstanceUsage:db.r5.xlarge,784.16,USD,987654321098
aws,2026-04-14,RDS,ap-south-1,InstanceUsage:db.r5.xlarge,1185.05,USD,456789012345
aws,2026-04-14,S3,eu-west-1,TimedStorage-ByteHrs,108.14,USD,987654321098
aws,2026-04-14,Redshift,ap-south-1,Storage-ByteHrs,857.63,USD,987654321098
aws,2026-04-14,ECS,ap-south-1,Fargate-vCPU-Hours,78.54,USD,987654321098
aws,2026-04-15,Redshift,eu-central-1,NodeUsage:dc2.large,1257.06,USD,123456789012
aws,2026-04-15,CloudFront,eu-west-1,Requests-HTTPS-Proxy,102.95,USD,123456789012
aws,2026-04-15,S3,us-east-1,DataTransfer-Out-Bytes,40.73,USD,987654321098
aws,2026-04-15,EC2,us-west-2,IPAddress:EIP,415.18,USD,987654321098
aws,2026-04-15,EKS,eu-central-1,Fargate-vCPU-Hours,426.17,USD,456789012345
aws,2026-04-15,DynamoDB,us-west-2,ReadCapacityUnits,89.28,USD,456789012345
aws,2026-04-15,DynamoDB,ap-southeast-1,WriteCapacityUnits,55.54,USD,456789012345
aws,2026-04-15,CloudFront,eu-central-1,Requests-HTTPS-Proxy,47.72,USD,123456789012
aws,2026-04-15,CloudFront,us-east-1,Requests-HTTPS-Proxy,9.34,USD,123456789012
aws,2026-04-16,EC2,eu-west-1,DataTransfer-Out-Bytes,594.16,USD,456789012345
aws,2026-04-16,ECS,us-east-1,Fargate-vCPU-Hours,62.6,USD,456789012345
aws,2026-04-16,Redshift,eu-central-1,Storage-ByteHrs,148.53,USD,123456789012
aws,2026-04-16,S3,us-west-2,TimedStorage-ByteHrs,87.37,USD,123456789012
aws,2026-04-16,ECS,eu-west-1,Fargate-GB-Hours,38.59,USD,123456789012
aws,2026-04-16,EC2,eu-west-1,BoxUsage:m5.2xlarge,524.9,USD,456789012345
aws,2026-04-16,EC2,ap-south-1,BoxUsage:m5.2xlarge,472.6,USD,456789012345
aws,2026-04-16,ECS,us-west-2,Fargate-GB-Hours,76.56,USD,456789012345
aws,2026-04-16,RDS,us-east-1,InstanceUsage:db.r5.xlarge,1291.13,USD,987654321098
aws,2026-04-16,Lambda,ap-south-1,Edge-ByteHrs,1.42,USD,456789012345
aws,2026-04-16,ECS,eu-west-1,Fargate-GB-Hours,51.19,USD,456789012345
aws,2026-04-16,RDS,ap-southeast-1,InstanceUsage:db.r5.xlarge,657.85,USD,456789012345
aws,2026-04-17,Redshift,ap-south-1,NodeUsage:dc2.large,567.04,USD,456789012345
aws,2026-04-17,ElastiCache,ap-southeast-1,NodeUsage:cache.r5.large,360.57,USD,987654321098
aws,2026-04-17,ElastiCache,ap-south-1,NodeUsage:cache.r5.large,303.23,USD,456789012345
aws,2026-04-17,EKS,ap-south-1,EKS-Cluster-Hours,371.07,USD,987654321098
aws,2026-04-17,ElastiCache,ap-southeast-1,NodeUsage:cache.r5.large,168.02,USD,456789012345
aws,2026-04-17,CloudFront,eu-central-1,DataTransfer-Out-Bytes,81.08,USD,987654321098
aws,2026-04-17,CloudFront,eu-central-1,DataTransfer-Out-Bytes,32.01,USD,456789012345
aws,2026-04-17,CloudFront,ap-southeast-1,DataTransfer-Out-Bytes,24.98,USD,456789012345
aws,2026-04-17,EKS,ap-southeast-1,Fargate-vCPU-Hours,639.1,USD,456789012345
aws,2026-04-17,S3,us-east-1,Requests-Tier1,27.32,USD,123456789012
aws,2026-04-17,EC2,us-east-1,BoxUsage:t3.large,514.88,USD,123456789012
aws,2026-04-18,ElastiCache,us-east-1,NodeUsage:cache.t3.medium,414.95,USD,987654321098
aws,2026-04-18,ElastiCache,us-east-1,NodeUsage:cache.r5.large,185.49,USD,456789012345
aws,2026-04-18,Lambda,eu-central-1,Edge-ByteHrs,27.72,USD,987654321098
aws,2026-04-18,Redshift,eu-central-1,Storage-ByteHrs,1015.67,USD,987654321098
aws,2026-04-18,EKS,ap-south-1,EKS-Cluster-Hours,878.79,USD,123456789012
aws,2026-04-18,ElastiCache,ap-southeast-1,NodeUsage:cache.r5.large,286.73,USD,456789012345
aws,2026-04-18,EKS,us-west-2,Fargate-vCPU-Hours,521.02,USD,123456789012
aws,2026-04-19,EKS,eu-west-1,Fargate-vCPU-Hours,671.59,USD,456789012345
aws,2026-04-19,ElastiCache,ap-south-1,NodeUsage:cache.t3.medium,181.19,USD,987654321098
aws,2026-04-19,Redshift,eu-west-1,Storage-ByteHrs,591.37,USD,456789012345
aws,2026-04-19,Lambda,ap-southeast-1,Edge-ByteHrs,43.9,USD,987654321098
aws,2026-04-19,ElastiCache,eu-west-1,NodeUsage:cache.t3.medium,613.38,USD,456789012345
aws,2026-04-19,Redshift,eu-west-1,NodeUsage:dc2.large,818.72,USD,123456789012
aws,2026-04-19,ECS,eu-central-1,Fargate-GB-Hours,70.5,USD,987654321098
aws,2026-04-19,S3,ap-southeast-1,Requests-Tier2,36.37,USD,456789012345
aws,2026-04-19,S3,eu-central-1,Requests-Tier2,98.13,USD,456789012345
aws,2026-04-20,S3,ap-south-1,Requests-Tier1,97.65,USD,123456789012
aws,2026-04-20,ECS,ap-southeast-1,Fargate-GB-Hours,0.71,USD,987654321098
aws,2026-04-20,ECS,us-east-1,Fargate-GB-Hours,37.65,USD,456789012345
aws,2026-04-20,DynamoDB,eu-central-1,WriteCapacityUnits,9.85,USD,456789012345
aws,2026-04-20,Redshift,eu-west-1,NodeUsage:dc2.large,1390.2,USD,123456789012
aws,2026-04-20,S3,us-east-1,TimedStorage-ByteHrs,116.9,USD,987654321098
aws,2026-04-20,Lambda,ap-southeast-1,Edge-ByteHrs,12.16,USD,987654321098
aws,2026-04-20,DynamoDB,us-west-2,ReadCapacityUnits,119.37,USD,987654321098
aws,2026-04-20,CloudFront,eu-west-1,DataTransfer-Out-Bytes,42.01,USD,123456789012
aws,2026-04-21,Redshift,us-west-2,Storage-ByteHrs,171.2,USD,987654321098
aws,2026-04-21,CloudFront,eu-central-1,Requests-HTTPS-Proxy,13.64,USD,123456789012
aws,2026-04-21,Redshift,eu-central-1,Storage-ByteHrs,410.21,USD,987654321098
aws,2026-04-22,ElastiCache,us-east-1,NodeUsage:cache.t3.medium,436.42,USD,987654321098
aws,2026-04-22,DynamoDB,eu-central-1,IndexWriteCapacityUnits,98.22,USD,456789012345
aws,2026-04-22,ECS,eu-central-1,Fargate-vCPU-Hours,19.25,USD,123456789012
aws,2026-04-22,S3,eu-central-1,DataTransfer-Out-Bytes,4.22,USD,123456789012
aws,2026-04-23,RDS,ap-south-1,RDS:ChargedBackupUsage,1054.48,USD,123456789012
aws,2026-04-23,RDS,ap-southeast-1,RDS:ChargedBackupUsage,456.52,USD,456789012345
aws,2026-04-23,ElastiCache,eu-west-1,NodeUsage:cache.t3.medium,345.21,USD,456789012345
aws,2026-04-23,EC2,us-west-2,BoxUsage:t3.large,507.14,USD,123456789012
aws,2026-04-23,CloudFront,eu-central-1,DataTransfer-Out-Bytes,89.83,USD,456789012345
aws,2026-04-23,EC2,us-east-1,BoxUsage:m5.2xlarge,207.68,USD,456789012345
aws,2026-04-23,Redshift,ap-southeast-1,Storage-ByteHrs,1289.81,USD,987654321098
aws,2026-04-23,EKS,eu-central-1,EKS-Cluster-Hours,229.3,USD,123456789012
aws,2026-04-23,ElastiCache,us-east-1,NodeUsage:cache.r5.large,398.23,USD,456789012345
aws,2026-04-23,CloudFront,us-west-2,DataTransfer-Out-Bytes,4.28,USD,456789012345
aws,2026-04-24,DynamoDB,ap-south-1,IndexWriteCapacityUnits,68.3,USD,987654321098
aws,2026-04-24,ElastiCache,us-west-2,NodeUsage:cache.r5.large,24.91,USD,456789012345
aws,2026-04-24,S3,us-east-1,Requests-Tier2,5.27,USD,123456789012
aws,2026-04-24,CloudFront,eu-west-1,Requests-HTTPS-Proxy,72.66,USD,987654321098
aws,2026-04-24,EKS,us-east-1,Fargate-vCPU-Hours,244.56,USD,456789012345
aws,2026-04-24,DynamoDB,us-east-1,ReadCapacityUnits,8.59,USD,123456789012
aws,2026-04-24,CloudFront,eu-central-1,DataTransfer-Out-Bytes,57.56,USD,456789012345
aws,2026-04-24,ECS,us-east-1,Fargate-GB-Hours,36.21,USD,987654321098
aws,2026-04-24,EC2,us-west-2,BoxUsage:t3.large,443.96,USD,987654321098
aws,2026-04-24,EC2,ap-south-1,BoxUsage:t3.large,503.2,USD,123456789012
aws,2026-04-24,S3,eu-west-1,Requests-Tier2,18.67,USD,987654321098
aws,2026-04-25,ElastiCache,us-east-1,NodeUsage:cache.t3.medium,129.17,USD,456789012345
aws,2026-04-25,ECS,us-east-1,Fargate-vCPU-Hours,71.55,USD,987654321098
aws,2026-04-25,DynamoDB,eu-central-1,WriteCapacityUnits,107.84,USD,123456789012
aws,2026-04-25,RDS,ap-south-1,RDS:ChargedBackupUsage,723.91,USD,123456789012
aws,2026-04-25,RDS,eu-central-1,InstanceUsage:db.t3.medium,556.96,USD,123456789012
aws,2026-04-25,RDS,ap-southeast-1,InstanceUsage:db.t3.medium,493.67,USD,456789012345
aws,2026-04-26,ElastiCache,eu-west-1,NodeUsage:cache.t3.medium,350.67,USD,123456789012
aws,2026-04-26,S3,us-west-2,DataTransfer-Out-Bytes,84.05,USD,456789012345
aws,2026-04-26,ECS,ap-southeast-1,Fargate-GB-Hours,46.83,USD,123456789012
aws,2026-04-26,DynamoDB,eu-central-1,IndexWriteCapacityUnits,38.58,USD,123456789012
aws,2026-04-26,DynamoDB,eu-west-1,TimedStorage-ByteHrs,0.24,USD,987654321098
aws,2026-04-26,CloudFront,us-east-1,Requests-HTTPS-Proxy,46.18,USD,456789012345
aws,2026-04-26,ElastiCache,ap-southeast-1,NodeUsage:cache.t3.medium,523.91,USD,987654321098
aws,2026-04-26,DynamoDB,eu-central-1,ReadCapacityUnits,117.3,USD,456789012345
aws,2026-04-27,CloudFront,us-west-2,Requests-HTTP-Proxy,25.26,USD,987654321098
aws,2026-04-27,RDS,eu-central-1,InstanceUsage:db.t3.medium,1147.65,USD,987654321098
aws,2026-04-27,CloudFront,us-west-2,Requests-HTTP-Proxy,86.63,USD,987654321098
aws,2026-04-27,CloudFront,us-east-1,Requests-HTTPS-Proxy,80.06,USD,456789012345
aws,2026-04-27,DynamoDB,eu-west-1,IndexWriteCapacityUnits,12.11,USD,123456789012
aws,2026-04-27,EC2,us-west-2,IPAddress:EIP,260.17,USD,456789012345
aws,2026-04-27,EKS,us-west-2,EKS-Cluster-Hours,1027.25,USD,456789012345
aws,2026-04-27,CloudFront,us-west-2,Requests-HTTPS-Proxy,67.94,USD,456789012345
aws,2026-04-27,EC2,ap-southeast-1,BoxUsage:c5.xlarge,417.0,USD,123456789012
aws,2026-04-28,S3,ap-southeast-1,Requests-Tier1,62.68,USD,456789012345
aws,2026-04-28,DynamoDB,eu-central-1,WriteCapacityUnits,88.43,USD,123456789012
aws,2026-04-28,RDS,eu-west-1,RDS:ChargedBackupUsage,1401.43,USD,456789012345
aws,2026-04-28,RDS,ap-south-1,InstanceUsage:db.r5.xlarge,215.26,USD,456789012345
aws,2026-04-28,ElastiCache,ap-south-1,NodeUsage:cache.r5.large,79.99,USD,987654321098
aws,2026-04-28,ECS,eu-central-1,Fargate-vCPU-Hours,37.42,USD,123456789012
aws,2026-04-28,ECS,us-west-2,Fargate-GB-Hours,106.39,USD,123456789012
aws,2026-04-28,ECS,eu-central-1,Fargate-GB-Hours,74.28,USD,987654321098
aws,2026-04-28,DynamoDB,ap-southeast-1,TimedStorage-ByteHrs,78.09,USD,987654321098
aws,2026-04-29,ECS,us-east-1,Fargate-vCPU-Hours,43.51,USD,456789012345
aws,2026-04-29,ElastiCache,us-east-1,NodeUsage:cache.r5.large,541.44,USD,987654321098
aws,2026-04-29,EC2,us-west-2,IPAddress:EIP,534.99,USD,987654321098
aws,2026-04-29,DynamoDB,us-east-1,IndexWriteCapacityUnits,104.73,USD,456789012345
aws,2026-04-30,EC2,eu-central-1,BoxUsage:t3.large,264.69,USD,123456789012
aws,2026-04-30,ECS,us-east-1,Fargate-vCPU-Hours,46.83,USD,987654321098
aws,2026-04-30,ElastiCache,eu-west-1,NodeUsage:cache.t3.medium,63.08,USD,123456789012
aws,2026-04-30,DynamoDB,us-west-2,ReadCapacityUnits,19.62,USD,987654321098
aws,2026-04-30,RDS,eu-central-1,RDS:ChargedBackupUsage,1327.92,USD,987654321098
aws,2026-04-30,EKS,eu-west-1,Fargate-vCPU-Hours,1406.6,USD,123456789012
aws,2026-04-30,DynamoDB,us-west-2,WriteCapacityUnits,50.97,USD,123456789012
aws,2026-04-30,ElastiCache,eu-central-1,NodeUsage:cache.t3.medium,60.36,USD,123456789012
aws,2026-05-01,S3,eu-central-1,DataTransfer-Out-Bytes,73.9,USD,987654321098
aws,2026-05-01,EKS,eu-central-1,EKS-Cluster-Hours,994.49,USD,123456789012
aws,2026-05-01,EC2,eu-west-1,DataTransfer-Out-Bytes,500.99,USD,123456789012
aws,2026-05-01,EKS,eu-west-1,EKS-Cluster-Hours,167.69,USD,123456789012
aws,2026-05-01,ElastiCache,us-west-2,NodeUsage:cache.r5.large,392.54,USD,987654321098
aws,2026-05-01,Redshift,ap-southeast-1,NodeUsage:dc2.large,399.91,USD,123456789012
aws,2026-05-01,EC2,us-east-1,DataTransfer-Out-Bytes,60.55,USD,123456789012
aws,2026-05-01,Redshift,eu-central-1,Storage-ByteHrs,527.9,USD,987654321098
aws,2026-05-01,Redshift,us-east-1,NodeUsage:dc2.large,949.52,USD,456789012345
aws,2026-05-01,Lambda,us-west-2,Lambda-GB-Second,1.69,USD,123456789012
aws,2026-05-01,RDS,eu-west-1,RDS:ChargedBackupUsage,1318.89,USD,987654321098
aws,2026-05-02,Redshift,us-east-1,Storage-ByteHrs,1287.75,USD,987654321098
aws,2026-05-02,ElastiCache,eu-west-1,NodeUsage:cache.r5.large,183.87,USD,456789012345
aws,2026-05-02,Redshift,us-west-2,Storage-ByteHrs,137.51,USD,987654321098
aws,2026-05-02,RDS,eu-west-1,RDS:ChargedBackupUsage,1230.22,USD,987654321098
aws,2026-05-02,DynamoDB,ap-south-1,WriteCapacityUnits,87.47,USD,456789012345
aws,2026-05-02,Lambda,ap-southeast-1,Lambda-GB-Second,81.27,USD,987654321098
aws,2026-05-02,EC2,eu-central-1,BoxUsage:c5.xlarge,243.22,USD,456789012345
aws,2026-05-02,RDS,eu-central-1,RDS:ChargedBackupUsage,890.22,USD,987654321098
aws,2026-05-02,RDS,eu-central-1,InstanceUsage:db.t3.medium,927.81,USD,456789012345
aws,2026-05-02,CloudFront,ap-southeast-1,Requests-HTTP-Proxy,63.41,USD,123456789012
aws,2026-05-03,S3,ap-south-1,DataTransfer-Out-Bytes,98.63,USD,123456789012
aws,2026-05-03,S3,ap-southeast-1,Requests-Tier2,84.28,USD,987654321098
aws,2026-05-03,EC2,eu-west-1,IPAddress:EIP,525.16,USD,123456789012
aws,2026-05-03,Lambda,ap-south-1,Lambda-GB-Second,100.03,USD,456789012345
aws,2026-05-03,EKS,us-east-1,Fargate-vCPU-Hours,1251.07,USD,987654321098
aws,2026-05-03,RDS,ap-southeast-1,RDS:ChargedBackupUsage,143.41,USD,123456789012
aws,2026-05-03,Redshift,eu-central-1,NodeUsage:dc2.large,1109.26,USD,456789012345
aws,2026-05-03,DynamoDB,eu-central-1,ReadCapacityUnits,21.85,USD,456789012345
aws,2026-05-03,DynamoDB,eu-west-1,IndexWriteCapacityUnits,91.34,USD,123456789012
aws,2026-05-04,Lambda,ap-southeast-1,Lambda-GB-Second,45.57,USD,123456789012
aws,2026-05-04,DynamoDB,eu-central-1,TimedStorage-ByteHrs,99.94,USD,123456789012
aws,2026-05-04,RDS,us-west-2,RDS:ChargedBackupUsage,536.52,USD,456789012345
aws,2026-05-04,CloudFront,ap-south-1,DataTransfer-Out-Bytes,101.53,USD,456789012345
aws,2026-05-04,RDS,eu-west-1,RDS:ChargedBackupUsage,190.4,USD,123456789012
aws,2026-05-04,EC2,ap-southeast-1,BoxUsage:c5.xlarge,578.89,USD,456789012345
aws,2026-05-04,Redshift,eu-central-1,Storage-ByteHrs,896.14,USD,123456789012
aws,2026-05-04,Redshift,us-east-1,NodeUsage:dc2.large,260.99,USD,987654321098
aws,2026-05-04,CloudFront,ap-south-1,Requests-HTTP-Proxy,107.79,USD,987654321098
aws,2026-05-04,S3,ap-southeast-1,TimedStorage-ByteHrs,77.12,USD,456789012345
aws,2026-05-04,ECS,eu-west-1,Fargate-vCPU-Hours,39.13,USD,123456789012
aws,2026-05-04,EC2,us-east-1,BoxUsage:m5.2xlarge,613.56,USD,123456789012
aws,2026-05-05,Lambda,us-west-2,Lambda-GB-Second,9.4,USD,123456789012
aws,2026-05-05,EKS,us-east-1,EKS-Cluster-Hours,889.44,USD,456789012345
aws,2026-05-05,ElastiCache,ap-south-1,NodeUsage:cache.t3.medium,454.59,USD,456789012345
aws,2026-05-05,RDS,us-east-1,InstanceUsage:db.r5.xlarge,1344.75,USD,123456789012
aws,2026-05-05,ECS,eu-west-1,Fargate-vCPU-Hours,26.26,USD,123456789012
aws,2026-05-05,RDS,us-east-1,InstanceUsage:db.r5.xlarge,1096.31,USD,987654321098
aws,2026-05-06,Redshift,ap-southeast-1,Storage-ByteHrs,1008.65,USD,123456789012
aws,2026-05-06,ElastiCache,us-east-1,NodeUsage:cache.r5.large,397.35,USD,987654321098
aws,2026-05-06,Lambda,us-east-1,Lambda-GB-Second,54.33,USD,123456789012
aws,2026-05-06,ElastiCache,us-west-2,NodeUsage:cache.t3.medium,95.27,USD,123456789012
aws,2026-05-06,S3,us-east-1,Requests-Tier2,51.4,USD,123456789012
aws,2026-05-06,RDS,us-west-2,InstanceUsage:db.t3.medium,1413.26,USD,987654321098
aws,2026-05-06,CloudFront,us-west-2,DataTransfer-Out-Bytes,2.44,USD,987654321098
aws,2026-05-06,ElastiCache,eu-west-1,NodeUsage:cache.r5.large,519.69,USD,987654321098
aws,2026-05-06,EC2,eu-west-1,IPAddress:EIP,323.69,USD,987654321098
aws,2026-05-06,EC2,eu-west-1,DataTransfer-Out-Bytes,272.63,USD,123456789012
aws,2026-05-06,RDS,eu-central-1,RDS:Multi-AZ-Storage,1352.79,USD,123456789012
aws,2026-05-07,ElastiCache,us-east-1,NodeUsage:cache.r5.large,478.77,USD,987654321098
aws,2026-05-07,S3,us-east-1,Requests-Tier1,33.22,USD,987654321098
aws,2026-05-07,Lambda,eu-central-1,Edge-ByteHrs,18.2,USD,123456789012
aws,2026-05-07,ECS,eu-west-1,Fargate-GB-Hours,99.48,USD,123456789012
aws,2026-05-07,CloudFront,ap-southeast-1,DataTransfer-Out-Bytes,38.18,USD,123456789012
aws,2026-05-07,DynamoDB,us-west-2,WriteCapacityUnits,5.79,USD,456789012345
aws,2026-05-07,Redshift,us-west-2,NodeUsage:dc2.large,1427.58,USD,123456789012
aws,2026-05-07,ElastiCache,eu-west-1,NodeUsage:cache.t3.medium,599.16,USD,456789012345
aws,2026-05-07,DynamoDB,eu-central-1,IndexWriteCapacityUnits,117.74,USD,123456789012
aws,2026-05-08,ECS,us-west-2,Fargate-vCPU-Hours,63.98,USD,987654321098
aws,2026-05-08,Redshift,ap-south-1,NodeUsage:dc2.large,759.41,USD,456789012345
aws,2026-05-08,Redshift,us-east-1,NodeUsage:dc2.large,1355.84,USD,987654321098
aws,2026-05-08,EKS,us-east-1,Fargate-vCPU-Hours,334.05,USD,123456789012
aws,2026-05-08,ElastiCache,us-west-2,NodeUsage:cache.t3.medium,486.85,USD,123456789012
aws,2026-05-08,CloudFront,us-east-1,Requests-HTTPS-Proxy,31.65,USD,987654321098
aws,2026-05-09,Redshift,ap-southeast-1,NodeUsage:dc2.large,221.77,USD,456789012345
aws,2026-05-09,EC2,us-west-2,BoxUsage:c5.xlarge,638.01,USD,456789012345
aws,2026-05-09,RDS,eu-central-1,RDS:ChargedBackupUsage,450.16,USD,456789012345
aws,2026-05-09,ECS,eu-central-1,Fargate-vCPU-Hours,57.79,USD,123456789012
aws,2026-05-09,Lambda,us-west-2,Edge-ByteHrs,82.8,USD,456789012345
aws,2026-05-09,Redshift,us-west-2,NodeUsage:dc2.large,1192.91,USD,123456789012
aws,2026-05-09,EC2,us-east-1,IPAddress:EIP,625.73,USD,123456789012
aws,2026-05-09,CloudFront,ap-southeast-1,Requests-HTTP-Proxy,112.84,USD,987654321098
aws,2026-05-09,DynamoDB,eu-west-1,IndexWriteCapacityUnits,113.01,USD,456789012345
aws,2026-05-10,RDS,eu-central-1,RDS:Multi-AZ-Storage,748.42,USD,456789012345
aws,2026-05-10,ElastiCache,eu-west-1,NodeUsage:cache.r5.large,414.11,USD,123456789012
aws,2026-05-10,ECS,ap-south-1,Fargate-GB-Hours,89.28,USD,123456789012
aws,2026-05-10,EKS,us-east-1,Fargate-vCPU-Hours,87.04,USD,987654321098
aws,2026-05-10,ECS,ap-south-1,Fargate-vCPU-Hours,84.24,USD,987654321098
aws,2026-05-10,ElastiCache,ap-southeast-1,NodeUsage:cache.t3.medium,463.04,USD,987654321098
aws,2026-05-10,ElastiCache,ap-southeast-1,NodeUsage:cache.r5.large,489.67,USD,123456789012
aws,2026-05-10,ECS,us-west-2,Fargate-vCPU-Hours,57.18,USD,123456789012
aws,2026-05-10,RDS,eu-west-1,RDS:Multi-AZ-Storage,902.51,USD,123456789012
aws,2026-05-10,EC2,ap-southeast-1,BoxUsage:m5.2xlarge,386.22,USD,987654321098
aws,2026-05-10,ECS,us-east-1,Fargate-GB-Hours,38.3,USD,123456789012
aws,2026-05-10,Redshift,eu-central-1,Storage-ByteHrs,1192.94,USD,123456789012
aws,2026-05-11,ElastiCache,eu-central-1,NodeUsage:cache.r5.large,59.69,USD,456789012345
aws,2026-05-11,CloudFront,ap-south-1,Requests-HTTPS-Proxy,73.14,USD,456789012345
aws,2026-05-11,RDS,ap-southeast-1,RDS:Multi-AZ-Storage,40.09,USD,456789012345
aws,2026-05-11,EKS,eu-central-1,EKS-Cluster-Hours,266.51,USD,456789012345
aws,2026-05-11,EKS,ap-south-1,EKS-Cluster-Hours,78.77,USD,123456789012
aws,2026-05-11,ECS,ap-south-1,Fargate-GB-Hours,42.73,USD,987654321098
aws,2026-05-11,Lambda,us-east-1,Edge-ByteHrs,118.48,USD,456789012345
aws,2026-05-11,ECS,eu-central-1,Fargate-vCPU-Hours,13.34,USD,987654321098
aws,2026-05-12,Redshift,eu-west-1,NodeUsage:dc2.large,983.73,USD,123456789012
aws,2026-05-12,S3,ap-southeast-1,TimedStorage-ByteHrs,98.03,USD,123456789012
aws,2026-05-12,S3,eu-west-1,Requests-Tier2,47.25,USD,123456789012
aws,2026-05-12,RDS,us-west-2,RDS:ChargedBackupUsage,1439.29,USD,123456789012
aws,2026-05-12,RDS,us-east-1,InstanceUsage:db.t3.medium,784.82,USD,456789012345
aws,2026-05-12,Redshift,eu-central-1,Storage-ByteHrs,1042.86,USD,123456789012
aws,2026-05-12,EKS,eu-central-1,EKS-Cluster-Hours,1345.41,USD,987654321098
aws,2026-05-12,RDS,us-west-2,RDS:ChargedBackupUsage,572.41,USD,456789012345
aws,2026-05-13,ECS,ap-south-1,Fargate-vCPU-Hours,93.03,USD,987654321098
aws,2026-05-13,ElastiCache,us-east-1,NodeUsage:cache.r5.large,226.61,USD,456789012345
aws,2026-05-13,EKS,eu-central-1,EKS-Cluster-Hours,967.94,USD,987654321098
aws,2026-05-13,S3,eu-west-1,TimedStorage-ByteHrs,118.13,USD,987654321098
aws,2026-05-13,CloudFront,us-east-1,Requests-HTTP-Proxy,92.45,USD,123456789012
aws,2026-05-13,EC2,us-west-2,BoxUsage:m5.2xlarge,257.26,USD,987654321098
aws,2026-05-13,DynamoDB,eu-central-1,IndexWriteCapacityUnits,69.31,USD,123456789012
aws,2026-05-14,EKS,eu-central-1,EKS-Cluster-Hours,639.6,USD,987654321098
aws,2026-05-14,ElastiCache,us-east-1,NodeUsage:cache.r5.large,381.13,USD,456789012345
aws,2026-05-14,ECS,eu-west-1,Fargate-vCPU-Hours,63.65,USD,456789012345
aws,2026-05-14,RDS,us-east-1,InstanceUsage:db.t3.medium,1269.73,USD,123456789012
aws,2026-05-14,Redshift,us-east-1,NodeUsage:dc2.large,923.69,USD,987654321098
aws,2026-05-14,CloudFront,eu-central-1,Requests-HTTPS-Proxy,37.7,USD,123456789012
aws,2026-05-14,DynamoDB,us-west-2,ReadCapacityUnits,81.38,USD,456789012345
aws,2026-05-15,RDS,eu-central-1,InstanceUsage:db.r5.xlarge,663.79,USD,987654321098
aws,2026-05-15,CloudFront,us-east-1,Requests-HTTPS-Proxy,60.95,USD,456789012345
aws,2026-05-15,ECS,ap-southeast-1,Fargate-vCPU-Hours,116.69,USD,123456789012
aws,2026-05-15,Lambda,eu-central-1,Edge-ByteHrs,118.73,USD,123456789012
aws,2026-05-15,Redshift,us-east-1,NodeUsage:dc2.large,1272.13,USD,123456789012
aws,2026-05-15,CloudFront,ap-southeast-1,Requests-HTTPS-Proxy,41.23,USD,123456789012
aws,2026-05-15,RDS,ap-southeast-1,RDS:Multi-AZ-Storage,909.86,USD,987654321098
aws,2026-05-15,CloudFront,us-east-1,Requests-HTTPS-Proxy,10.75,USD,987654321098
aws,2026-05-15,EKS,eu-central-1,EKS-Cluster-Hours,681.2,USD,987654321098
aws,2026-05-15,S3,eu-central-1,TimedStorage-ByteHrs,12.1,USD,456789012345
aws,2026-05-16,EC2,ap-south-1,BoxUsage:m5.2xlarge,17.56,USD,987654321098
aws,2026-05-16,Redshift,ap-southeast-1,NodeUsage:dc2.large,1101.25,USD,456789012345
aws,2026-05-16,S3,us-east-1,TimedStorage-ByteHrs,8.36,USD,123456789012
aws,2026-05-16,DynamoDB,ap-southeast-1,IndexWriteCapacityUnits,95.2,USD,123456789012
aws,2026-05-16,Lambda,eu-central-1,Lambda-GB-Second,12.16,USD,123456789012
aws,2026-05-16,DynamoDB,eu-west-1,IndexWriteCapacityUnits,89.37,USD,987654321098
aws,2026-05-16,EC2,us-east-1,IPAddress:EIP,233.22,USD,456789012345
aws,2026-05-16,ECS,us-west-2,Fargate-GB-Hours,37.7,USD,123456789012
aws,2026-05-16,EC2,ap-southeast-1,IPAddress:EIP,361.85,USD,987654321098
aws,2026-05-16,CloudFront,ap-southeast-1,Requests-HTTP-Proxy,13.89,USD,123456789012
aws,2026-05-16,DynamoDB,eu-central-1,WriteCapacityUnits,54.31,USD,987654321098
aws,2026-05-16,EKS,us-west-2,Fargate-vCPU-Hours,1326.18,USD,123456789012
aws,2026-05-17,S3,us-west-2,DataTransfer-Out-Bytes,19.94,USD,456789012345
aws,2026-05-17,S3,eu-west-1,TimedStorage-ByteHrs,66.47,USD,123456789012
aws,2026-05-17,ECS,eu-west-1,Fargate-GB-Hours,4.45,USD,456789012345
aws,2026-05-17,ElastiCache,eu-central-1,NodeUsage:cache.t3.medium,531.16,USD,987654321098
aws,2026-05-17,Lambda,eu-central-1,RequestCount,107.06,USD,123456789012
aws,2026-05-17,DynamoDB,ap-southeast-1,ReadCapacityUnits,12.91,USD,456789012345
aws,2026-05-17,CloudFront,ap-southeast-1,Requests-HTTPS-Proxy,32.83,USD,123456789012
aws,2026-05-17,DynamoDB,us-east-1,ReadCapacityUnits,111.74,USD,987654321098
aws,2026-05-17,ECS,ap-south-1,Fargate-GB-Hours,49.48,USD,456789012345
aws,2026-05-17,ElastiCache,ap-south-1,NodeUsage:cache.r5.large,58.93,USD,987654321098
aws,2026-05-18,CloudFront,us-east-1,DataTransfer-Out-Bytes,21.55,USD,987654321098
aws,2026-05-18,DynamoDB,us-east-1,IndexWriteCapacityUnits,12.98,USD,123456789012
aws,2026-05-18,S3,eu-west-1,Requests-Tier2,68.79,USD,987654321098
aws,2026-05-18,RDS,us-west-2,RDS:ChargedBackupUsage,476.35,USD,123456789012
aws,2026-05-18,ECS,us-west-2,Fargate-GB-Hours,18.62,USD,456789012345
aws,2026-05-18,Lambda,us-west-2,Edge-ByteHrs,90.08,USD,456789012345
aws,2026-05-18,CloudFront,us-east-1,Requests-HTTP-Proxy,103.62,USD,456789012345
aws,2026-05-18,Lambda,ap-southeast-1,RequestCount,92.59,USD,987654321098
aws,2026-05-18,ElastiCache,eu-west-1,NodeUsage:cache.r5.large,545.0,USD,987654321098
aws,2026-05-19,EC2,us-east-1,BoxUsage:c5.xlarge,267.14,USD,123456789012
aws,2026-05-19,RDS,us-west-2,InstanceUsage:db.t3.medium,570.83,USD,123456789012
aws,2026-05-19,Lambda,us-east-1,Lambda-GB-Second,119.22,USD,456789012345
aws,2026-05-19,ElastiCache,eu-central-1,NodeUsage:cache.r5.large,258.16,USD,987654321098
aws,2026-05-19,EKS,us-east-1,EKS-Cluster-Hours,1279.18,USD,987654321098
aws,2026-05-19,Redshift,ap-southeast-1,Storage-ByteHrs,1242.45,USD,456789012345
aws,2026-05-19,ECS,ap-southeast-1,Fargate-vCPU-Hours,25.77,USD,123456789012
aws,2026-05-19,EC2,eu-central-1,BoxUsage:c5.xlarge,454.1,USD,456789012345
aws,2026-05-19,RDS,eu-west-1,RDS:Multi-AZ-Storage,443.3,USD,987654321098
aws,2026-05-19,RDS,us-east-1,InstanceUsage:db.t3.medium,40.64,USD,456789012345
aws,2026-05-20,DynamoDB,ap-south-1,ReadCapacityUnits,98.08,USD,456789012345
aws,2026-05-20,EC2,eu-west-1,IPAddress:EIP,100.52,USD,456789012345
aws,2026-05-20,CloudFront,eu-central-1,DataTransfer-Out-Bytes,55.84,USD,456789012345
aws,2026-05-20,ECS,ap-south-1,Fargate-GB-Hours,29.81,USD,123456789012
aws,2026-05-20,ElastiCache,us-west-2,NodeUsage:cache.r5.large,26.82,USD,456789012345
aws,2026-05-20,S3,eu-central-1,TimedStorage-ByteHrs,55.48,USD,456789012345
aws,2026-05-20,Lambda,us-west-2,Edge-ByteHrs,9.49,USD,456789012345
aws,2026-05-20,Lambda,eu-central-1,Lambda-GB-Second,16.82,USD,987654321098
aws,2026-05-20,Redshift,eu-west-1,NodeUsage:dc2.large,834.61,USD,123456789012
aws,2026-05-21,S3,eu-west-1,DataTransfer-Out-Bytes,58.24,USD,456789012345
aws,2026-05-21,Lambda,us-east-1,RequestCount,96.5,USD,123456789012
aws,2026-05-21,ElastiCache,us-west-2,NodeUsage:cache.t3.medium,156.26,USD,987654321098
aws,2026-05-21,ECS,ap-southeast-1,Fargate-vCPU-Hours,55.17,USD,123456789012
aws,2026-05-21,CloudFront,us-east-1,Requests-HTTPS-Proxy,63.12,USD,987654321098
aws,2026-05-21,EKS,us-east-1,Fargate-vCPU-Hours,934.89,USD,987654321098
aws,2026-05-21,CloudFront,eu-west-1,Requests-HTTP-Proxy,51.76,USD,456789012345
aws,2026-05-21,ElastiCache,ap-south-1,NodeUsage:cache.r5.large,455.7,USD,456789012345
aws,2026-05-21,ElastiCache,ap-southeast-1,NodeUsage:cache.t3.medium,90.11,USD,456789012345
aws,2026-05-22,EC2,eu-central-1,BoxUsage:t3.large,575.69,USD,456789012345
aws,2026-05-22,ECS,us-east-1,Fargate-vCPU-Hours,55.45,USD,123456789012
aws,2026-05-22,CloudFront,eu-west-1,Requests-HTTP-Proxy,64.11,USD,987654321098
aws,2026-05-22,ECS,us-east-1,Fargate-vCPU-Hours,86.7,USD,456789012345
aws,2026-05-22,RDS,ap-south-1,RDS:Multi-AZ-Storage,42.59,USD,987654321098
aws,2026-05-22,Redshift,ap-south-1,Storage-ByteHrs,63.22,USD,456789012345
aws,2026-05-22,ElastiCache,us-east-1,NodeUsage:cache.t3.medium,193.08,USD,123456789012
aws,2026-05-22,Lambda,us-west-2,Lambda-GB-Second,85.77,USD,456789012345
aws,2026-05-22,EC2,us-east-1,BoxUsage:m5.2xlarge,405.26,USD,123456789012
aws,2026-05-22,EC2,ap-southeast-1,BoxUsage:c5.xlarge,453.84,USD,987654321098
aws,2026-05-22,RDS,us-east-1,InstanceUsage:db.r5.xlarge,630.5,USD,456789012345
aws,2026-05-22,DynamoDB,ap-south-1,TimedStorage-ByteHrs,19.33,USD,456789012345
aws,2026-05-22,ECS,us-east-1,Fargate-GB-Hours,48.99,USD,123456789012
aws,2026-05-22,Lambda,us-west-2,Lambda-GB-Second,21.25,USD,123456789012
aws,2026-05-22,ElastiCache,us-east-1,NodeUsage:cache.t3.medium,333.1,USD,456789012345
aws,2026-05-22,ECS,us-west-2,Fargate-vCPU-Hours,6.85,USD,123456789012
aws,2026-05-23,Redshift,eu-central-1,NodeUsage:dc2.large,992.22,USD,456789012345
aws,2026-05-23,ElastiCache,us-east-1,NodeUsage:cache.t3.medium,438.02,USD,456789012345
aws,2026-05-23,EKS,ap-southeast-1,EKS-Cluster-Hours,152.71,USD,123456789012
aws,2026-05-23,S3,eu-west-1,TimedStorage-ByteHrs,15.48,USD,987654321098
aws,2026-05-23,Redshift,us-east-1,NodeUsage:dc2.large,1356.48,USD,456789012345
aws,2026-05-23,ElastiCache,eu-west-1,NodeUsage:cache.t3.medium,227.11,USD,456789012345
aws,2026-05-23,ECS,ap-southeast-1,Fargate-vCPU-Hours,96.03,USD,123456789012
aws,2026-05-23,CloudFront,ap-southeast-1,Requests-HTTPS-Proxy,2.71,USD,123456789012
aws,2026-05-23,Lambda,us-east-1,Lambda-GB-Second,6.75,USD,123456789012
aws,2026-05-23,ECS,eu-west-1,Fargate-GB-Hours,34.72,USD,123456789012
aws,2026-05-23,Redshift,eu-central-1,NodeUsage:dc2.large,1413.13,USD,123456789012
aws,2026-05-23,RDS,us-west-2,RDS:Multi-AZ-Storage,302.02,USD,987654321098
aws,2026-05-23,EKS,ap-south-1,Fargate-vCPU-Hours,764.43,USD,123456789012
aws,2026-05-24,Lambda,eu-central-1,Edge-ByteHrs,65.46,USD,456789012345
aws,2026-05-24,EKS,eu-west-1,Fargate-vCPU-Hours,594.15,USD,456789012345
aws,2026-05-24,EC2,us-east-1,BoxUsage:t3.large,588.03,USD,456789012345
aws,2026-05-24,Redshift,eu-west-1,Storage-ByteHrs,1186.38,USD,456789012345
aws,2026-05-24,CloudFront,ap-south-1,DataTransfer-Out-Bytes,7.73,USD,456789012345
aws,2026-05-24,EKS,eu-west-1,EKS-Cluster-Hours,528.88,USD,987654321098
aws,2026-05-24,EC2,us-east-1,BoxUsage:m5.2xlarge,160.02,USD,987654321098
aws,2026-05-24,RDS,ap-south-1,RDS:Multi-AZ-Storage,1374.5,USD,987654321098
aws,2026-05-24,Redshift,us-east-1,Storage-ByteHrs,1009.02,USD,123456789012
aws,2026-05-24,ECS,ap-southeast-1,Fargate-vCPU-Hours,85.84,USD,123456789012
aws,2026-05-24,EC2,ap-south-1,BoxUsage:c5.xlarge,114.56,USD,987654321098
aws,2026-05-24,Redshift,ap-southeast-1,NodeUsage:dc2.large,219.74,USD,987654321098
aws,2026-05-25,EKS,eu-west-1,Fargate-vCPU-Hours,979.36,USD,123456789012
aws,2026-05-25,RDS,us-east-1,InstanceUsage:db.t3.medium,402.91,USD,456789012345
aws,2026-05-25,Lambda,ap-southeast-1,Edge-ByteHrs,92.06,USD,987654321098
aws,2026-05-25,DynamoDB,us-east-1,WriteCapacityUnits,67.04,USD,123456789012
aws,2026-05-25,RDS,ap-south-1,InstanceUsage:db.r5.xlarge,326.27,USD,123456789012
aws,2026-05-25,EKS,eu-west-1,Fargate-vCPU-Hours,281.24,USD,987654321098
aws,2026-05-25,ECS,ap-south-1,Fargate-GB-Hours,57.88,USD,987654321098
aws,2026-05-25,S3,eu-west-1,TimedStorage-ByteHrs,64.03,USD,456789012345
aws,2026-05-25,ElastiCache,eu-west-1,NodeUsage:cache.t3.medium,543.23,USD,987654321098
aws,2026-05-25,S3,us-west-2,DataTransfer-Out-Bytes,92.59,USD,987654321098
aws,2026-05-26,EKS,us-west-2,Fargate-vCPU-Hours,436.26,USD,456789012345
aws,2026-05-26,Redshift,us-east-1,Storage-ByteHrs,672.45,USD,987654321098
aws,2026-05-26,ECS,eu-central-1,Fargate-GB-Hours,90.71,USD,987654321098
aws,2026-05-26,ElastiCache,us-west-2,NodeUsage:cache.t3.medium,121.33,USD,456789012345
aws,2026-05-26,Lambda,eu-central-1,Lambda-GB-Second,39.06,USD,456789012345
aws,2026-05-26,Redshift,us-east-1,NodeUsage:dc2.large,495.98,USD,123456789012
aws,2026-05-26,EC2,eu-west-1,BoxUsage:c5.xlarge,554.32,USD,123456789012
aws,2026-05-26,S3,us-west-2,Requests-Tier1,34.84,USD,987654321098
aws,2026-05-26,EKS,ap-southeast-1,Fargate-vCPU-Hours,1016.74,USD,123456789012
aws,2026-05-26,EC2,us-west-2,BoxUsage:c5.xlarge,371.48,USD,987654321098
aws,2026-05-26,ElastiCache,ap-southeast-1,NodeUsage:cache.t3.medium,30.21,USD,456789012345
aws,2026-05-26,RDS,ap-southeast-1,InstanceUsage:db.r5.xlarge,1286.9,USD,123456789012
aws,2026-05-27,Redshift,ap-southeast-1,NodeUsage:dc2.large,1175.68,USD,987654321098
aws,2026-05-27,DynamoDB,ap-southeast-1,IndexWriteCapacityUnits,40.98,USD,987654321098
aws,2026-05-27,Lambda,ap-southeast-1,Edge-ByteHrs,73.69,USD,456789012345
aws,2026-05-27,S3,ap-south-1,Requests-Tier2,37.83,USD,987654321098
aws,2026-05-27,CloudFront,ap-southeast-1,Requests-HTTPS-Proxy,73.49,USD,123456789012
aws,2026-05-27,RDS,eu-west-1,RDS:Multi-AZ-Storage,1197.22,USD,456789012345
aws,2026-05-27,EC2,ap-south-1,DataTransfer-Out-Bytes,59.88,USD,987654321098
aws,2026-05-27,RDS,ap-southeast-1,InstanceUsage:db.r5.xlarge,987.03,USD,456789012345
aws,2026-05-27,EC2,eu-central-1,BoxUsage:c5.xlarge,278.36,USD,456789012345
aws,2026-05-27,S3,eu-west-1,Requests-Tier2,10.31,USD,456789012345
aws,2026-05-27,ECS,us-west-2,Fargate-GB-Hours,74.01,USD,123456789012
aws,2026-05-28,Lambda,eu-west-1,Lambda-GB-Second,52.41,USD,456789012345
aws,2026-05-28,Lambda,eu-central-1,Edge-ByteHrs,59.4,USD,987654321098
aws,2026-05-28,Redshift,us-east-1,Storage-ByteHrs,82.33,USD,456789012345
aws,2026-05-28,Lambda,eu-west-1,RequestCount,98.01,USD,987654321098
aws,2026-05-28,EC2,eu-west-1,BoxUsage:c5.xlarge,331.52,USD,987654321098
aws,2026-05-28,DynamoDB,ap-southeast-1,WriteCapacityUnits,33.74,USD,456789012345
aws,2026-05-28,Lambda,us-east-1,Edge-ByteHrs,96.52,USD,987654321098
aws,2026-05-28,RDS,eu-central-1,InstanceUsage:db.t3.medium,1379.32,USD,987654321098
aws,2026-05-29,ECS,eu-west-1,Fargate-vCPU-Hours,39.68,USD,123456789012
aws,2026-05-29,ElastiCache,eu-central-1,NodeUsage:cache.r5.large,502.16,USD,987654321098
aws,2026-05-29,S3,ap-south-1,TimedStorage-ByteHrs,118.85,USD,456789012345
aws,2026-05-29,RDS,us-east-1,InstanceUsage:db.r5.xlarge,562.79,USD,123456789012
aws,2026-05-29,RDS,ap-southeast-1,InstanceUsage:db.t3.medium,234.31,USD,123456789012
aws,2026-05-29,RDS,us-east-1,InstanceUsage:db.t3.medium,1420.12,USD,456789012345
aws,2026-05-29,EC2,eu-central-1,BoxUsage:m5.2xlarge,141.66,USD,987654321098
aws,2026-05-30,ECS,eu-central-1,Fargate-GB-Hours,56.48,USD,123456789012
aws,2026-05-30,RDS,ap-southeast-1,InstanceUsage:db.t3.medium,1405.59,USD,123456789012
aws,2026-05-30,Lambda,ap-south-1,Lambda-GB-Second,92.06,USD,456789012345
aws,2026-05-30,Lambda,us-west-2,RequestCount,99.56,USD,456789012345
aws,2026-05-30,CloudFront,us-east-1,DataTransfer-Out-Bytes,23.86,USD,123456789012
aws,2026-05-30,EC2,us-west-2,BoxUsage:c5.xlarge,296.59,USD,123456789012
aws,2026-05-30,EC2,ap-southeast-1,IPAddress:EIP,221.96,USD,456789012345
aws,2026-05-30,EKS,eu-central-1,EKS-Cluster-Hours,1401.1,USD,123456789012
aws,2026-05-31,Lambda,us-east-1,Lambda-GB-Second,75.79,USD,456789012345
aws,2026-05-31,RDS,eu-west-1,RDS:ChargedBackupUsage,1383.63,USD,456789012345
aws,2026-05-31,EKS,us-west-2,Fargate-vCPU-Hours,780.77,USD,123456789012
aws,2026-05-31,Lambda,ap-south-1,Lambda-GB-Second,84.48,USD,456789012345
aws,2026-05-31,EC2,eu-west-1,DataTransfer-Out-Bytes,256.74,USD,456789012345
aws,2026-05-31,EC2,ap-southeast-1,IPAddress:EIP,456.25,USD,987654321098
aws,2026-05-31,Lambda,ap-south-1,RequestCount,39.42,USD,123456789012
aws,2026-05-31,RDS,ap-southeast-1,InstanceUsage:db.r5.xlarge,573.38,USD,123456789012
aws,2026-05-31,EKS,ap-south-1,Fargate-vCPU-Hours,951.6,USD,123456789012
aws,2026-06-01,Redshift,us-west-2,NodeUsage:dc2.large,914.88,USD,456789012345
aws,2026-06-01,CloudFront,eu-central-1,Requests-HTTPS-Proxy,109.69,USD,987654321098
aws,2026-06-01,DynamoDB,us-east-1,TimedStorage-ByteHrs,72.77,USD,123456789012
aws,2026-06-01,S3,eu-central-1,DataTransfer-Out-Bytes,96.97,USD,987654321098
aws,2026-06-01,Lambda,ap-southeast-1,RequestCount,95.16,USD,123456789012
aws,2026-06-01,S3,ap-south-1,TimedStorage-ByteHrs,117.63,USD,987654321098
aws,2026-06-01,CloudFront,eu-west-1,DataTransfer-Out-Bytes,56.91,USD,123456789012
aws,2026-06-01,Lambda,eu-central-1,Lambda-GB-Second,44.22,USD,456789012345
aws,2026-06-01,CloudFront,eu-west-1,DataTransfer-Out-Bytes,74.73,USD,456789012345
aws,2026-06-02,EC2,ap-south-1,BoxUsage:t3.large,429.01,USD,987654321098
aws,2026-06-02,DynamoDB,ap-south-1,ReadCapacityUnits,113.78,USD,456789012345
aws,2026-06-02,RDS,ap-south-1,RDS:ChargedBackupUsage,1027.87,USD,456789012345
aws,2026-06-02,ElastiCache,us-west-2,NodeUsage:cache.t3.medium,360.61,USD,456789012345
aws,2026-06-02,Lambda,us-east-1,Edge-ByteHrs,22.75,USD,987654321098
aws,2026-06-02,EC2,eu-west-1,BoxUsage:c5.xlarge,402.46,USD,987654321098
aws,2026-06-02,DynamoDB,eu-central-1,TimedStorage-ByteHrs,75.57,USD,123456789012
aws,2026-06-02,Lambda,ap-south-1,Edge-ByteHrs,85.01,USD,123456789012
aws,2026-06-02,Lambda,us-east-1,Edge-ByteHrs,69.48,USD,456789012345
aws,2026-06-03,RDS,ap-south-1,InstanceUsage:db.r5.xlarge,784.16,USD,987654321098
aws,2026-06-03,EC2,us-east-1,BoxUsage:c5.xlarge,614.73,USD,987654321098
aws,2026-06-03,Redshift,eu-west-1,Storage-ByteHrs,1420.79,USD,987654321098
aws,2026-06-03,EC2,us-west-2,IPAddress:EIP,404.75,USD,987654321098
aws,2026-06-03,RDS,us-west-2,InstanceUsage:db.t3.medium,701.32,USD,987654321098
aws,2026-06-03,DynamoDB,eu-central-1,IndexWriteCapacityUnits,66.54,USD,123456789012
aws,2026-06-03,EC2,us-east-1,BoxUsage:t3.large,479.8,USD,456789012345
aws,2026-06-03,ECS,us-east-1,Fargate-GB-Hours,117.43,USD,987654321098
aws,2026-06-04,DynamoDB,us-east-1,ReadCapacityUnits,115.44,USD,123456789012
aws,2026-06-04,ElastiCache,ap-south-1,NodeUsage:cache.r5.large,295.59,USD,123456789012
aws,2026-06-04,CloudFront,ap-south-1,DataTransfer-Out-Bytes,9.88,USD,123456789012
aws,2026-06-04,Lambda,eu-central-1,Lambda-GB-Second,53.94,USD,987654321098
aws,2026-06-04,DynamoDB,eu-west-1,ReadCapacityUnits,13.2,USD,123456789012
aws,2026-06-04,S3,eu-central-1,Requests-Tier1,116.42,USD,456789012345
aws,2026-06-04,Redshift,ap-south-1,NodeUsage:dc2.large,539.52,USD,456789012345
aws,2026-06-04,ECS,us-east-1,Fargate-GB-Hours,21.48,USD,987654321098
aws,2026-06-05,CloudFront,ap-southeast-1,Requests-HTTP-Proxy,81.12,USD,987654321098
aws,2026-06-05,Lambda,ap-south-1,Edge-ByteHrs,93.79,USD,123456789012
aws,2026-06-05,S3,us-west-2,DataTransfer-Out-Bytes,80.12,USD,987654321098
aws,2026-06-05,RDS,us-west-2,RDS:Multi-AZ-Storage,786.88,USD,123456789012
aws,2026-06-05,Redshift,ap-southeast-1,Storage-ByteHrs,937.84,USD,456789012345
aws,2026-06-05,Lambda,eu-west-1,RequestCount,53.88,USD,456789012345
aws,2026-06-06,ECS,ap-south-1,Fargate-vCPU-Hours,109.55,USD,987654321098
aws,2026-06-06,S3,eu-west-1,Requests-Tier2,46.58,USD,987654321098
aws,2026-06-06,Redshift,us-east-1,Storage-ByteHrs,1081.91,USD,456789012345
aws,2026-06-06,Lambda,ap-southeast-1,Lambda-GB-Second,18.46,USD,456789012345
aws,2026-06-06,Redshift,ap-south-1,NodeUsage:dc2.large,180.78,USD,456789012345
aws,2026-06-06,CloudFront,ap-south-1,Requests-HTTP-Proxy,15.74,USD,123456789012
aws,2026-06-06,EC2,ap-south-1,BoxUsage:c5.xlarge,327.43,USD,456789012345
aws,2026-06-06,ECS,us-east-1,Fargate-vCPU-Hours,6.84,USD,456789012345
aws,2026-06-06,EC2,eu-west-1,BoxUsage:m5.2xlarge,6.99,USD,123456789012
aws,2026-06-06,S3,us-west-2,Requests-Tier1,14.59,USD,123456789012
aws,2026-06-07,EC2,eu-central-1,IPAddress:EIP,300.44,USD,987654321098
aws,2026-06-07,ECS,us-west-2,Fargate-vCPU-Hours,112.06,USD,987654321098
aws,2026-06-07,DynamoDB,ap-south-1,TimedStorage-ByteHrs,99.42,USD,456789012345
aws,2026-06-07,ElastiCache,eu-central-1,NodeUsage:cache.t3.medium,9.26,USD,123456789012
aws,2026-06-07,Lambda,ap-southeast-1,Edge-ByteHrs,46.75,USD,987654321098
aws,2026-06-07,CloudFront,us-west-2,Requests-HTTPS-Proxy,97.76,USD,456789012345
aws,2026-06-07,Redshift,us-east-1,NodeUsage:dc2.large,712.19,USD,123456789012
aws,2026-06-07,DynamoDB,eu-west-1,IndexWriteCapacityUnits,84.0,USD,123456789012
aws,2026-06-07,CloudFront,eu-central-1,Requests-HTTPS-Proxy,81.06,USD,456789012345
aws,2026-06-07,DynamoDB,eu-central-1,IndexWriteCapacityUnits,112.56,USD,123456789012
aws,2026-06-07,Lambda,us-east-1,Lambda-GB-Second,48.96,USD,987654321098
aws,2026-06-08,ElastiCache,eu-central-1,NodeUsage:cache.t3.medium,286.68,USD,123456789012
aws,2026-06-08,DynamoDB,ap-south-1,WriteCapacityUnits,80.63,USD,456789012345
aws,2026-06-08,CloudFront,us-west-2,DataTransfer-Out-Bytes,110.43,USD,123456789012
aws,2026-06-08,Lambda,ap-southeast-1,RequestCount,39.27,USD,123456789012
aws,2026-06-08,ECS,eu-west-1,Fargate-GB-Hours,44.6,USD,456789012345
aws,2026-06-08,Lambda,us-east-1,Edge-ByteHrs,58.44,USD,123456789012
aws,2026-06-08,ECS,ap-southeast-1,Fargate-GB-Hours,22.14,USD,456789012345
aws,2026-06-09,EKS,us-east-1,Fargate-vCPU-Hours,829.26,USD,456789012345
aws,2026-06-09,S3,us-west-2,Requests-Tier1,80.38,USD,987654321098
aws,2026-06-09,Redshift,ap-south-1,Storage-ByteHrs,615.58,USD,123456789012
aws,2026-06-09,CloudFront,us-west-2,Requests-HTTPS-Proxy,59.64,USD,456789012345
aws,2026-06-09,ECS,eu-central-1,Fargate-vCPU-Hours,17.46,USD,123456789012
aws,2026-06-09,CloudFront,eu-west-1,DataTransfer-Out-Bytes,49.67,USD,456789012345
aws,2026-06-10,Lambda,us-east-1,Edge-ByteHrs,102.06,USD,987654321098
aws,2026-06-10,Redshift,eu-central-1,NodeUsage:dc2.large,188.56,USD,987654321098
aws,2026-06-10,EKS,ap-southeast-1,Fargate-vCPU-Hours,598.25,USD,456789012345
aws,2026-06-10,Redshift,eu-central-1,Storage-ByteHrs,1150.62,USD,987654321098
aws,2026-06-10,RDS,us-west-2,InstanceUsage:db.t3.medium,629.5,USD,456789012345
aws,2026-06-10,RDS,eu-central-1,InstanceUsage:db.r5.xlarge,1235.66,USD,123456789012
aws,2026-06-10,Lambda,ap-south-1,Edge-ByteHrs,82.2,USD,456789012345
aws,2026-06-10,CloudFront,eu-central-1,Requests-HTTP-Proxy,45.88,USD,987654321098
aws,2026-06-10,RDS,ap-southeast-1,RDS:Multi-AZ-Storage,71.62,USD,456789012345
aws,2026-06-10,EC2,eu-west-1,DataTransfer-Out-Bytes,354.23,USD,456789012345
aws,2026-06-10,EKS,ap-south-1,EKS-Cluster-Hours,451.36,USD,987654321098
aws,2026-06-10,RDS,us-east-1,RDS:ChargedBackupUsage,1176.48,USD,987654321098
aws,2026-06-10,Redshift,ap-south-1,NodeUsage:dc2.large,339.41,USD,987654321098
aws,2026-06-10,RDS,eu-central-1,InstanceUsage:db.t3.medium,1175.65,USD,123456789012
aws,2026-06-11,DynamoDB,eu-central-1,IndexWriteCapacityUnits,54.32,USD,987654321098
aws,2026-06-11,EC2,ap-south-1,IPAddress:EIP,501.13,USD,987654321098
aws,2026-06-11,EKS,us-east-1,Fargate-vCPU-Hours,1006.33,USD,456789012345
aws,2026-06-11,CloudFront,eu-central-1,Requests-HTTP-Proxy,32.99,USD,123456789012
aws,2026-06-11,ECS,eu-central-1,Fargate-vCPU-Hours,21.16,USD,987654321098
aws,2026-06-12,EC2,us-east-1,IPAddress:EIP,247.65,USD,123456789012
aws,2026-06-12,RDS,ap-southeast-1,RDS:Multi-AZ-Storage,1359.28,USD,456789012345
aws,2026-06-12,RDS,eu-central-1,InstanceUsage:db.r5.xlarge,555.77,USD,123456789012
aws,2026-06-12,ECS,ap-southeast-1,Fargate-GB-Hours,116.8,USD,456789012345
aws,2026-06-12,DynamoDB,eu-central-1,IndexWriteCapacityUnits,29.62,USD,987654321098
aws,2026-06-12,EKS,eu-central-1,EKS-Cluster-Hours,1008.74,USD,987654321098
aws,2026-06-12,Lambda,eu-west-1,RequestCount,114.13,USD,123456789012
aws,2026-06-13,RDS,us-east-1,RDS:Multi-AZ-Storage,343.08,USD,123456789012
aws,2026-06-13,EC2,ap-southeast-1,IPAddress:EIP,419.03,USD,987654321098
aws,2026-06-13,ECS,ap-southeast-1,Fargate-GB-Hours,48.19,USD,123456789012
aws,2026-06-13,EKS,ap-south-1,EKS-Cluster-Hours,144.13,USD,987654321098
aws,2026-06-13,CloudFront,eu-west-1,Requests-HTTP-Proxy,85.37,USD,456789012345
aws,2026-06-13,DynamoDB,ap-south-1,ReadCapacityUnits,119.36,USD,456789012345
aws,2026-06-13,EKS,ap-southeast-1,EKS-Cluster-Hours,908.12,USD,123456789012
aws,2026-06-13,EC2,eu-west-1,IPAddress:EIP,610.17,USD,456789012345
aws,2026-06-13,Redshift,eu-west-1,Storage-ByteHrs,972.97,USD,456789012345
aws,2026-06-13,EC2,us-east-1,DataTransfer-Out-Bytes,102.79,USD,987654321098
aws,2026-06-13,ECS,us-east-1,Fargate-GB-Hours,60.11,USD,456789012345
aws,2026-06-13,ElastiCache,ap-southeast-1,NodeUsage:cache.t3.medium,262.58,USD,456789012345
aws,2026-06-13,CloudFront,us-east-1,Requests-HTTPS-Proxy,104.83,USD,987654321098
aws,2026-06-13,CloudFront,eu-central-1,DataTransfer-Out-Bytes,73.1,USD,456789012345
aws,2026-06-14,ElastiCache,us-west-2,NodeUsage:cache.t3.medium,164.07,USD,123456789012
aws,2026-06-14,Redshift,us-east-1,NodeUsage:dc2.large,372.09,USD,987654321098
aws,2026-06-14,EKS,us-east-1,Fargate-vCPU-Hours,282.09,USD,123456789012
aws,2026-06-14,CloudFront,us-west-2,Requests-HTTPS-Proxy,99.5,USD,456789012345
aws,2026-06-14,RDS,ap-southeast-1,RDS:ChargedBackupUsage,762.24,USD,456789012345
aws,2026-06-14,Redshift,eu-west-1,NodeUsage:dc2.large,618.64,USD,456789012345
aws,2026-06-14,EKS,ap-south-1,Fargate-vCPU-Hours,1237.76,USD,123456789012
aws,2026-06-14,Redshift,ap-south-1,NodeUsage:dc2.large,997.64,USD,123456789012
aws,2026-06-14,ECS,eu-west-1,Fargate-GB-Hours,81.6,USD,123456789012
aws,2026-06-14,ECS,eu-central-1,Fargate-GB-Hours,74.93,USD,456789012345
aws,2026-06-14,ECS,ap-southeast-1,Fargate-GB-Hours,21.7,USD,456789012345
aws,2026-06-14,DynamoDB,ap-southeast-1,IndexWriteCapacityUnits,4.59,USD,123456789012
aws,2026-06-14,EC2,eu-central-1,DataTransfer-Out-Bytes,40.69,USD,123456789012
aws,2026-06-14,S3,us-east-1,DataTransfer-Out-Bytes,75.45,USD,123456789012
aws,2026-06-14,Lambda,ap-south-1,Edge-ByteHrs,78.3,USD,456789012345
aws,2026-06-14,EKS,us-east-1,EKS-Cluster-Hours,797.11,USD,456789012345
aws,2026-06-14,EC2,eu-west-1,DataTransfer-Out-Bytes,181.75,USD,987654321098
aws,2026-06-14,EC2,ap-south-1,DataTransfer-Out-Bytes,529.2,USD,456789012345
aws,2026-06-15,CloudFront,us-east-1,Requests-HTTP-Proxy,67.02,USD,123456789012
aws,2026-06-15,ECS,eu-west-1,Fargate-GB-Hours,1.41,USD,123456789012
aws,2026-06-15,S3,ap-south-1,Requests-Tier1,34.77,USD,987654321098
aws,2026-06-15,EC2,us-west-2,DataTransfer-Out-Bytes,77.72,USD,987654321098
aws,2026-06-15,RDS,eu-central-1,InstanceUsage:db.t3.medium,679.4,USD,123456789012
aws,2026-06-15,EKS,us-west-2,EKS-Cluster-Hours,339.62,USD,123456789012
aws,2026-06-15,ECS,ap-southeast-1,Fargate-vCPU-Hours,9.64,USD,987654321098
aws,2026-06-15,Redshift,us-west-2,NodeUsage:dc2.large,287.57,USD,456789012345
aws,2026-06-15,EKS,eu-central-1,EKS-Cluster-Hours,1035.81,USD,456789012345
aws,2026-06-15,S3,ap-southeast-1,TimedStorage-ByteHrs,56.27,USD,987654321098
aws,2026-06-15,CloudFront,ap-southeast-1,Requests-HTTPS-Proxy,2.64,USD,987654321098
aws,2026-06-15,ECS,us-west-2,Fargate-GB-Hours,12.66,USD,123456789012
aws,2026-06-15,ECS,us-east-1,Fargate-GB-Hours,60.98,USD,123456789012
aws,2026-06-16,CloudFront,ap-southeast-1,Requests-HTTPS-Proxy,14.65,USD,987654321098
aws,2026-06-16,DynamoDB,ap-south-1,IndexWriteCapacityUnits,52.35,USD,987654321098
aws,2026-06-16,CloudFront,us-west-2,Requests-HTTPS-Proxy,83.27,USD,456789012345
aws,2026-06-16,DynamoDB,us-west-2,WriteCapacityUnits,91.89,USD,456789012345
aws,2026-06-16,ECS,us-west-2,Fargate-GB-Hours,117.2,USD,456789012345
aws,2026-06-16,S3,eu-central-1,Requests-Tier1,101.07,USD,987654321098
aws,2026-06-16,RDS,ap-southeast-1,RDS:Multi-AZ-Storage,1075.02,USD,456789012345
aws,2026-06-16,CloudFront,eu-west-1,Requests-HTTPS-Proxy,93.09,USD,456789012345
aws,2026-06-16,ECS,eu-west-1,Fargate-GB-Hours,1.54,USD,987654321098
aws,2026-06-17,ElastiCache,eu-west-1,NodeUsage:cache.r5.large,282.95,USD,123456789012
aws,2026-06-17,Lambda,eu-west-1,Lambda-GB-Second,31.65,USD,987654321098
aws,2026-06-17,S3,eu-central-1,Requests-Tier1,17.68,USD,123456789012
aws,2026-06-17,ElastiCache,ap-south-1,NodeUsage:cache.t3.medium,116.07,USD,123456789012
aws,2026-06-17,Lambda,eu-central-1,RequestCount,43.57,USD,987654321098
aws,2026-06-17,EC2,us-east-1,DataTransfer-Out-Bytes,180.0,USD,456789012345
aws,2026-06-17,S3,ap-south-1,Requests-Tier1,37.18,USD,123456789012
aws,2026-06-17,CloudFront,ap-southeast-1,Requests-HTTPS-Proxy,83.67,USD,456789012345
aws,2026-06-17,S3,us-east-1,Requests-Tier2,10.29,USD,123456789012
aws,2026-06-17,Lambda,us-west-2,Edge-ByteHrs,111.07,USD,987654321098
aws,2026-06-17,Lambda,ap-southeast-1,RequestCount,59.73,USD,456789012345
aws,2026-06-17,S3,eu-central-1,Requests-Tier1,62.03,USD,456789012345
aws,2026-06-18,Lambda,ap-southeast-1,RequestCount,103.74,USD,987654321098
aws,2026-06-18,ElastiCache,us-west-2,NodeUsage:cache.t3.medium,317.4,USD,456789012345
aws,2026-06-18,CloudFront,us-west-2,Requests-HTTPS-Proxy,5.46,USD,456789012345
aws,2026-06-18,DynamoDB,us-west-2,WriteCapacityUnits,47.1,USD,456789012345
aws,2026-06-18,Lambda,eu-west-1,Edge-ByteHrs,6.85,USD,456789012345
aws,2026-06-18,EKS,eu-west-1,EKS-Cluster-Hours,1142.14,USD,123456789012
aws,2026-06-18,CloudFront,us-east-1,DataTransfer-Out-Bytes,104.11,USD,987654321098
aws,2026-06-18,ElastiCache,ap-southeast-1,NodeUsage:cache.t3.medium,56.22,USD,987654321098
aws,2026-06-18,Lambda,eu-west-1,Lambda-GB-Second,13.65,USD,123456789012
aws,2026-06-18,EC2,us-west-2,BoxUsage:m5.2xlarge,615.31,USD,123456789012
aws,2026-06-19,CloudFront,us-east-1,Requests-HTTPS-Proxy,41.05,USD,456789012345
aws,2026-06-19,Redshift,eu-west-1,Storage-ByteHrs,781.56,USD,456789012345
aws,2026-06-19,S3,eu-west-1,Requests-Tier2,83.86,USD,456789012345
aws,2026-06-19,ECS,ap-south-1,Fargate-vCPU-Hours,36.32,USD,987654321098
aws,2026-06-19,RDS,eu-central-1,InstanceUsage:db.r5.xlarge,1007.89,USD,123456789012
aws,2026-06-19,S3,eu-west-1,Requests-Tier2,114.62,USD,987654321098
aws,2026-06-19,DynamoDB,eu-central-1,ReadCapacityUnits,20.15,USD,123456789012
aws,2026-06-19,RDS,eu-central-1,RDS:Multi-AZ-Storage,100.2,USD,456789012345
aws,2026-06-19,ElastiCache,ap-southeast-1,NodeUsage:cache.t3.medium,226.63,USD,456789012345
aws,2026-06-19,EC2,eu-central-1,BoxUsage:c5.xlarge,361.51,USD,987654321098
aws,2026-06-19,S3,ap-south-1,TimedStorage-ByteHrs,117.61,USD,456789012345
aws,2026-06-20,CloudFront,ap-south-1,Requests-HTTP-Proxy,101.78,USD,456789012345
aws,2026-06-20,EC2,ap-southeast-1,BoxUsage:m5.2xlarge,357.56,USD,456789012345
aws,2026-06-20,ECS,eu-central-1,Fargate-vCPU-Hours,72.11,USD,987654321098
aws,2026-06-20,S3,us-east-1,DataTransfer-Out-Bytes,36.77,USD,456789012345
aws,2026-06-20,CloudFront,eu-west-1,Requests-HTTP-Proxy,3.78,USD,987654321098
aws,2026-06-20,EC2,us-east-1,BoxUsage:t3.large,137.48,USD,456789012345
aws,2026-06-20,Redshift,eu-central-1,NodeUsage:dc2.large,563.17,USD,456789012345
aws,2026-06-21,ECS,eu-west-1,Fargate-vCPU-Hours,102.14,USD,987654321098
aws,2026-06-21,CloudFront,ap-south-1,Requests-HTTP-Proxy,100.9,USD,123456789012
aws,2026-06-21,Lambda,us-east-1,RequestCount,8.52,USD,456789012345
aws,2026-06-21,S3,us-west-2,TimedStorage-ByteHrs,77.86,USD,123456789012
aws,2026-06-21,Redshift,eu-central-1,NodeUsage:dc2.large,386.46,USD,123456789012
aws,2026-06-21,ElastiCache,eu-central-1,NodeUsage:cache.t3.medium,62.1,USD,456789012345
aws,2026-06-21,DynamoDB,us-west-2,ReadCapacityUnits,107.41,USD,123456789012
aws,2026-06-22,Redshift,ap-south-1,NodeUsage:dc2.large,293.13,USD,123456789012
aws,2026-06-22,EKS,ap-southeast-1,Fargate-vCPU-Hours,568.03,USD,123456789012
aws,2026-06-22,EC2,ap-southeast-1,IPAddress:EIP,384.14,USD,987654321098
aws,2026-06-22,EKS,us-west-2,EKS-Cluster-Hours,884.79,USD,456789012345
aws,2026-06-22,EKS,us-west-2,Fargate-vCPU-Hours,93.05,USD,456789012345
aws,2026-06-23,Redshift,ap-southeast-1,Storage-ByteHrs,339.24,USD,123456789012
aws,2026-06-23,Lambda,ap-southeast-1,Edge-ByteHrs,90.32,USD,987654321098
aws,2026-06-23,ElastiCache,eu-west-1,NodeUsage:cache.t3.medium,497.19,USD,987654321098
aws,2026-06-23,EKS,ap-southeast-1,Fargate-vCPU-Hours,1385.32,USD,987654321098
aws,2026-06-23,Redshift,us-west-2,NodeUsage:dc2.large,271.35,USD,987654321098
aws,2026-06-23,Lambda,eu-west-1,Edge-ByteHrs,61.67,USD,987654321098
aws,2026-06-23,CloudFront,us-east-1,Requests-HTTPS-Proxy,17.09,USD,456789012345
aws,2026-06-23,ElastiCache,ap-south-1,NodeUsage:cache.r5.large,622.91,USD,456789012345
aws,2026-06-23,Redshift,us-west-2,NodeUsage:dc2.large,531.03,USD,987654321098
aws,2026-06-23,CloudFront,us-west-2,Requests-HTTP-Proxy,74.84,USD,456789012345
aws,2026-06-23,EKS,eu-central-1,EKS-Cluster-Hours,44.81,USD,987654321098
aws,2026-06-23,CloudFront,ap-southeast-1,Requests-HTTPS-Proxy,1.11,USD,456789012345
aws,2026-06-24,ECS,us-west-2,Fargate-vCPU-Hours,31.06,USD,456789012345
aws,2026-06-24,RDS,us-west-2,InstanceUsage:db.t3.medium,757.23,USD,456789012345
aws,2026-06-24,Lambda,ap-southeast-1,Edge-ByteHrs,28.3,USD,123456789012
aws,2026-06-24,ECS,eu-west-1,Fargate-vCPU-Hours,100.91,USD,456789012345
aws,2026-06-24,EKS,ap-southeast-1,Fargate-vCPU-Hours,762.09,USD,987654321098
aws,2026-06-24,RDS,us-west-2,InstanceUsage:db.r5.xlarge,264.23,USD,456789012345
aws,2026-06-24,S3,eu-west-1,DataTransfer-Out-Bytes,87.16,USD,456789012345
aws,2026-06-25,EC2,ap-south-1,DataTransfer-Out-Bytes,505.35,USD,987654321098
aws,2026-06-25,CloudFront,ap-south-1,Requests-HTTPS-Proxy,7.41,USD,987654321098
aws,2026-06-25,CloudFront,eu-west-1,Requests-HTTP-Proxy,77.06,USD,456789012345
aws,2026-06-25,RDS,eu-central-1,InstanceUsage:db.r5.xlarge,602.52,USD,123456789012
aws,2026-06-25,DynamoDB,ap-south-1,ReadCapacityUnits,111.46,USD,123456789012
aws,2026-06-25,ECS,us-west-2,Fargate-vCPU-Hours,36.24,USD,987654321098
aws,2026-06-25,CloudFront,eu-central-1,DataTransfer-Out-Bytes,78.06,USD,456789012345
aws,2026-06-25,ElastiCache,us-east-1,NodeUsage:cache.r5.large,90.92,USD,987654321098
aws,2026-06-25,ElastiCache,ap-south-1,NodeUsage:cache.t3.medium,126.22,USD,456789012345
aws,2026-06-25,ECS,eu-central-1,Fargate-vCPU-Hours,20.47,USD,987654321098
aws,2026-06-26,Lambda,eu-central-1,RequestCount,119.42,USD,987654321098
aws,2026-06-26,DynamoDB,eu-central-1,IndexWriteCapacityUnits,60.13,USD,987654321098
aws,2026-06-26,DynamoDB,ap-southeast-1,TimedStorage-ByteHrs,119.92,USD,123456789012
aws,2026-06-26,EC2,us-west-2,DataTransfer-Out-Bytes,317.34,USD,987654321098
aws,2026-06-26,Redshift,us-west-2,Storage-ByteHrs,582.37,USD,987654321098
aws,2026-06-26,DynamoDB,us-west-2,ReadCapacityUnits,97.71,USD,987654321098
aws,2026-06-26,ElastiCache,us-east-1,NodeUsage:cache.t3.medium,444.78,USD,987654321098
aws,2026-06-26,Lambda,us-east-1,Lambda-GB-Second,59.24,USD,987654321098
aws,2026-06-26,CloudFront,us-west-2,Requests-HTTP-Proxy,62.85,USD,456789012345
aws,2026-06-26,RDS,eu-west-1,InstanceUsage:db.r5.xlarge,266.94,USD,987654321098
aws,2026-06-26,RDS,eu-central-1,RDS:ChargedBackupUsage,271.94,USD,123456789012
aws,2026-06-26,EKS,ap-south-1,EKS-Cluster-Hours,96.85,USD,456789012345
aws,2026-06-26,RDS,eu-west-1,RDS:ChargedBackupUsage,1205.88,USD,456789012345
aws,2026-06-27,ECS,eu-central-1,Fargate-vCPU-Hours,102.3,USD,987654321098
aws,2026-06-27,Redshift,us-west-2,Storage-ByteHrs,610.47,USD,123456789012
aws,2026-06-27,Lambda,us-east-1,Edge-ByteHrs,55.93,USD,123456789012
aws,2026-06-27,Redshift,ap-southeast-1,Storage-ByteHrs,1341.93,USD,123456789012
aws,2026-06-27,EC2,eu-west-1,BoxUsage:t3.large,247.7,USD,456789012345
aws,2026-06-27,RDS,eu-west-1,RDS:Multi-AZ-Storage,1051.59,USD,123456789012
aws,2026-06-27,Lambda,eu-west-1,RequestCount,116.46,USD,987654321098
aws,2026-06-27,Redshift,ap-southeast-1,Storage-ByteHrs,1146.94,USD,456789012345
aws,2026-06-27,S3,eu-central-1,TimedStorage-ByteHrs,57.26,USD,456789012345
aws,2026-06-27,RDS,us-west-2,InstanceUsage:db.r5.xlarge,103.07,USD,987654321098
aws,2026-06-27,ElastiCache,ap-south-1,NodeUsage:cache.t3.medium,370.13,USD,456789012345
aws,2026-06-27,Lambda,ap-southeast-1,Edge-ByteHrs,28.8,USD,123456789012
aws,2026-06-27,CloudFront,ap-south-1,Requests-HTTP-Proxy,64.65,USD,456789012345
aws,2026-06-27,S3,ap-south-1,Requests-Tier1,75.6,USD,123456789012
aws,2026-06-27,Lambda,eu-central-1,RequestCount,82.21,USD,987654321098
aws,2026-06-27,ECS,ap-south-1,Fargate-GB-Hours,96.29,USD,123456789012
aws,2026-06-27,Redshift,ap-southeast-1,NodeUsage:dc2.large,1140.88,USD,456789012345
aws,2026-06-28,S3,eu-central-1,DataTransfer-Out-Bytes,104.75,USD,123456789012
aws,2026-06-28,ElastiCache,eu-central-1,NodeUsage:cache.r5.large,45.7,USD,123456789012
aws,2026-06-28,EKS,us-west-2,Fargate-vCPU-Hours,1092.2,USD,456789012345
aws,2026-06-28,Lambda,us-west-2,Lambda-GB-Second,87.83,USD,456789012345
aws,2026-06-28,EKS,us-west-2,Fargate-vCPU-Hours,485.93,USD,987654321098
aws,2026-06-28,ElastiCache,us-east-1,NodeUsage:cache.t3.medium,446.49,USD,987654321098
aws,2026-06-28,S3,ap-southeast-1,Requests-Tier1,62.55,USD,123456789012
aws,2026-06-28,CloudFront,eu-central-1,Requests-HTTP-Proxy,105.73,USD,123456789012
aws,2026-06-28,ECS,us-west-2,Fargate-GB-Hours,102.38,USD,987654321098
aws,2026-06-28,Lambda,ap-southeast-1,RequestCount,14.68,USD,456789012345
aws,2026-06-28,ECS,eu-central-1,Fargate-vCPU-Hours,72.29,USD,123456789012
aws,2026-06-28,ElastiCache,eu-west-1,NodeUsage:cache.r5.large,145.7,USD,123456789012
aws,2026-06-28,S3,eu-west-1,TimedStorage-ByteHrs,7.44,USD,456789012345
aws,2026-06-28,ECS,eu-west-1,Fargate-vCPU-Hours,12.86,USD,456789012345
aws,2026-06-29,RDS,ap-southeast-1,InstanceUsage:db.r5.xlarge,341.97,USD,987654321098
aws,2026-06-29,DynamoDB,eu-west-1,TimedStorage-ByteHrs,21.89,USD,123456789012
aws,2026-06-29,RDS,ap-south-1,InstanceUsage:db.r5.xlarge,1430.25,USD,123456789012
aws,2026-06-29,Lambda,ap-southeast-1,Edge-ByteHrs,84.49,USD,123456789012
aws,2026-06-29,S3,us-west-2,TimedStorage-ByteHrs,50.59,USD,987654321098
aws,2026-06-29,RDS,us-east-1,InstanceUsage:db.t3.medium,225.14,USD,987654321098
aws,2026-06-29,RDS,eu-west-1,InstanceUsage:db.r5.xlarge,1146.32,USD,987654321098
aws,2026-06-29,DynamoDB,us-west-2,TimedStorage-ByteHrs,47.96,USD,123456789012
aws,2026-06-29,Redshift,ap-south-1,NodeUsage:dc2.large,1092.8,USD,987654321098
aws,2026-06-29,EKS,eu-west-1,Fargate-vCPU-Hours,36.26,USD,987654321098
aws,2026-06-29,Redshift,eu-west-1,Storage-ByteHrs,166.17,USD,456789012345
aws,2026-06-30,ElastiCache,us-west-2,NodeUsage:cache.t3.medium,596.13,USD,456789012345
aws,2026-06-30,Lambda,eu-central-1,Edge-ByteHrs,38.15,USD,987654321098
aws,2026-06-30,Lambda,us-west-2,RequestCount,97.08,USD,456789012345
aws,2026-06-30,S3,us-east-1,Requests-Tier2,44.92,USD,123456789012
aws,2026-06-30,EKS,eu-central-1,EKS-Cluster-Hours,1269.23,USD,456789012345
aws,2026-06-30,ECS,eu-central-1,Fargate-vCPU-Hours,14.42,USD,456789012345
aws,2026-06-30,EKS,us-west-2,Fargate-vCPU-Hours,960.13,USD,123456789012
aws,2026-06-30,CloudFront,us-east-1,Requests-HTTPS-Proxy,115.41,USD,987654321098
aws,2026-06-30,Redshift,eu-west-1,Storage-ByteHrs,1175.56,USD,456789012345
aws,2026-06-30,ElastiCache,ap-southeast-1,NodeUsage:cache.r5.large,31.31,USD,987654321098
aws,2026-06-30,DynamoDB,eu-west-1,IndexWriteCapacityUnits,54.08,USD,456789012345
aws,2026-06-30,ElastiCache,us-west-2,NodeUsage:cache.t3.medium,520.01,USD,987654321098
aws,2026-06-30,EKS,eu-west-1,EKS-Cluster-Hours,1305.13,USD,987654321098
aws,2026-07-01,Lambda,ap-southeast-1,RequestCount,8.44,USD,456789012345
aws,2026-07-01,RDS,us-east-1,RDS:Multi-AZ-Storage,180.84,USD,456789012345
aws,2026-07-01,EC2,eu-west-1,DataTransfer-Out-Bytes,325.6,USD,123456789012
aws,2026-07-01,ElastiCache,ap-southeast-1,NodeUsage:cache.r5.large,97.7,USD,123456789012
aws,2026-07-01,S3,us-west-2,Requests-Tier1,5.08,USD,123456789012
aws,2026-07-01,ElastiCache,ap-southeast-1,NodeUsage:cache.t3.medium,429.41,USD,456789012345
aws,2026-07-01,CloudFront,us-west-2,DataTransfer-Out-Bytes,75.08,USD,456789012345
aws,2026-07-01,ElastiCache,us-west-2,NodeUsage:cache.t3.medium,135.92,USD,456789012345
aws,2026-07-01,EKS,eu-west-1,Fargate-vCPU-Hours,447.32,USD,123456789012
aws,2026-07-02,DynamoDB,us-west-2,TimedStorage-ByteHrs,38.47,USD,987654321098
aws,2026-07-02,ElastiCache,us-east-1,NodeUsage:cache.t3.medium,229.09,USD,456789012345
aws,2026-07-02,S3,eu-west-1,Requests-Tier1,118.22,USD,123456789012
aws,2026-07-02,ECS,us-east-1,Fargate-GB-Hours,67.74,USD,123456789012
aws,2026-07-02,ECS,us-west-2,Fargate-GB-Hours,50.04,USD,123456789012
aws,2026-07-02,EC2,ap-south-1,IPAddress:EIP,521.29,USD,456789012345
aws,2026-07-02,Lambda,eu-central-1,Edge-ByteHrs,94.22,USD,456789012345
aws,2026-07-02,Redshift,ap-southeast-1,NodeUsage:dc2.large,874.41,USD,456789012345
aws,2026-07-02,S3,ap-south-1,DataTransfer-Out-Bytes,54.26,USD,987654321098
aws,2026-07-02,ECS,ap-southeast-1,Fargate-GB-Hours,69.5,USD,456789012345
aws,2026-07-02,DynamoDB,ap-southeast-1,WriteCapacityUnits,30.01,USD,987654321098
aws,2026-07-02,S3,ap-south-1,TimedStorage-ByteHrs,59.83,USD,123456789012
aws,2026-07-02,EKS,us-west-2,Fargate-vCPU-Hours,53.14,USD,456789012345
aws,2026-07-03,CloudFront,us-west-2,Requests-HTTPS-Proxy,102.37,USD,456789012345
aws,2026-07-03,ElastiCache,us-east-1,NodeUsage:cache.r5.large,148.03,USD,456789012345
aws,2026-07-03,ECS,us-east-1,Fargate-GB-Hours,23.63,USD,456789012345
aws,2026-07-03,ElastiCache,us-west-2,NodeUsage:cache.t3.medium,463.84,USD,456789012345
aws,2026-07-03,EKS,us-east-1,EKS-Cluster-Hours,473.6,USD,987654321098
aws,2026-07-03,ElastiCache,eu-west-1,NodeUsage:cache.r5.large,644.25,USD,123456789012
aws,2026-07-03,ECS,ap-south-1,Fargate-vCPU-Hours,10.61,USD,456789012345
aws,2026-07-04,DynamoDB,ap-south-1,TimedStorage-ByteHrs,49.1,USD,456789012345
aws,2026-07-04,CloudFront,us-west-2,DataTransfer-Out-Bytes,119.52,USD,987654321098
aws,2026-07-04,ElastiCache,ap-south-1,NodeUsage:cache.r5.large,74.0,USD,987654321098
aws,2026-07-04,ElastiCache,eu-west-1,NodeUsage:cache.r5.large,33.82,USD,987654321098
aws,2026-07-04,CloudFront,eu-west-1,DataTransfer-Out-Bytes,44.83,USD,456789012345
aws,2026-07-04,RDS,us-west-2,RDS:Multi-AZ-Storage,1061.09,USD,123456789012
aws,2026-07-04,EKS,us-east-1,EKS-Cluster-Hours,1361.43,USD,456789012345
aws,2026-07-04,S3,us-east-1,Requests-Tier2,24.57,USD,123456789012
aws,2026-07-04,EC2,ap-southeast-1,BoxUsage:c5.xlarge,294.82,USD,456789012345
aws,2026-07-05,EC2,us-west-2,BoxUsage:t3.large,592.74,USD,987654321098
aws,2026-07-05,CloudFront,ap-south-1,DataTransfer-Out-Bytes,65.54,USD,456789012345
aws,2026-07-05,S3,us-west-2,TimedStorage-ByteHrs,88.18,USD,456789012345
aws,2026-07-05,Redshift,ap-southeast-1,NodeUsage:dc2.large,221.18,USD,123456789012
aws,2026-07-06,Redshift,ap-south-1,Storage-ByteHrs,1131.05,USD,123456789012
aws,2026-07-06,S3,eu-west-1,Requests-Tier2,54.72,USD,987654321098
aws,2026-07-06,RDS,us-east-1,RDS:ChargedBackupUsage,591.23,USD,456789012345
aws,2026-07-06,S3,ap-southeast-1,DataTransfer-Out-Bytes,106.53,USD,123456789012
aws,2026-07-06,RDS,us-east-1,InstanceUsage:db.r5.xlarge,1377.24,USD,123456789012
aws,2026-07-06,ElastiCache,ap-southeast-1,NodeUsage:cache.r5.large,155.11,USD,456789012345
aws,2026-07-06,DynamoDB,ap-southeast-1,ReadCapacityUnits,17.99,USD,987654321098
aws,2026-07-06,ElastiCache,eu-central-1,NodeUsage:cache.t3.medium,191.17,USD,987654321098
aws,2026-07-06,RDS,us-east-1,RDS:Multi-AZ-Storage,408.36,USD,123456789012
aws,2026-07-06,DynamoDB,ap-south-1,IndexWriteCapacityUnits,63.55,USD,123456789012
aws,2026-07-06,S3,eu-central-1,Requests-Tier2,37.32,USD,123456789012
aws,2026-07-06,Redshift,eu-central-1,Storage-ByteHrs,1144.13,USD,987654321098
aws,2026-07-07,EKS,eu-central-1,Fargate-vCPU-Hours,295.6,USD,123456789012
aws,2026-07-07,Redshift,eu-west-1,Storage-ByteHrs,1208.79,USD,123456789012
aws,2026-07-07,Lambda,us-west-2,Edge-ByteHrs,37.55,USD,987654321098
aws,2026-07-07,Lambda,eu-central-1,Edge-ByteHrs,49.39,USD,987654321098
aws,2026-07-07,Redshift,us-west-2,NodeUsage:dc2.large,1167.22,USD,123456789012
aws,2026-07-07,EKS,eu-west-1,EKS-Cluster-Hours,594.54,USD,987654321098
aws,2026-07-07,S3,ap-southeast-1,DataTransfer-Out-Bytes,82.26,USD,456789012345
aws,2026-07-07,RDS,ap-southeast-1,RDS:ChargedBackupUsage,597.17,USD,123456789012
aws,2026-07-07,CloudFront,us-east-1,DataTransfer-Out-Bytes,112.07,USD,987654321098
aws,2026-07-08,RDS,eu-central-1,InstanceUsage:db.r5.xlarge,626.24,USD,456789012345
aws,2026-07-08,EKS,ap-south-1,EKS-Cluster-Hours,337.68,USD,987654321098
aws,2026-07-08,Redshift,eu-central-1,Storage-ByteHrs,894.62,USD,456789012345
aws,2026-07-08,DynamoDB,us-east-1,WriteCapacityUnits,117.98,USD,456789012345
aws,2026-07-08,EC2,ap-south-1,IPAddress:EIP,226.34,USD,123456789012
aws,2026-07-08,DynamoDB,ap-southeast-1,WriteCapacityUnits,63.28,USD,123456789012
aws,2026-07-08,EKS,us-west-2,EKS-Cluster-Hours,404.42,USD,123456789012
aws,2026-07-08,EC2,ap-south-1,DataTransfer-Out-Bytes,498.53,USD,456789012345
aws,2026-07-08,ECS,eu-west-1,Fargate-vCPU-Hours,69.18,USD,456789012345
aws,2026-07-08,ECS,eu-central-1,Fargate-vCPU-Hours,26.28,USD,987654321098
aws,2026-07-08,S3,eu-west-1,Requests-Tier1,71.22,USD,456789012345
aws,2026-07-08,Lambda,us-east-1,RequestCount,69.95,USD,456789012345
aws,2026-07-08,CloudFront,eu-central-1,Requests-HTTP-Proxy,48.13,USD,123456789012
aws,2026-07-08,EC2,ap-southeast-1,BoxUsage:m5.2xlarge,150.44,USD,987654321098
aws,2026-07-09,EC2,ap-southeast-1,BoxUsage:t3.large,599.15,USD,987654321098
aws,2026-07-09,EKS,us-east-1,Fargate-vCPU-Hours,540.61,USD,456789012345
aws,2026-07-09,S3,us-east-1,Requests-Tier2,112.18,USD,456789012345
aws,2026-07-09,S3,us-east-1,TimedStorage-ByteHrs,16.59,USD,456789012345
aws,2026-07-09,RDS,us-east-1,InstanceUsage:db.r5.xlarge,1239.1,USD,123456789012
aws,2026-07-09,S3,ap-southeast-1,TimedStorage-ByteHrs,50.67,USD,123456789012
aws,2026-07-09,EKS,ap-south-1,Fargate-vCPU-Hours,1030.27,USD,456789012345
aws,2026-07-09,ElastiCache,us-west-2,NodeUsage:cache.r5.large,104.35,USD,123456789012
aws,2026-07-09,Redshift,us-east-1,Storage-ByteHrs,163.72,USD,987654321098
aws,2026-07-09,S3,ap-south-1,Requests-Tier2,11.27,USD,123456789012
aws,2026-07-09,EKS,ap-south-1,Fargate-vCPU-Hours,869.04,USD,987654321098
aws,2026-07-09,ECS,us-west-2,Fargate-vCPU-Hours,95.16,USD,123456789012
aws,2026-07-09,ElastiCache,us-east-1,NodeUsage:cache.t3.medium,29.69,USD,987654321098
aws,2026-07-10,EKS,us-west-2,Fargate-vCPU-Hours,886.88,USD,987654321098
aws,2026-07-10,EKS,ap-southeast-1,EKS-Cluster-Hours,958.26,USD,987654321098
aws,2026-07-10,RDS,us-west-2,RDS:Multi-AZ-Storage,264.24,USD,987654321098
aws,2026-07-10,CloudFront,eu-west-1,Requests-HTTP-Proxy,67.31,USD,987654321098
aws,2026-07-10,ElastiCache,eu-west-1,NodeUsage:cache.t3.medium,473.67,USD,456789012345
aws,2026-07-10,RDS,us-west-2,RDS:Multi-AZ-Storage,1244.06,USD,456789012345
aws,2026-07-10,CloudFront,ap-southeast-1,Requests-HTTP-Proxy,76.98,USD,987654321098
aws,2026-07-10,ECS,eu-central-1,Fargate-GB-Hours,26.94,USD,123456789012
aws,2026-07-10,Redshift,us-east-1,NodeUsage:dc2.large,1404.87,USD,456789012345
aws,2026-07-10,EKS,ap-south-1,EKS-Cluster-Hours,692.52,USD,456789012345
aws,2026-07-11,RDS,ap-southeast-1,InstanceUsage:db.r5.xlarge,1028.04,USD,456789012345
aws,2026-07-11,S3,us-east-1,Requests-Tier1,81.42,USD,456789012345
aws,2026-07-11,EKS,eu-west-1,Fargate-vCPU-Hours,1074.97,USD,456789012345
aws,2026-07-11,ECS,ap-south-1,Fargate-GB-Hours,17.42,USD,456789012345
aws,2026-07-11,CloudFront,us-east-1,Requests-HTTPS-Proxy,57.27,USD,123456789012
aws,2026-07-11,Lambda,eu-central-1,Edge-ByteHrs,92.49,USD,456789012345
aws,2026-07-11,DynamoDB,ap-south-1,TimedStorage-ByteHrs,19.39,USD,987654321098
aws,2026-07-11,Redshift,eu-west-1,NodeUsage:dc2.large,786.49,USD,987654321098
aws,2026-07-11,Lambda,eu-central-1,Edge-ByteHrs,43.56,USD,123456789012
aws,2026-07-11,ECS,us-east-1,Fargate-GB-Hours,23.94,USD,456789012345
aws,2026-07-11,EKS,eu-central-1,Fargate-vCPU-Hours,611.42,USD,987654321098
aws,2026-07-12,DynamoDB,eu-central-1,TimedStorage-ByteHrs,35.33,USD,123456789012
aws,2026-07-12,EC2,eu-central-1,DataTransfer-Out-Bytes,90.6,USD,123456789012
aws,2026-07-12,Redshift,ap-south-1,NodeUsage:dc2.large,749.79,USD,987654321098
aws,2026-07-12,EKS,eu-west-1,Fargate-vCPU-Hours,686.58,USD,456789012345
aws,2026-07-12,RDS,eu-west-1,RDS:ChargedBackupUsage,525.99,USD,456789012345
aws,2026-07-12,EC2,us-west-2,BoxUsage:m5.2xlarge,161.25,USD,987654321098
aws,2026-07-12,CloudFront,ap-south-1,Requests-HTTPS-Proxy,76.25,USD,987654321098
aws,2026-07-12,RDS,us-east-1,RDS:ChargedBackupUsage,66.64,USD,456789012345
aws,2026-07-12,ECS,eu-central-1,Fargate-GB-Hours,84.36,USD,123456789012
aws,2026-07-13,S3,ap-southeast-1,DataTransfer-Out-Bytes,21.9,USD,987654321098
aws,2026-07-13,ElastiCache,eu-central-1,NodeUsage:cache.t3.medium,136.3,USD,123456789012
aws,2026-07-13,Redshift,us-east-1,NodeUsage:dc2.large,656.44,USD,987654321098
aws,2026-07-13,EKS,us-east-1,Fargate-vCPU-Hours,183.02,USD,987654321098
aws,2026-07-13,DynamoDB,eu-west-1,TimedStorage-ByteHrs,7.24,USD,456789012345
aws,2026-07-13,EKS,us-west-2,EKS-Cluster-Hours,30.88,USD,456789012345
aws,2026-07-13,ElastiCache,ap-south-1,NodeUsage:cache.r5.large,529.29,USD,123456789012
aws,2026-07-13,S3,eu-central-1,Requests-Tier1,63.82,USD,987654321098
aws,2026-07-13,RDS,us-east-1,InstanceUsage:db.t3.medium,593.21,USD,987654321098
aws,2026-07-13,EC2,ap-south-1,IPAddress:EIP,489.11,USD,123456789012
aws,2026-07-14,Redshift,ap-southeast-1,Storage-ByteHrs,475.5,USD,456789012345
aws,2026-07-14,Redshift,eu-central-1,NodeUsage:dc2.large,322.67,USD,987654321098
aws,2026-07-14,Lambda,eu-west-1,Lambda-GB-Second,27.1,USD,987654321098
aws,2026-07-14,EKS,eu-west-1,EKS-Cluster-Hours,1152.87,USD,456789012345
aws,2026-07-14,Redshift,us-east-1,Storage-ByteHrs,387.69,USD,123456789012
aws,2026-07-14,EC2,us-east-1,BoxUsage:m5.2xlarge,104.28,USD,456789012345
aws,2026-07-14,EKS,ap-south-1,EKS-Cluster-Hours,1122.72,USD,987654321098
aws,2026-07-14,RDS,eu-central-1,RDS:ChargedBackupUsage,312.75,USD,987654321098
aws,2026-07-14,S3,ap-southeast-1,Requests-Tier1,86.84,USD,123456789012
aws,2026-07-14,CloudFront,eu-central-1,Requests-HTTP-Proxy,40.31,USD,123456789012
aws,2026-07-14,RDS,eu-west-1,InstanceUsage:db.t3.medium,635.61,USD,456789012345
aws,2026-07-14,DynamoDB,ap-south-1,WriteCapacityUnits,87.24,USD,456789012345
aws,2026-07-14,Lambda,ap-south-1,Edge-ByteHrs,5.4,USD,123456789012
aws,2026-07-15,CloudFront,us-east-1,DataTransfer-Out-Bytes,11.74,USD,987654321098
aws,2026-07-15,CloudFront,ap-southeast-1,Requests-HTTP-Proxy,53.24,USD,987654321098
aws,2026-07-15,RDS,us-east-1,InstanceUsage:db.r5.xlarge,1104.2,USD,987654321098
aws,2026-07-15,EC2,ap-south-1,BoxUsage:c5.xlarge,128.55,USD,456789012345
aws,2026-07-15,CloudFront,eu-central-1,Requests-HTTP-Proxy,86.7,USD,456789012345
aws,2026-07-15,EC2,eu-central-1,BoxUsage:c5.xlarge,291.0,USD,456789012345
aws,2026-07-15,EKS,ap-southeast-1,EKS-Cluster-Hours,947.11,USD,123456789012
aws,2026-07-15,EKS,us-west-2,EKS-Cluster-Hours,548.05,USD,123456789012
aws,2026-07-15,CloudFront,us-east-1,DataTransfer-Out-Bytes,51.49,USD,987654321098
aws,2026-07-16,S3,eu-west-1,Requests-Tier2,14.53,USD,987654321098
aws,2026-07-16,Redshift,us-west-2,Storage-ByteHrs,256.2,USD,123456789012
aws,2026-07-16,RDS,eu-central-1,InstanceUsage:db.t3.medium,1077.63,USD,456789012345
aws,2026-07-16,ECS,eu-west-1,Fargate-GB-Hours,104.37,USD,987654321098
aws,2026-07-16,Redshift,ap-south-1,Storage-ByteHrs,961.46,USD,456789012345
aws,2026-07-16,Lambda,us-east-1,RequestCount,105.23,USD,456789012345
aws,2026-07-16,EC2,us-east-1,BoxUsage:m5.2xlarge,260.45,USD,987654321098
aws,2026-07-16,S3,ap-southeast-1,Requests-Tier2,0.66,USD,123456789012
aws,2026-07-16,DynamoDB,us-west-2,ReadCapacityUnits,64.68,USD,123456789012
aws,2026-07-16,EC2,us-west-2,DataTransfer-Out-Bytes,189.96,USD,987654321098
aws,2026-07-16,RDS,us-west-2,RDS:Multi-AZ-Storage,992.02,USD,987654321098
aws,2026-07-16,EC2,us-east-1,DataTransfer-Out-Bytes,608.88,USD,987654321098
aws,2026-07-16,Lambda,us-west-2,RequestCount,24.12,USD,123456789012
aws,2026-07-16,Redshift,us-east-1,Storage-ByteHrs,1321.99,USD,987654321098
aws,2026-07-17,DynamoDB,us-east-1,WriteCapacityUnits,45.71,USD,123456789012
aws,2026-07-17,DynamoDB,eu-west-1,IndexWriteCapacityUnits,117.74,USD,456789012345
aws,2026-07-17,Redshift,eu-central-1,NodeUsage:dc2.large,567.04,USD,456789012345
aws,2026-07-17,Redshift,eu-central-1,Storage-ByteHrs,88.18,USD,123456789012
aws,2026-07-17,DynamoDB,ap-south-1,IndexWriteCapacityUnits,114.89,USD,123456789012
aws,2026-07-17,Redshift,eu-central-1,NodeUsage:dc2.large,1446.73,USD,987654321098
aws,2026-07-17,Lambda,ap-southeast-1,RequestCount,31.91,USD,987654321098
aws,2026-07-17,Redshift,eu-central-1,Storage-ByteHrs,687.2,USD,123456789012
aws,2026-07-17,ECS,ap-south-1,Fargate-vCPU-Hours,31.6,USD,123456789012
aws,2026-07-17,ElastiCache,us-west-2,NodeUsage:cache.r5.large,302.24,USD,123456789012
aws,2026-07-17,RDS,ap-south-1,InstanceUsage:db.t3.medium,579.5,USD,987654321098
aws,2026-07-17,ECS,eu-west-1,Fargate-GB-Hours,79.27,USD,456789012345
aws,2026-07-17,ElastiCache,ap-southeast-1,NodeUsage:cache.t3.medium,549.41,USD,987654321098
aws,2026-07-17,ElastiCache,eu-central-1,NodeUsage:cache.r5.large,97.29,USD,123456789012
aws,2026-07-17,ElastiCache,eu-central-1,NodeUsage:cache.t3.medium,149.79,USD,123456789012
aws,2026-07-17,ECS,us-east-1,Fargate-vCPU-Hours,19.68,USD,123456789012
aws,2026-07-17,S3,ap-southeast-1,TimedStorage-ByteHrs,91.14,USD,987654321098
aws,2026-07-18,Redshift,ap-south-1,NodeUsage:dc2.large,246.7,USD,123456789012
aws,2026-07-18,CloudFront,eu-west-1,Requests-HTTPS-Proxy,97.83,USD,456789012345
aws,2026-07-18,CloudFront,eu-central-1,Requests-HTTPS-Proxy,94.74,USD,123456789012
aws,2026-07-18,ElastiCache,us-east-1,NodeUsage:cache.t3.medium,33.26,USD,123456789012
aws,2026-07-18,RDS,eu-central-1,RDS:ChargedBackupUsage,971.4,USD,456789012345
aws,2026-07-18,S3,ap-southeast-1,TimedStorage-ByteHrs,62.26,USD,456789012345
aws,2026-07-18,DynamoDB,ap-southeast-1,WriteCapacityUnits,35.44,USD,987654321098
aws,2026-07-18,Redshift,ap-south-1,Storage-ByteHrs,916.12,USD,123456789012
aws,2026-07-18,ECS,us-west-2,Fargate-vCPU-Hours,72.88,USD,456789012345
aws,2026-07-18,ElastiCache,ap-south-1,NodeUsage:cache.t3.medium,131.14,USD,123456789012
aws,2026-07-19,EKS,ap-southeast-1,EKS-Cluster-Hours,651.82,USD,987654321098
aws,2026-07-19,EC2,ap-southeast-1,BoxUsage:c5.xlarge,116.71,USD,456789012345
aws,2026-07-19,EKS,us-east-1,EKS-Cluster-Hours,943.18,USD,987654321098
aws,2026-07-19,CloudFront,ap-south-1,DataTransfer-Out-Bytes,105.61,USD,456789012345
aws,2026-07-19,ElastiCache,us-west-2,NodeUsage:cache.t3.medium,357.57,USD,456789012345
aws,2026-07-19,CloudFront,eu-central-1,Requests-HTTPS-Proxy,115.87,USD,456789012345
aws,2026-07-19,RDS,ap-south-1,InstanceUsage:db.t3.medium,572.8,USD,123456789012
aws,2026-07-19,ECS,eu-west-1,Fargate-vCPU-Hours,35.93,USD,123456789012
aws,2026-07-19,DynamoDB,us-west-2,WriteCapacityUnits,1.33,USD,987654321098
aws,2026-07-19,ECS,ap-southeast-1,Fargate-GB-Hours,22.21,USD,123456789012
aws,2026-07-19,Redshift,us-east-1,Storage-ByteHrs,391.72,USD,456789012345
aws,2026-07-19,S3,eu-west-1,DataTransfer-Out-Bytes,100.25,USD,123456789012
aws,2026-07-20,ElastiCache,us-west-2,NodeUsage:cache.r5.large,627.81,USD,987654321098
aws,2026-07-20,ElastiCache,us-west-2,NodeUsage:cache.t3.medium,615.9,USD,456789012345
aws,2026-07-20,Redshift,ap-south-1,NodeUsage:dc2.large,98.18,USD,456789012345
aws,2026-07-20,ElastiCache,us-east-1,NodeUsage:cache.r5.large,289.63,USD,123456789012
aws,2026-07-20,DynamoDB,eu-central-1,WriteCapacityUnits,44.29,USD,987654321098
aws,2026-07-20,CloudFront,ap-southeast-1,Requests-HTTPS-Proxy,41.38,USD,987654321098
aws,2026-07-20,ElastiCache,eu-central-1,NodeUsage:cache.r5.large,333.06,USD,123456789012
aws,2026-07-21,CloudFront,ap-southeast-1,Requests-HTTPS-Proxy,14.01,USD,456789012345
aws,2026-07-21,EKS,eu-west-1,Fargate-vCPU-Hours,391.18,USD,123456789012
aws,2026-07-21,RDS,ap-south-1,InstanceUsage:db.r5.xlarge,504.89,USD,456789012345
aws,2026-07-21,EKS,eu-west-1,Fargate-vCPU-Hours,237.64,USD,987654321098
aws,2026-07-21,CloudFront,eu-central-1,DataTransfer-Out-Bytes,12.08,USD,123456789012
aws,2026-07-21,Redshift,eu-central-1,NodeUsage:dc2.large,668.08,USD,123456789012
aws,2026-07-21,S3,eu-west-1,Requests-Tier2,100.75,USD,123456789012
aws,2026-07-21,ECS,us-west-2,Fargate-vCPU-Hours,10.04,USD,987654321098
aws,2026-07-21,DynamoDB,ap-southeast-1,TimedStorage-ByteHrs,63.12,USD,987654321098
aws,2026-07-21,RDS,ap-south-1,InstanceUsage:db.t3.medium,402.85,USD,987654321098
aws,2026-07-21,RDS,ap-south-1,InstanceUsage:db.r5.xlarge,659.38,USD,456789012345
aws,2026-07-22,DynamoDB,ap-south-1,TimedStorage-ByteHrs,15.05,USD,987654321098
aws,2026-07-22,ECS,us-east-1,Fargate-GB-Hours,14.96,USD,456789012345
aws,2026-07-22,EC2,ap-southeast-1,IPAddress:EIP,126.41,USD,456789012345
aws,2026-07-22,S3,us-west-2,DataTransfer-Out-Bytes,43.4,USD,123456789012
aws,2026-07-22,DynamoDB,ap-south-1,WriteCapacityUnits,73.37,USD,123456789012
aws,2026-07-22,CloudFront,ap-southeast-1,Requests-HTTP-Proxy,105.8,USD,987654321098
aws,2026-07-22,EKS,ap-south-1,EKS-Cluster-Hours,809.24,USD,987654321098
aws,2026-07-22,RDS,eu-west-1,RDS:Multi-AZ-Storage,808.74,USD,456789012345
aws,2026-07-22,CloudFront,eu-central-1,Requests-HTTP-Proxy,76.06,USD,456789012345
aws,2026-07-22,DynamoDB,us-west-2,TimedStorage-ByteHrs,58.19,USD,123456789012
aws,2026-07-22,EKS,us-west-2,EKS-Cluster-Hours,1121.85,USD,987654321098
aws,2026-07-22,Redshift,us-west-2,Storage-ByteHrs,879.81,USD,123456789012
aws,2026-07-23,EC2,eu-west-1,BoxUsage:m5.2xlarge,282.79,USD,987654321098
aws,2026-07-23,Redshift,ap-southeast-1,NodeUsage:dc2.large,1217.28,USD,123456789012
aws,2026-07-23,EC2,ap-south-1,DataTransfer-Out-Bytes,628.76,USD,987654321098
aws,2026-07-23,ECS,eu-central-1,Fargate-GB-Hours,76.06,USD,123456789012
aws,2026-07-23,Redshift,us-west-2,Storage-ByteHrs,1056.97,USD,123456789012
aws,2026-07-23,RDS,eu-central-1,InstanceUsage:db.t3.medium,1448.56,USD,456789012345
aws,2026-07-23,Lambda,us-west-2,Edge-ByteHrs,51.23,USD,123456789012
aws,2026-07-23,ElastiCache,us-east-1,NodeUsage:cache.t3.medium,555.86,USD,987654321098
aws,2026-07-24,S3,ap-southeast-1,TimedStorage-ByteHrs,88.43,USD,123456789012
aws,2026-07-24,ECS,eu-central-1,Fargate-vCPU-Hours,110.36,USD,987654321098
aws,2026-07-24,EKS,eu-west-1,EKS-Cluster-Hours,629.91,USD,456789012345
aws,2026-07-24,S3,eu-central-1,Requests-Tier1,21.06,USD,456789012345
aws,2026-07-24,EC2,eu-west-1,BoxUsage:t3.large,173.43,USD,987654321098
aws,2026-07-24,ECS,eu-central-1,Fargate-vCPU-Hours,16.03,USD,123456789012
aws,2026-07-24,CloudFront,ap-southeast-1,Requests-HTTP-Proxy,64.35,USD,456789012345
aws,2026-07-24,DynamoDB,eu-west-1,WriteCapacityUnits,83.45,USD,123456789012
aws,2026-07-24,RDS,us-west-2,RDS:ChargedBackupUsage,139.24,USD,123456789012
aws,2026-07-24,EKS,eu-west-1,Fargate-vCPU-Hours,1287.24,USD,987654321098
aws,2026-07-24,Redshift,ap-south-1,Storage-ByteHrs,315.99,USD,987654321098
aws,2026-07-24,S3,ap-south-1,Requests-Tier1,47.53,USD,123456789012
aws,2026-07-24,CloudFront,us-east-1,DataTransfer-Out-Bytes,69.07,USD,123456789012
aws,2026-07-25,S3,eu-west-1,TimedStorage-ByteHrs,114.64,USD,987654321098
aws,2026-07-25,EC2,us-west-2,BoxUsage:m5.2xlarge,524.28,USD,456789012345
aws,2026-07-25,Redshift,ap-southeast-1,NodeUsage:dc2.large,662.07,USD,987654321098
aws,2026-07-25,EKS,eu-west-1,Fargate-vCPU-Hours,655.95,USD,456789012345
aws,2026-07-25,ElastiCache,ap-south-1,NodeUsage:cache.r5.large,33.95,USD,987654321098
aws,2026-07-25,RDS,eu-west-1,RDS:ChargedBackupUsage,1126.74,USD,987654321098
aws,2026-07-25,EKS,ap-southeast-1,Fargate-vCPU-Hours,519.93,USD,123456789012
aws,2026-07-25,ECS,eu-central-1,Fargate-GB-Hours,72.48,USD,456789012345
aws,2026-07-25,DynamoDB,us-east-1,WriteCapacityUnits,1.81,USD,123456789012
aws,2026-07-25,EC2,ap-south-1,BoxUsage:m5.2xlarge,329.03,USD,987654321098
aws,2026-07-26,DynamoDB,eu-central-1,ReadCapacityUnits,30.65,USD,987654321098
aws,2026-07-26,EC2,ap-south-1,BoxUsage:m5.2xlarge,186.3,USD,456789012345
aws,2026-07-26,EKS,ap-southeast-1,EKS-Cluster-Hours,850.57,USD,456789012345
aws,2026-07-26,ECS,eu-central-1,Fargate-GB-Hours,100.29,USD,123456789012
aws,2026-07-26,DynamoDB,eu-west-1,WriteCapacityUnits,22.33,USD,123456789012
aws,2026-07-26,EKS,ap-south-1,Fargate-vCPU-Hours,864.17,USD,987654321098
aws,2026-07-26,Lambda,us-west-2,RequestCount,4.56,USD,987654321098
aws,2026-07-26,CloudFront,eu-central-1,Requests-HTTP-Proxy,72.87,USD,123456789012
aws,2026-07-26,S3,us-east-1,DataTransfer-Out-Bytes,70.43,USD,987654321098
aws,2026-07-27,CloudFront,eu-central-1,DataTransfer-Out-Bytes,77.59,USD,456789012345
aws,2026-07-27,EKS,ap-south-1,EKS-Cluster-Hours,1120.76,USD,123456789012
aws,2026-07-27,Redshift,us-west-2,NodeUsage:dc2.large,225.42,USD,987654321098
aws,2026-07-27,DynamoDB,eu-west-1,ReadCapacityUnits,14.68,USD,987654321098
aws,2026-07-27,Redshift,us-east-1,Storage-ByteHrs,142.58,USD,987654321098
aws,2026-07-27,CloudFront,ap-south-1,DataTransfer-Out-Bytes,75.74,USD,987654321098
aws,2026-07-27,CloudFront,eu-central-1,DataTransfer-Out-Bytes,117.26,USD,456789012345
aws,2026-07-28,EKS,ap-southeast-1,Fargate-vCPU-Hours,1098.44,USD,123456789012
aws,2026-07-28,RDS,us-east-1,InstanceUsage:db.r5.xlarge,1311.06,USD,123456789012
aws,2026-07-28,DynamoDB,us-west-2,WriteCapacityUnits,88.82,USD,456789012345
aws,2026-07-28,DynamoDB,eu-central-1,TimedStorage-ByteHrs,8.22,USD,123456789012
aws,2026-07-28,ElastiCache,us-east-1,NodeUsage:cache.r5.large,504.06,USD,123456789012
aws,2026-07-28,S3,us-east-1,DataTransfer-Out-Bytes,50.78,USD,987654321098
aws,2026-07-28,Lambda,eu-west-1,Edge-ByteHrs,113.7,USD,123456789012
aws,2026-07-28,ECS,us-west-2,Fargate-vCPU-Hours,89.27,USD,987654321098
aws,2026-07-29,ElastiCache,eu-west-1,NodeUsage:cache.t3.medium,148.79,USD,123456789012
aws,2026-07-29,RDS,ap-southeast-1,InstanceUsage:db.r5.xlarge,324.08,USD,123456789012
aws,2026-07-29,ECS,us-east-1,Fargate-vCPU-Hours,79.54,USD,987654321098
aws,2026-07-29,S3,us-east-1,DataTransfer-Out-Bytes,66.78,USD,987654321098
aws,2026-07-29,Lambda,us-west-2,Edge-ByteHrs,18.85,USD,987654321098
aws,2026-07-29,RDS,us-east-1,RDS:ChargedBackupUsage,1163.82,USD,456789012345
aws,2026-07-29,RDS,us-west-2,RDS:Multi-AZ-Storage,119.57,USD,456789012345
aws,2026-07-29,EKS,us-east-1,Fargate-vCPU-Hours,303.46,USD,987654321098
aws,2026-07-29,EKS,eu-central-1,Fargate-vCPU-Hours,267.84,USD,987654321098
aws,2026-07-30,ElastiCache,eu-central-1,NodeUsage:cache.t3.medium,268.35,USD,456789012345
aws,2026-07-30,DynamoDB,us-west-2,TimedStorage-ByteHrs,90.01,USD,123456789012
aws,2026-07-30,ECS,eu-west-1,Fargate-vCPU-Hours,70.4,USD,456789012345
aws,2026-07-30,EC2,ap-southeast-1,BoxUsage:c5.xlarge,146.81,USD,456789012345
aws,2026-07-30,DynamoDB,us-east-1,WriteCapacityUnits,72.84,USD,987654321098
aws,2026-07-30,DynamoDB,us-west-2,WriteCapacityUnits,15.92,USD,123456789012
aws,2026-07-30,Lambda,eu-west-1,Lambda-GB-Second,109.92,USD,123456789012
aws,2026-07-30,CloudFront,ap-southeast-1,DataTransfer-Out-Bytes,85.44,USD,123456789012
aws,2026-07-30,S3,us-west-2,Requests-Tier1,85.38,USD,987654321098
aws,2026-07-30,EKS,ap-south-1,EKS-Cluster-Hours,1195.73,USD,987654321098
aws,2026-07-31,ElastiCache,eu-west-1,NodeUsage:cache.t3.medium,307.07,USD,123456789012
aws,2026-07-31,Lambda,ap-southeast-1,RequestCount,99.43,USD,987654321098
aws,2026-07-31,EKS,us-east-1,EKS-Cluster-Hours,638.63,USD,987654321098
aws,2026-07-31,EC2,eu-west-1,BoxUsage:t3.large,235.84,USD,123456789012
